runtime,python,free_threaded_build,gil_enabled,numpy,commit,kernel,kernel_parameters,width,height,events_per_call,interval_ms,distribution,level,statistic,events_per_s,run_min_events_per_s,run_max_events_per_s,runs,timed_calls_per_run,latency_samples,latency_p50_us,latency_p95_us,latency_p99_us,latency_max_us,peak_temporary_mib,stage1,level_result,cell_verdict
cpython-3.11.14,3.11.14,False,True,2.4.6,6a0fa27,event_count,,346,260,10000,16,uniform,kernel,median_call,449438202,439560440,481927711,5,50,250,22.291,26.250,30.417,52.750,0.14,clear_pass,pass,PASS
cpython-3.11.14,3.11.14,False,True,2.4.6,6a0fa27,event_count,,346,260,10000,16,clustered,kernel,median_call,505804102,494327591,536898338,5,50,250,19.792,24.083,29.041,37.708,0.14,clear_pass,pass,PASS
cpython-3.11.14,3.11.14,False,True,2.4.6,6a0fa27,event_count,,346,260,100000,0,uniform,kernel,median_call,500782473,495611361,504571417,5,20,100,200.041,210.167,212.375,212.542,0.83,clear_pass,pass,PASS
cpython-3.11.14,3.11.14,False,True,2.4.6,6a0fa27,event_count,,346,260,100000,0,clustered,kernel,median_call,587012926,585293334,588666406,5,20,100,170.292,182.250,201.666,214.750,0.83,clear_pass,pass,PASS
cpython-3.11.14,3.11.14,False,True,2.4.6,6a0fa27,event_count,,346,260,100000,16,uniform,kernel,median_call,496689564,496122800,500521794,5,20,100,200.750,235.459,254.250,306.292,0.83,clear_pass,pass,PASS
cpython-3.11.14,3.11.14,False,True,2.4.6,6a0fa27,event_count,,346,260,100000,16,clustered,kernel,median_call,586223169,584296449,589245677,5,20,100,170.375,176.041,179.000,186.917,0.83,clear_pass,pass,PASS
cpython-3.11.14,3.11.14,False,True,2.4.6,6a0fa27,event_count,,346,260,1000000,0,uniform,kernel,median_call,431065512,418577823,438620538,5,7,35,2319.833,2497.167,2625.458,2625.458,7.69,clear_pass,pass,PASS
cpython-3.11.14,3.11.14,False,True,2.4.6,6a0fa27,event_count,,346,260,1000000,0,clustered,kernel,median_call,499615047,422185867,503535321,5,7,35,2018.709,2807.958,2993.916,2993.916,7.69,clear_pass,pass,PASS
cpython-3.11.14,3.11.14,False,True,2.4.6,6a0fa27,event_count,,346,260,1000000,16,uniform,kernel,median_call,431701201,423728814,434255649,5,7,35,2319.708,2415.500,2461.166,2461.166,7.69,clear_pass,pass,PASS
cpython-3.11.14,3.11.14,False,True,2.4.6,6a0fa27,event_count,,346,260,1000000,16,clustered,kernel,median_call,498431933,450721289,509013872,5,7,35,2021.958,2376.000,2524.208,2524.208,7.69,clear_pass,pass,PASS
cpython-3.11.14,3.11.14,False,True,2.4.6,6a0fa27,event_count,,640,480,10000,16,uniform,kernel,median_call,430107527,424034262,441988950,5,50,250,23.333,28.417,45.917,47.292,0.14,clear_pass,pass,PASS
cpython-3.11.14,3.11.14,False,True,2.4.6,6a0fa27,event_count,,640,480,10000,16,clustered,kernel,median_call,494853523,483863163,498964648,5,50,250,20.291,22.875,28.666,31.042,0.14,clear_pass,pass,PASS
cpython-3.11.14,3.11.14,False,True,2.4.6,6a0fa27,event_count,,640,480,100000,0,uniform,kernel,median_call,477280266,475011994,490095176,5,20,100,209.750,218.791,227.500,239.083,0.83,clear_pass,pass,PASS
cpython-3.11.14,3.11.14,False,True,2.4.6,6a0fa27,event_count,,640,480,100000,0,clustered,kernel,median_call,581324373,575952265,582453586,5,20,100,172.250,184.292,187.959,222.417,0.83,clear_pass,pass,PASS
cpython-3.11.14,3.11.14,False,True,2.4.6,6a0fa27,event_count,,640,480,100000,16,uniform,kernel,median_call,474636606,442477876,478134891,5,20,100,210.459,235.959,312.958,470.250,0.83,clear_pass,pass,PASS
cpython-3.11.14,3.11.14,False,True,2.4.6,6a0fa27,event_count,,640,480,100000,16,clustered,kernel,median_call,579849645,578034682,594648756,5,20,100,172.458,181.834,187.292,208.375,0.83,clear_pass,pass,PASS
cpython-3.11.14,3.11.14,False,True,2.4.6,6a0fa27,event_count,,640,480,1000000,0,uniform,kernel,median_call,417572800,395282853,420587771,5,7,35,2410.250,2748.125,2812.667,2812.667,7.69,clear_pass,pass,PASS
cpython-3.11.14,3.11.14,False,True,2.4.6,6a0fa27,event_count,,640,480,1000000,0,clustered,kernel,median_call,495509446,482800241,504011173,5,7,35,2018.125,2148.792,2192.167,2192.167,7.69,clear_pass,pass,PASS
cpython-3.11.14,3.11.14,False,True,2.4.6,6a0fa27,event_count,,640,480,1000000,16,uniform,kernel,median_call,418402864,406263280,420668805,5,7,35,2398.292,2518.292,2622.959,2622.959,7.69,clear_pass,pass,PASS
cpython-3.11.14,3.11.14,False,True,2.4.6,6a0fa27,event_count,,640,480,1000000,16,clustered,kernel,median_call,496380641,460599618,501777043,5,7,35,2014.500,2566.208,3257.958,3257.958,7.69,clear_pass,pass,PASS
cpython-3.11.14,3.11.14,False,True,2.4.6,6a0fa27,event_count,,1280,720,10000,16,uniform,kernel,median_call,417754569,407822026,418488837,5,50,250,24.167,42.834,53.417,53.750,0.14,clear_pass,pass,PASS
cpython-3.11.14,3.11.14,False,True,2.4.6,6a0fa27,event_count,,1280,720,10000,16,clustered,kernel,median_call,457142857,133407152,467388002,5,50,250,22.209,107.667,112.833,302.208,0.14,clear_pass,pass,PASS
cpython-3.11.14,3.11.14,False,True,2.4.6,6a0fa27,event_count,,1280,720,100000,0,uniform,kernel,median_call,462250327,459067267,466609429,5,20,100,215.875,235.083,270.500,365.792,0.83,clear_pass,pass,PASS
cpython-3.11.14,3.11.14,False,True,2.4.6,6a0fa27,event_count,,1280,720,100000,0,clustered,kernel,median_call,545641552,510583111,547819132,5,20,100,184.250,203.125,210.875,235.209,0.83,clear_pass,pass,PASS
cpython-3.11.14,3.11.14,False,True,2.4.6,6a0fa27,event_count,,1280,720,100000,16,uniform,kernel,median_call,466155915,383050036,467199118,5,20,100,215.875,307.375,521.875,570.708,0.83,clear_pass,pass,PASS
cpython-3.11.14,3.11.14,False,True,2.4.6,6a0fa27,event_count,,1280,720,100000,16,clustered,kernel,median_call,545393065,539387418,548823323,5,20,100,184.291,199.042,263.292,365.083,0.83,clear_pass,pass,PASS
cpython-3.11.14,3.11.14,False,True,2.4.6,6a0fa27,event_count,,1280,720,1000000,0,uniform,kernel,median_call,407331976,372659327,411706292,5,7,35,2469.834,2717.792,2928.166,2928.166,7.69,clear_pass,pass,PASS
cpython-3.11.14,3.11.14,False,True,2.4.6,6a0fa27,event_count,,1280,720,1000000,0,clustered,kernel,median_call,469814423,445839625,471781565,5,7,35,2149.334,2297.208,2864.375,2864.375,7.69,clear_pass,pass,PASS
cpython-3.11.14,3.11.14,False,True,2.4.6,6a0fa27,event_count,,1280,720,1000000,16,uniform,kernel,median_call,393707143,380083618,408628936,5,7,35,2519.334,2943.959,3044.500,3044.500,7.69,clear_pass,pass,PASS
cpython-3.11.14,3.11.14,False,True,2.4.6,6a0fa27,event_count,,1280,720,1000000,16,clustered,kernel,median_call,463983297,438060252,468384075,5,7,35,2161.791,2594.917,2659.417,2659.417,7.69,clear_pass,pass,PASS
cpython-3.11.14,3.11.14,False,True,2.4.6,6a0fa27,polarity,,346,260,10000,16,uniform,kernel,median_call,307295188,306899092,312500000,5,50,250,32.375,36.958,47.834,407.833,0.15,clear_pass,pass,PASS
cpython-3.11.14,3.11.14,False,True,2.4.6,6a0fa27,polarity,,346,260,10000,16,clustered,kernel,median_call,344328903,243655812,351135925,5,50,250,29.208,43.083,45.958,49.917,0.15,clear_pass,pass,PASS
cpython-3.11.14,3.11.14,False,True,2.4.6,6a0fa27,polarity,,346,260,100000,0,uniform,kernel,median_call,351802990,348964013,353825741,5,20,100,284.250,296.125,301.667,310.500,0.92,clear_pass,pass,PASS
cpython-3.11.14,3.11.14,False,True,2.4.6,6a0fa27,polarity,,346,260,100000,0,clustered,kernel,median_call,404074689,387160219,404995211,5,20,100,248.709,262.292,269.958,274.458,0.92,clear_pass,pass,PASS
cpython-3.11.14,3.11.14,False,True,2.4.6,6a0fa27,polarity,,346,260,100000,16,uniform,kernel,median_call,353149119,347927137,354531354,5,20,100,283.791,299.000,319.459,326.833,0.92,clear_pass,pass,PASS
cpython-3.11.14,3.11.14,False,True,2.4.6,6a0fa27,polarity,,346,260,100000,16,clustered,kernel,median_call,403395786,325755182,405130574,5,20,100,249.625,384.083,487.875,621.500,0.92,clear_pass,pass,PASS
cpython-3.11.14,3.11.14,False,True,2.4.6,6a0fa27,polarity,,346,260,1000000,0,uniform,kernel,median_call,315722939,302430848,318708136,5,7,35,3200.000,3420.667,3446.833,3446.833,8.65,clear_pass,pass,PASS
cpython-3.11.14,3.11.14,False,True,2.4.6,6a0fa27,polarity,,346,260,1000000,0,clustered,kernel,median_call,362636279,335509448,364724968,5,7,35,2782.208,3226.083,3294.625,3294.625,8.65,clear_pass,pass,PASS
cpython-3.11.14,3.11.14,False,True,2.4.6,6a0fa27,polarity,,346,260,1000000,16,uniform,kernel,median_call,300552295,290430293,304912909,5,7,35,3327.208,3706.500,3825.333,3825.333,8.65,clear_pass,pass,PASS
cpython-3.11.14,3.11.14,False,True,2.4.6,6a0fa27,polarity,,346,260,1000000,16,clustered,kernel,median_call,354039699,346715632,361734561,5,7,35,2828.750,3172.708,3180.166,3180.166,8.65,clear_pass,pass,PASS
cpython-3.11.14,3.11.14,False,True,2.4.6,6a0fa27,polarity,,640,480,10000,16,uniform,kernel,median_call,302645118,301886792,307295188,5,50,250,33.000,45.375,62.000,316.625,0.15,clear_pass,pass,PASS
cpython-3.11.14,3.11.14,False,True,2.4.6,6a0fa27,polarity,,640,480,10000,16,clustered,kernel,median_call,327863478,324107085,331257453,5,50,250,30.459,35.541,42.208,73.958,0.15,clear_pass,pass,PASS
cpython-3.11.14,3.11.14,False,True,2.4.6,6a0fa27,polarity,,640,480,100000,0,uniform,kernel,median_call,344827586,343323474,347448426,5,20,100,289.584,302.625,311.875,342.167,0.92,clear_pass,pass,PASS
cpython-3.11.14,3.11.14,False,True,2.4.6,6a0fa27,polarity,,640,480,100000,0,clustered,kernel,median_call,389768575,382469876,394347424,5,20,100,256.042,346.417,389.541,453.209,0.92,clear_pass,pass,PASS
cpython-3.11.14,3.11.14,False,True,2.4.6,6a0fa27,polarity,,640,480,100000,16,uniform,kernel,median_call,346120765,334634504,348330712,5,20,100,290.125,307.625,352.458,367.625,0.92,clear_pass,pass,PASS
cpython-3.11.14,3.11.14,False,True,2.4.6,6a0fa27,polarity,,640,480,100000,16,clustered,kernel,median_call,391805006,388978678,393474617,5,20,100,255.125,286.250,327.208,524.958,0.92,clear_pass,pass,PASS
cpython-3.11.14,3.11.14,False,True,2.4.6,6a0fa27,polarity,,640,480,1000000,0,uniform,kernel,median_call,310643420,295464618,311878679,5,7,35,3278.583,3749.917,3755.458,3755.458,8.65,clear_pass,pass,PASS
cpython-3.11.14,3.11.14,False,True,2.4.6,6a0fa27,polarity,,640,480,1000000,0,clustered,kernel,median_call,349157013,337329678,353648432,5,7,35,2884.584,3234.750,3279.583,3279.583,8.65,clear_pass,pass,PASS
cpython-3.11.14,3.11.14,False,True,2.4.6,6a0fa27,polarity,,640,480,1000000,16,uniform,kernel,median_call,310097519,295766808,310233839,5,7,35,3245.416,3664.541,3930.375,3930.375,8.65,clear_pass,pass,PASS
cpython-3.11.14,3.11.14,False,True,2.4.6,6a0fa27,polarity,,640,480,1000000,16,clustered,kernel,median_call,354594211,337590690,355145166,5,7,35,2838.666,3129.917,3136.416,3136.416,8.65,clear_pass,pass,PASS
cpython-3.11.14,3.11.14,False,True,2.4.6,6a0fa27,polarity,,1280,720,10000,16,uniform,kernel,median_call,258064516,195043934,274284460,5,50,250,41.084,61.833,69.375,583.000,0.15,clear_pass,pass,PASS
cpython-3.11.14,3.11.14,False,True,2.4.6,6a0fa27,polarity,,1280,720,10000,16,clustered,kernel,median_call,305927342,213618158,312090381,5,50,250,33.084,47.709,58.625,103.125,0.15,clear_pass,pass,PASS
cpython-3.11.14,3.11.14,False,True,2.4.6,6a0fa27,polarity,,1280,720,100000,0,uniform,kernel,median_call,336511686,234673200,338266385,5,20,100,302.834,443.166,522.042,694.208,0.92,clear_pass,pass,PASS
cpython-3.11.14,3.11.14,False,True,2.4.6,6a0fa27,polarity,,1280,720,100000,0,clustered,kernel,median_call,345671501,317439659,363278369,5,20,100,285.666,341.250,347.500,388.875,0.92,clear_pass,pass,PASS
cpython-3.11.14,3.11.14,False,True,2.4.6,6a0fa27,polarity,,1280,720,100000,16,uniform,kernel,median_call,331927069,317817484,338552687,5,20,100,302.459,414.958,474.375,634.500,0.92,clear_pass,pass,PASS
cpython-3.11.14,3.11.14,False,True,2.4.6,6a0fa27,polarity,,1280,720,100000,16,clustered,kernel,median_call,352345298,288843284,361092304,5,20,100,282.167,392.917,434.584,509.375,0.92,clear_pass,pass,PASS
cpython-3.11.14,3.11.14,False,True,2.4.6,6a0fa27,polarity,,1280,720,1000000,0,uniform,kernel,median_call,297644826,250608226,303137412,5,7,35,3436.208,4125.500,4354.791,4354.791,8.65,clear_pass,pass,PASS
cpython-3.11.14,3.11.14,False,True,2.4.6,6a0fa27,polarity,,1280,720,1000000,0,clustered,kernel,median_call,328160216,304982654,333500083,5,7,35,3072.833,3527.250,3760.417,3760.417,8.65,clear_pass,pass,PASS
cpython-3.11.14,3.11.14,False,True,2.4.6,6a0fa27,polarity,,1280,720,1000000,16,uniform,kernel,median_call,276644305,261358169,294648448,5,7,35,3607.750,4229.334,4517.042,4517.042,8.65,clear_pass,pass,PASS
cpython-3.11.14,3.11.14,False,True,2.4.6,6a0fa27,polarity,,1280,720,1000000,16,clustered,kernel,median_call,330201046,158149649,333690159,5,7,35,3089.583,6932.000,7320.084,7320.084,8.65,clear_pass,pass,PASS
cpython-3.11.14,3.11.14,False,True,2.4.6,6a0fa27,time_surface,,346,260,10000,16,uniform,kernel,median_call,367538959,354503075,390556348,5,50,250,25.959,151.625,201.417,348.416,0.16,clear_pass,pass,PASS
cpython-3.11.14,3.11.14,False,True,2.4.6,6a0fa27,time_surface,,346,260,10000,16,clustered,kernel,median_call,386473430,364185953,437158470,5,50,250,23.417,53.500,156.666,308.583,0.16,clear_pass,pass,PASS
cpython-3.11.14,3.11.14,False,True,2.4.6,6a0fa27,time_surface,,346,260,100000,0,uniform,kernel,median_call,397647517,393410376,409556594,5,20,100,245.541,363.250,440.291,658.833,1.53,clear_pass,pass,PASS
cpython-3.11.14,3.11.14,False,True,2.4.6,6a0fa27,time_surface,,346,260,100000,0,clustered,kernel,median_call,458321398,443295816,460696804,5,20,100,222.500,298.292,322.291,328.833,1.53,clear_pass,pass,PASS
cpython-3.11.14,3.11.14,False,True,2.4.6,6a0fa27,time_surface,,346,260,100000,16,uniform,kernel,median_call,401942185,379987574,410115919,5,20,100,254.292,388.167,453.333,455.167,1.53,clear_pass,pass,PASS
cpython-3.11.14,3.11.14,False,True,2.4.6,6a0fa27,time_surface,,346,260,100000,16,clustered,kernel,median_call,459110473,456578266,467654665,5,20,100,215.083,291.625,318.500,368.417,1.53,clear_pass,pass,PASS
cpython-3.11.14,3.11.14,False,True,2.4.6,6a0fa27,time_surface,,346,260,1000000,0,uniform,kernel,median_call,310969447,302274616,313434623,5,7,35,3215.792,3453.583,3508.500,3508.500,15.26,clear_pass,pass,PASS
cpython-3.11.14,3.11.14,False,True,2.4.6,6a0fa27,time_surface,,346,260,1000000,0,clustered,kernel,median_call,353940580,350370078,357084448,5,7,35,2811.250,3082.417,3386.375,3386.375,15.26,clear_pass,pass,PASS
cpython-3.11.14,3.11.14,False,True,2.4.6,6a0fa27,time_surface,,346,260,1000000,16,uniform,kernel,median_call,312426775,294132008,322854030,5,7,35,3203.250,3615.042,3625.208,3625.208,15.26,clear_pass,pass,PASS
cpython-3.11.14,3.11.14,False,True,2.4.6,6a0fa27,time_surface,,346,260,1000000,16,clustered,kernel,median_call,351658615,342167997,361342430,5,7,35,2828.291,3061.250,3164.916,3164.916,15.26,clear_pass,pass,PASS
cpython-3.11.14,3.11.14,False,True,2.4.6,6a0fa27,time_surface,,640,480,10000,16,uniform,kernel,median_call,341395968,334963489,379744432,5,50,250,28.750,178.917,224.208,248.667,0.16,clear_pass,pass,PASS
cpython-3.11.14,3.11.14,False,True,2.4.6,6a0fa27,time_surface,,640,480,10000,16,clustered,kernel,median_call,403364056,356875201,407124682,5,50,250,24.791,49.500,157.958,319.000,0.16,clear_pass,pass,PASS
cpython-3.11.14,3.11.14,False,True,2.4.6,6a0fa27,time_surface,,640,480,100000,0,uniform,kernel,median_call,395386629,380560223,401204416,5,20,100,253.417,384.042,420.166,522.458,1.53,clear_pass,pass,PASS
cpython-3.11.14,3.11.14,False,True,2.4.6,6a0fa27,time_surface,,640,480,100000,0,clustered,kernel,median_call,439479305,429261006,448011612,5,20,100,229.583,365.917,413.959,637.667,1.53,clear_pass,pass,PASS
cpython-3.11.14,3.11.14,False,True,2.4.6,6a0fa27,time_surface,,640,480,100000,16,uniform,kernel,median_call,391102420,378071834,394477318,5,20,100,261.000,366.542,412.250,433.500,1.53,clear_pass,pass,PASS
cpython-3.11.14,3.11.14,False,True,2.4.6,6a0fa27,time_surface,,640,480,100000,16,clustered,kernel,median_call,434036255,426136666,460476178,5,20,100,222.584,322.875,357.583,382.625,1.53,clear_pass,pass,PASS
cpython-3.11.14,3.11.14,False,True,2.4.6,6a0fa27,time_surface,,640,480,1000000,0,uniform,kernel,median_call,299487098,291988535,302446032,5,7,35,3328.083,3564.959,3638.792,3638.792,15.26,clear_pass,pass,PASS
cpython-3.11.14,3.11.14,False,True,2.4.6,6a0fa27,time_surface,,640,480,1000000,0,clustered,kernel,median_call,333430584,325728443,348776457,5,7,35,2972.958,3248.792,3406.791,3406.791,15.26,clear_pass,pass,PASS
cpython-3.11.14,3.11.14,False,True,2.4.6,6a0fa27,time_surface,,640,480,1000000,16,uniform,kernel,median_call,297290966,286273173,301962728,5,7,35,3361.375,3937.875,4199.125,4199.125,15.26,clear_pass,pass,PASS
cpython-3.11.14,3.11.14,False,True,2.4.6,6a0fa27,time_surface,,640,480,1000000,16,clustered,kernel,median_call,328645533,316034850,332751019,5,7,35,3058.334,3573.833,4257.375,4257.375,15.26,clear_pass,pass,PASS
cpython-3.11.14,3.11.14,False,True,2.4.6,6a0fa27,time_surface,,1280,720,10000,16,uniform,kernel,median_call,252232255,229668588,265484376,5,50,250,41.167,189.208,275.125,316.458,0.16,clear_pass,pass,PASS
cpython-3.11.14,3.11.14,False,True,2.4.6,6a0fa27,time_surface,,1280,720,10000,16,clustered,kernel,median_call,335902991,329896907,405745354,5,50,250,27.166,43.209,204.709,313.541,0.16,clear_pass,pass,PASS
cpython-3.11.14,3.11.14,False,True,2.4.6,6a0fa27,time_surface,,1280,720,100000,0,uniform,kernel,median_call,373977172,363718366,379356914,5,20,100,267.542,424.000,462.292,648.875,1.53,clear_pass,pass,PASS
cpython-3.11.14,3.11.14,False,True,2.4.6,6a0fa27,time_surface,,1280,720,100000,0,clustered,kernel,median_call,398273881,388632499,415297052,5,20,100,248.500,328.958,353.250,374.542,1.53,clear_pass,pass,PASS
cpython-3.11.14,3.11.14,False,True,2.4.6,6a0fa27,time_surface,,1280,720,100000,16,uniform,kernel,median_call,367505866,188931629,368946510,5,20,100,285.834,783.959,1376.333,2569.542,1.53,clear_pass,pass,PASS
cpython-3.11.14,3.11.14,False,True,2.4.6,6a0fa27,time_surface,,1280,720,100000,16,clustered,kernel,median_call,397944220,344308749,430570506,5,20,100,251.083,409.750,721.583,913.208,1.53,clear_pass,pass,PASS
cpython-3.11.14,3.11.14,False,True,2.4.6,6a0fa27,time_surface,,1280,720,1000000,0,uniform,kernel,median_call,284768448,276995573,287759433,5,7,35,3517.250,3940.375,4233.083,4233.083,15.26,clear_pass,pass,PASS
cpython-3.11.14,3.11.14,False,True,2.4.6,6a0fa27,time_surface,,1280,720,1000000,0,clustered,kernel,median_call,310374228,305685786,320804115,5,7,35,3184.959,3574.167,3700.833,3700.833,15.26,clear_pass,pass,PASS
cpython-3.11.14,3.11.14,False,True,2.4.6,6a0fa27,time_surface,,1280,720,1000000,16,uniform,kernel,median_call,284323133,205117686,291467267,5,7,35,3523.208,5084.333,5239.167,5239.167,15.26,clear_pass,pass,PASS
cpython-3.11.14,3.11.14,False,True,2.4.6,6a0fa27,time_surface,,1280,720,1000000,16,clustered,kernel,median_call,308657885,300868698,314251263,5,7,35,3192.208,3624.292,3767.833,3767.833,15.26,clear_pass,pass,PASS
cpython-3.11.14,3.11.14,False,True,2.4.6,6a0fa27,exp_decay,decay=0.95,346,260,10000,16,uniform,kernel,median_call,433990105,432816118,437953008,5,50,250,23.042,27.208,36.792,39.541,0.14,clear_pass,pass,PASS
cpython-3.11.14,3.11.14,False,True,2.4.6,6a0fa27,exp_decay,decay=0.95,346,260,10000,16,clustered,kernel,median_call,326312183,310481868,504731861,5,50,250,22.458,200.000,214.916,488.959,0.14,clear_pass,pass,PASS
cpython-3.11.14,3.11.14,False,True,2.4.6,6a0fa27,exp_decay,decay=0.95,346,260,100000,0,uniform,kernel,median_call,483967371,480961153,487013778,5,20,100,206.792,220.333,226.292,230.167,0.83,clear_pass,pass,PASS
cpython-3.11.14,3.11.14,False,True,2.4.6,6a0fa27,exp_decay,decay=0.95,346,260,100000,0,clustered,kernel,median_call,596125186,593471810,598354525,5,20,100,167.750,178.625,181.167,184.667,0.83,clear_pass,pass,PASS
cpython-3.11.14,3.11.14,False,True,2.4.6,6a0fa27,exp_decay,decay=0.95,346,260,100000,16,uniform,kernel,median_call,484360015,483237693,486518570,5,20,100,206.458,217.000,222.000,224.500,0.83,clear_pass,pass,PASS
cpython-3.11.14,3.11.14,False,True,2.4.6,6a0fa27,exp_decay,decay=0.95,346,260,100000,16,clustered,kernel,median_call,596792242,579079033,598725314,5,20,100,167.667,175.708,183.875,186.709,0.83,clear_pass,pass,PASS
cpython-3.11.14,3.11.14,False,True,2.4.6,6a0fa27,exp_decay,decay=0.95,346,260,1000000,0,uniform,kernel,median_call,423228113,416189783,425283079,5,7,35,2369.875,2564.750,2566.375,2566.375,7.69,clear_pass,pass,PASS
cpython-3.11.14,3.11.14,False,True,2.4.6,6a0fa27,exp_decay,decay=0.95,346,260,1000000,0,clustered,kernel,median_call,506136910,493269097,514105777,5,7,35,1961.958,2106.666,2275.584,2275.584,7.69,clear_pass,pass,PASS
cpython-3.11.14,3.11.14,False,True,2.4.6,6a0fa27,exp_decay,decay=0.95,346,260,1000000,16,uniform,kernel,median_call,427251466,415786066,428579204,5,7,35,2344.709,2510.583,2841.792,2841.792,7.69,clear_pass,pass,PASS
cpython-3.11.14,3.11.14,False,True,2.4.6,6a0fa27,exp_decay,decay=0.95,346,260,1000000,16,clustered,kernel,median_call,511770727,505380023,514778519,5,7,35,1961.750,2110.500,2469.209,2469.209,7.69,clear_pass,pass,PASS
cpython-3.11.14,3.11.14,False,True,2.4.6,6a0fa27,exp_decay,decay=0.95,640,480,10000,16,uniform,kernel,median_call,427049303,421789653,429719393,5,50,250,23.500,35.166,47.166,50.833,0.14,clear_pass,pass,PASS
cpython-3.11.14,3.11.14,False,True,2.4.6,6a0fa27,exp_decay,decay=0.95,640,480,10000,16,clustered,kernel,median_call,483372003,454555785,490304234,5,50,250,20.750,26.416,29.292,61.834,0.14,clear_pass,pass,PASS
cpython-3.11.14,3.11.14,False,True,2.4.6,6a0fa27,exp_decay,decay=0.95,640,480,100000,0,uniform,kernel,median_call,472208187,471790468,474871013,5,20,100,211.708,226.916,234.417,235.459,0.83,clear_pass,pass,PASS
cpython-3.11.14,3.11.14,False,True,2.4.6,6a0fa27,exp_decay,decay=0.95,640,480,100000,0,clustered,kernel,median_call,569800570,569126050,573545775,5,20,100,175.333,188.375,328.375,643.084,0.83,clear_pass,pass,PASS
cpython-3.11.14,3.11.14,False,True,2.4.6,6a0fa27,exp_decay,decay=0.95,640,480,100000,16,uniform,kernel,median_call,474683920,471050419,475387976,5,20,100,211.208,222.958,226.042,236.334,0.83,clear_pass,pass,PASS
cpython-3.11.14,3.11.14,False,True,2.4.6,6a0fa27,exp_decay,decay=0.95,640,480,100000,16,clustered,kernel,median_call,572313204,553314631,573340252,5,20,100,175.208,186.458,187.459,192.375,0.83,clear_pass,pass,PASS
cpython-3.11.14,3.11.14,False,True,2.4.6,6a0fa27,exp_decay,decay=0.95,640,480,1000000,0,uniform,kernel,median_call,412116217,403646217,417631046,5,7,35,2425.667,2566.416,2567.583,2567.583,7.69,clear_pass,pass,PASS
cpython-3.11.14,3.11.14,False,True,2.4.6,6a0fa27,exp_decay,decay=0.95,640,480,1000000,0,clustered,kernel,median_call,490326351,470578934,492206646,5,7,35,2063.667,2173.750,2174.750,2174.750,7.69,clear_pass,pass,PASS
cpython-3.11.14,3.11.14,False,True,2.4.6,6a0fa27,exp_decay,decay=0.95,640,480,1000000,16,uniform,kernel,median_call,411904026,396065799,414221551,5,7,35,2427.750,2555.833,2571.333,2571.333,7.69,clear_pass,pass,PASS
cpython-3.11.14,3.11.14,False,True,2.4.6,6a0fa27,exp_decay,decay=0.95,640,480,1000000,16,clustered,kernel,median_call,487270069,469575499,491924324,5,7,35,2057.541,2171.792,2364.042,2364.042,7.69,clear_pass,pass,PASS
cpython-3.11.14,3.11.14,False,True,2.4.6,6a0fa27,exp_decay,decay=0.95,1280,720,10000,16,uniform,kernel,median_call,345327716,43624498,371802499,5,50,250,30.084,237.041,257.084,641.708,0.14,clear_pass,pass,PASS
cpython-3.11.14,3.11.14,False,True,2.4.6,6a0fa27,exp_decay,decay=0.95,1280,720,10000,16,clustered,kernel,median_call,439966563,431657782,444849752,5,50,250,22.875,27.167,33.625,36.500,0.14,clear_pass,pass,PASS
cpython-3.11.14,3.11.14,False,True,2.4.6,6a0fa27,exp_decay,decay=0.95,1280,720,100000,0,uniform,kernel,median_call,456750313,423130872,461361015,5,20,100,219.500,314.917,337.792,353.750,0.83,clear_pass,pass,PASS
cpython-3.11.14,3.11.14,False,True,2.4.6,6a0fa27,exp_decay,decay=0.95,1280,720,100000,0,clustered,kernel,median_call,501514574,499480540,504149147,5,20,100,199.417,213.083,216.417,218.334,0.83,clear_pass,pass,PASS
cpython-3.11.14,3.11.14,False,True,2.4.6,6a0fa27,exp_decay,decay=0.95,1280,720,100000,16,uniform,kernel,median_call,446554165,428686868,460874094,5,20,100,222.167,277.167,367.333,374.375,0.83,clear_pass,pass,PASS
cpython-3.11.14,3.11.14,False,True,2.4.6,6a0fa27,exp_decay,decay=0.95,1280,720,100000,16,clustered,kernel,median_call,502670437,478182905,507239577,5,20,100,199.708,216.625,222.375,252.583,0.83,clear_pass,pass,PASS
cpython-3.11.14,3.11.14,False,True,2.4.6,6a0fa27,exp_decay,decay=0.95,1280,720,1000000,0,uniform,kernel,median_call,394451332,385932751,396602544,5,7,35,2542.084,2720.250,2742.292,2742.292,7.69,clear_pass,pass,PASS
cpython-3.11.14,3.11.14,False,True,2.4.6,6a0fa27,exp_decay,decay=0.95,1280,720,1000000,0,clustered,kernel,median_call,445607976,433886539,448129061,5,7,35,2251.750,2399.667,2403.083,2403.083,7.69,clear_pass,pass,PASS
cpython-3.11.14,3.11.14,False,True,2.4.6,6a0fa27,exp_decay,decay=0.95,1280,720,1000000,16,uniform,kernel,median_call,388494049,379368571,393881601,5,7,35,2571.166,3008.916,3215.084,3215.084,7.69,clear_pass,pass,PASS
cpython-3.11.14,3.11.14,False,True,2.4.6,6a0fa27,exp_decay,decay=0.95,1280,720,1000000,16,clustered,kernel,median_call,440003731,433134813,444534932,5,7,35,2272.083,2446.375,2826.083,2826.083,7.69,clear_pass,pass,PASS
cpython-3.11.14,3.11.14,False,True,2.4.6,6a0fa27,timestamp_decay,tau_us=10000.0,346,260,10000,16,uniform,kernel,median_call,192307692,190930788,210342543,5,50,250,48.750,209.125,245.000,259.417,0.29,clear_pass,pass,PASS
cpython-3.11.14,3.11.14,False,True,2.4.6,6a0fa27,timestamp_decay,tau_us=10000.0,346,260,10000,16,clustered,kernel,median_call,215826562,205216606,217098693,5,50,250,46.416,231.917,247.416,551.958,0.29,clear_pass,pass,PASS
cpython-3.11.14,3.11.14,False,True,2.4.6,6a0fa27,timestamp_decay,tau_us=10000.0,346,260,100000,0,uniform,kernel,median_call,221709089,211165146,224058255,5,20,100,457.584,544.584,577.250,586.125,2.35,clear_pass,pass,PASS
cpython-3.11.14,3.11.14,False,True,2.4.6,6a0fa27,timestamp_decay,tau_us=10000.0,346,260,100000,0,clustered,kernel,median_call,247129590,229554973,252658281,5,20,100,403.209,530.209,588.500,669.250,2.35,clear_pass,pass,PASS
cpython-3.11.14,3.11.14,False,True,2.4.6,6a0fa27,timestamp_decay,tau_us=10000.0,346,260,100000,16,uniform,kernel,median_call,220223813,208577760,223807526,5,20,100,456.042,710.833,865.542,1121.292,2.35,clear_pass,pass,PASS
cpython-3.11.14,3.11.14,False,True,2.4.6,6a0fa27,timestamp_decay,tau_us=10000.0,346,260,100000,16,clustered,kernel,median_call,244076269,226457737,252008190,5,20,100,405.167,604.458,866.917,895.917,2.35,clear_pass,pass,PASS
cpython-3.11.14,3.11.14,False,True,2.4.6,6a0fa27,timestamp_decay,tau_us=10000.0,346,260,1000000,0,uniform,kernel,median_call,167127409,161255653,176405733,5,7,35,5956.000,6547.375,6558.250,6558.250,22.95,clear_pass,pass,PASS
cpython-3.11.14,3.11.14,False,True,2.4.6,6a0fa27,timestamp_decay,tau_us=10000.0,346,260,1000000,0,clustered,kernel,median_call,185669404,184266718,187463386,5,7,35,5389.667,5964.916,6065.916,6065.916,22.95,clear_pass,pass,PASS
cpython-3.11.14,3.11.14,False,True,2.4.6,6a0fa27,timestamp_decay,tau_us=10000.0,346,260,1000000,16,uniform,kernel,median_call,169815326,164519901,171808996,5,7,35,5919.833,6520.041,6524.792,6524.792,22.95,clear_pass,pass,PASS
cpython-3.11.14,3.11.14,False,True,2.4.6,6a0fa27,timestamp_decay,tau_us=10000.0,346,260,1000000,16,clustered,kernel,median_call,185462796,172716553,186454109,5,7,35,5437.708,6316.583,6978.542,6978.542,22.95,clear_pass,pass,PASS
cpython-3.11.14,3.11.14,False,True,2.4.6,6a0fa27,timestamp_decay,tau_us=10000.0,640,480,10000,16,uniform,kernel,median_call,191310669,189050212,197287300,5,50,250,52.167,226.167,294.250,462.291,0.29,clear_pass,pass,PASS
cpython-3.11.14,3.11.14,False,True,2.4.6,6a0fa27,timestamp_decay,tau_us=10000.0,640,480,10000,16,clustered,kernel,median_call,218875854,208242227,221606648,5,50,250,45.709,55.500,72.125,548.458,0.29,clear_pass,pass,PASS
cpython-3.11.14,3.11.14,False,True,2.4.6,6a0fa27,timestamp_decay,tau_us=10000.0,640,480,100000,0,uniform,kernel,median_call,222510497,207414874,226425946,5,20,100,455.000,537.041,703.458,874.375,2.35,clear_pass,pass,PASS
cpython-3.11.14,3.11.14,False,True,2.4.6,6a0fa27,timestamp_decay,tau_us=10000.0,640,480,100000,0,clustered,kernel,median_call,231906375,223422248,246621897,5,20,100,416.083,629.667,773.833,911.917,2.35,clear_pass,pass,PASS
cpython-3.11.14,3.11.14,False,True,2.4.6,6a0fa27,timestamp_decay,tau_us=10000.0,640,480,100000,16,uniform,kernel,median_call,221126662,215866396,222170876,5,20,100,453.125,588.250,719.333,915.000,2.35,clear_pass,pass,PASS
cpython-3.11.14,3.11.14,False,True,2.4.6,6a0fa27,timestamp_decay,tau_us=10000.0,640,480,100000,16,clustered,kernel,median_call,232682327,218330839,237729870,5,20,100,428.416,618.500,678.000,886.292,2.35,clear_pass,pass,PASS
cpython-3.11.14,3.11.14,False,True,2.4.6,6a0fa27,timestamp_decay,tau_us=10000.0,640,480,1000000,0,uniform,kernel,median_call,167444586,160644738,168557091,5,7,35,6012.208,6534.542,6589.709,6589.709,22.95,clear_pass,pass,PASS
cpython-3.11.14,3.11.14,False,True,2.4.6,6a0fa27,timestamp_decay,tau_us=10000.0,640,480,1000000,0,clustered,kernel,median_call,179838616,176018903,182105113,5,7,35,5560.541,6136.833,6246.917,6246.917,22.95,clear_pass,pass,PASS
cpython-3.11.14,3.11.14,False,True,2.4.6,6a0fa27,timestamp_decay,tau_us=10000.0,640,480,1000000,16,uniform,kernel,median_call,167058781,163268638,169715665,5,7,35,5985.917,6582.250,6948.750,6948.750,22.95,clear_pass,pass,PASS
cpython-3.11.14,3.11.14,False,True,2.4.6,6a0fa27,timestamp_decay,tau_us=10000.0,640,480,1000000,16,clustered,kernel,median_call,176858116,171280536,180818191,5,7,35,5632.666,6330.666,6352.792,6352.792,22.95,clear_pass,pass,PASS
cpython-3.11.14,3.11.14,False,True,2.4.6,6a0fa27,timestamp_decay,tau_us=10000.0,1280,720,10000,16,uniform,kernel,median_call,171673820,162934118,172537246,5,50,250,59.709,207.166,270.750,289.750,0.29,clear_pass,pass,PASS
cpython-3.11.14,3.11.14,False,True,2.4.6,6a0fa27,timestamp_decay,tau_us=10000.0,1280,720,10000,16,clustered,kernel,median_call,203132300,197937491,211454490,5,50,250,48.292,64.750,86.000,99.583,0.29,clear_pass,pass,PASS
cpython-3.11.14,3.11.14,False,True,2.4.6,6a0fa27,timestamp_decay,tau_us=10000.0,1280,720,100000,0,uniform,kernel,median_call,210933306,199700250,218072782,5,20,100,466.292,705.750,811.875,1129.000,2.35,clear_pass,pass,PASS
cpython-3.11.14,3.11.14,False,True,2.4.6,6a0fa27,timestamp_decay,tau_us=10000.0,1280,720,100000,0,clustered,kernel,median_call,223734669,213304665,233531095,5,20,100,441.750,644.709,717.542,841.625,2.35,clear_pass,pass,PASS
cpython-3.11.14,3.11.14,False,True,2.4.6,6a0fa27,timestamp_decay,tau_us=10000.0,1280,720,100000,16,uniform,kernel,median_call,211826933,199095707,219147822,5,20,100,471.250,650.917,780.333,1046.875,2.35,clear_pass,pass,PASS
cpython-3.11.14,3.11.14,False,True,2.4.6,6a0fa27,timestamp_decay,tau_us=10000.0,1280,720,100000,16,clustered,kernel,median_call,223203823,218828197,225946320,5,20,100,447.417,514.583,720.834,767.625,2.35,clear_pass,pass,PASS
cpython-3.11.14,3.11.14,False,True,2.4.6,6a0fa27,timestamp_decay,tau_us=10000.0,1280,720,1000000,0,uniform,kernel,median_call,162185166,154182176,165271035,5,7,35,6159.541,6917.041,7180.875,7180.875,22.95,clear_pass,pass,PASS
cpython-3.11.14,3.11.14,False,True,2.4.6,6a0fa27,timestamp_decay,tau_us=10000.0,1280,720,1000000,0,clustered,kernel,median_call,173056549,164924650,176538088,5,7,35,5778.458,6459.875,6514.000,6514.000,22.95,clear_pass,pass,PASS
cpython-3.11.14,3.11.14,False,True,2.4.6,6a0fa27,timestamp_decay,tau_us=10000.0,1280,720,1000000,16,uniform,kernel,median_call,163428735,158979353,164302545,5,7,35,6118.875,6807.667,7469.000,7469.000,22.95,clear_pass,pass,PASS
cpython-3.11.14,3.11.14,False,True,2.4.6,6a0fa27,timestamp_decay,tau_us=10000.0,1280,720,1000000,16,clustered,kernel,median_call,170052381,166925178,176135165,5,7,35,5817.166,6503.209,6844.667,6844.667,22.95,clear_pass,pass,PASS
cpython-3.11.14,3.11.14,False,True,2.4.6,6a0fa27,event_count,,346,260,10000,16,uniform,engine,sustained,249826663,246755017,250173441,5,320,1600,39.291,44.917,55.250,83.541,0.14,clear_pass,pass,PASS
cpython-3.11.14,3.11.14,False,True,2.4.6,6a0fa27,event_count,,346,260,10000,16,clustered,engine,sustained,265685292,245138783,268664907,5,320,1600,36.750,44.292,72.292,204.625,0.14,clear_pass,pass,PASS
cpython-3.11.14,3.11.14,False,True,2.4.6,6a0fa27,event_count,,346,260,100000,0,uniform,engine,sustained,277344427,265661580,294856566,5,20,100,344.333,411.416,493.708,544.375,0.83,clear_pass,pass,PASS
cpython-3.11.14,3.11.14,False,True,2.4.6,6a0fa27,event_count,,346,260,100000,0,clustered,engine,sustained,300024422,285547648,307343591,5,20,100,319.542,403.541,448.542,492.459,0.83,clear_pass,pass,PASS
cpython-3.11.14,3.11.14,False,True,2.4.6,6a0fa27,event_count,,346,260,100000,16,uniform,engine,sustained,299943723,281293952,302629136,5,40,200,330.417,358.334,467.792,505.542,0.83,clear_pass,pass,PASS
cpython-3.11.14,3.11.14,False,True,2.4.6,6a0fa27,event_count,,346,260,100000,16,clustered,engine,sustained,311297153,288266598,320883482,5,40,200,306.042,390.458,447.416,547.833,0.83,clear_pass,pass,PASS
cpython-3.11.14,3.11.14,False,True,2.4.6,6a0fa27,event_count,,346,260,1000000,0,uniform,engine,sustained,270788679,266257138,272920007,5,7,35,3671.875,4071.542,4157.167,4157.167,7.69,clear_pass,pass,PASS
cpython-3.11.14,3.11.14,False,True,2.4.6,6a0fa27,event_count,,346,260,1000000,0,clustered,engine,sustained,296143768,286390811,301008917,5,7,35,3350.708,3702.375,3821.375,3821.375,7.69,clear_pass,pass,PASS
cpython-3.11.14,3.11.14,False,True,2.4.6,6a0fa27,event_count,,346,260,1000000,16,uniform,engine,sustained,272868666,268058505,277326790,5,10,50,3649.333,3833.250,4243.375,4243.375,7.69,clear_pass,pass,PASS
cpython-3.11.14,3.11.14,False,True,2.4.6,6a0fa27,event_count,,346,260,1000000,16,clustered,engine,sustained,292390873,280762186,300490539,5,10,50,3394.833,3769.667,3816.541,3816.541,7.69,clear_pass,pass,PASS
cpython-3.11.14,3.11.14,False,True,2.4.6,6a0fa27,event_count,,640,480,10000,16,uniform,engine,sustained,239759587,233656921,243467927,5,320,1600,39.875,45.916,75.875,208.875,0.14,clear_pass,pass,PASS
cpython-3.11.14,3.11.14,False,True,2.4.6,6a0fa27,event_count,,640,480,10000,16,clustered,engine,sustained,251820862,249604085,258720770,5,320,1600,36.916,42.334,112.791,321.250,0.14,clear_pass,pass,PASS
cpython-3.11.14,3.11.14,False,True,2.4.6,6a0fa27,event_count,,640,480,100000,0,uniform,engine,sustained,246338304,224049922,256293840,5,20,100,374.625,524.416,587.375,749.417,1.17,clear_pass,pass,PASS
cpython-3.11.14,3.11.14,False,True,2.4.6,6a0fa27,event_count,,640,480,100000,0,clustered,engine,sustained,267487032,233401697,279767586,5,20,100,341.125,546.917,572.042,596.417,1.17,clear_pass,pass,PASS
cpython-3.11.14,3.11.14,False,True,2.4.6,6a0fa27,event_count,,640,480,100000,16,uniform,engine,sustained,273852277,265339157,286086505,5,40,200,341.875,427.500,521.500,852.292,0.83,clear_pass,pass,PASS
cpython-3.11.14,3.11.14,False,True,2.4.6,6a0fa27,event_count,,640,480,100000,16,clustered,engine,sustained,306716195,287242807,322627270,5,40,200,302.500,402.375,593.750,682.084,0.83,clear_pass,pass,PASS
cpython-3.11.14,3.11.14,False,True,2.4.6,6a0fa27,event_count,,640,480,1000000,0,uniform,engine,sustained,253490785,251264552,262054076,5,7,35,3891.167,4287.791,4308.042,4308.042,7.69,clear_pass,pass,PASS
cpython-3.11.14,3.11.14,False,True,2.4.6,6a0fa27,event_count,,640,480,1000000,0,clustered,engine,sustained,281847987,243188194,292107359,5,7,35,3526.875,4493.375,4750.625,4750.625,7.69,clear_pass,pass,PASS
cpython-3.11.14,3.11.14,False,True,2.4.6,6a0fa27,event_count,,640,480,1000000,16,uniform,engine,sustained,253853026,249193485,262214839,5,10,50,3863.334,4332.792,4708.333,4708.333,7.69,clear_pass,pass,PASS
cpython-3.11.14,3.11.14,False,True,2.4.6,6a0fa27,event_count,,640,480,1000000,16,clustered,engine,sustained,290923538,282255654,294161624,5,10,50,3416.334,3758.041,3890.583,3890.583,7.69,clear_pass,pass,PASS
cpython-3.11.14,3.11.14,False,True,2.4.6,6a0fa27,event_count,,1280,720,10000,16,uniform,engine,sustained,219654401,191205960,228547611,5,320,1600,40.417,63.375,237.750,488.125,0.14,clear_pass,pass,PASS
cpython-3.11.14,3.11.14,False,True,2.4.6,6a0fa27,event_count,,1280,720,10000,16,clustered,engine,sustained,225734128,206536466,232932134,5,320,1600,37.791,49.667,274.875,359.792,0.14,clear_pass,pass,PASS
cpython-3.11.14,3.11.14,False,True,2.4.6,6a0fa27,event_count,,1280,720,100000,0,uniform,engine,sustained,179081780,152831190,208018337,5,20,100,566.000,726.667,854.500,901.041,3.52,clear_pass,pass,PASS
cpython-3.11.14,3.11.14,False,True,2.4.6,6a0fa27,event_count,,1280,720,100000,0,clustered,engine,sustained,176027935,151983861,183367823,5,20,100,561.875,761.541,860.375,1122.459,3.52,clear_pass,pass,PASS
cpython-3.11.14,3.11.14,False,True,2.4.6,6a0fa27,event_count,,1280,720,100000,16,uniform,engine,sustained,260049837,251588182,264282277,5,40,200,347.292,531.541,566.542,638.834,0.83,clear_pass,pass,PASS
cpython-3.11.14,3.11.14,False,True,2.4.6,6a0fa27,event_count,,1280,720,100000,16,clustered,engine,sustained,276614824,261808633,283262688,5,40,200,310.833,548.209,573.375,593.125,0.83,clear_pass,pass,PASS
cpython-3.11.14,3.11.14,False,True,2.4.6,6a0fa27,event_count,,1280,720,1000000,0,uniform,engine,sustained,243978608,233422485,246993088,5,7,35,4106.375,4568.500,4595.750,4595.750,7.69,clear_pass,pass,PASS
cpython-3.11.14,3.11.14,False,True,2.4.6,6a0fa27,event_count,,1280,720,1000000,0,clustered,engine,sustained,257667921,249580696,266159281,5,7,35,3818.750,4288.000,4294.417,4294.417,7.69,clear_pass,pass,PASS
cpython-3.11.14,3.11.14,False,True,2.4.6,6a0fa27,event_count,,1280,720,1000000,16,uniform,engine,sustained,242553363,240782056,244913454,5,10,50,4100.250,4373.459,4456.750,4456.750,7.69,clear_pass,pass,PASS
cpython-3.11.14,3.11.14,False,True,2.4.6,6a0fa27,event_count,,1280,720,1000000,16,clustered,engine,sustained,260020244,254042709,263333448,5,10,50,3807.625,4205.208,4597.250,4597.250,7.69,clear_pass,pass,PASS
cpython-3.11.14,3.11.14,False,True,2.4.6,6a0fa27,polarity,,346,260,10000,16,uniform,engine,sustained,197132875,190873708,202425590,5,320,1600,48.750,55.209,89.916,432.416,0.15,clear_pass,pass,PASS
cpython-3.11.14,3.11.14,False,True,2.4.6,6a0fa27,polarity,,346,260,10000,16,clustered,engine,sustained,204121155,173981378,211570738,5,320,1600,45.541,69.208,137.958,1245.584,0.15,clear_pass,pass,PASS
cpython-3.11.14,3.11.14,False,True,2.4.6,6a0fa27,polarity,,346,260,100000,0,uniform,engine,sustained,208791893,196240349,216453098,5,20,100,432.416,672.833,1017.792,1092.208,0.92,clear_pass,pass,PASS
cpython-3.11.14,3.11.14,False,True,2.4.6,6a0fa27,polarity,,346,260,100000,0,clustered,engine,sustained,230714942,192742456,238554370,5,20,100,401.750,604.208,842.792,927.958,0.92,clear_pass,pass,PASS
cpython-3.11.14,3.11.14,False,True,2.4.6,6a0fa27,polarity,,346,260,100000,16,uniform,engine,sustained,237010717,236164662,239925599,5,40,200,411.625,451.042,510.292,546.833,0.92,clear_pass,pass,PASS
cpython-3.11.14,3.11.14,False,True,2.4.6,6a0fa27,polarity,,346,260,100000,16,clustered,engine,sustained,243872758,240640107,261809455,5,40,200,383.500,511.416,556.000,573.166,0.92,clear_pass,pass,PASS
cpython-3.11.14,3.11.14,False,True,2.4.6,6a0fa27,polarity,,346,260,1000000,0,uniform,engine,sustained,208421211,204318416,210089280,5,7,35,4807.750,5132.708,5263.666,5263.666,8.65,clear_pass,pass,PASS
cpython-3.11.14,3.11.14,False,True,2.4.6,6a0fa27,polarity,,346,260,1000000,0,clustered,engine,sustained,232026244,228009323,234788687,5,7,35,4310.541,4519.250,4584.875,4584.875,8.65,clear_pass,pass,PASS
cpython-3.11.14,3.11.14,False,True,2.4.6,6a0fa27,polarity,,346,260,1000000,16,uniform,engine,sustained,213559996,209525547,217903301,5,10,50,4661.042,4980.667,5180.333,5180.333,8.65,clear_pass,pass,PASS
cpython-3.11.14,3.11.14,False,True,2.4.6,6a0fa27,polarity,,346,260,1000000,16,clustered,engine,sustained,224569387,223475762,232729304,5,10,50,4421.000,4646.833,4896.625,4896.625,8.65,clear_pass,pass,PASS
cpython-3.11.14,3.11.14,False,True,2.4.6,6a0fa27,polarity,,640,480,10000,16,uniform,engine,sustained,186603490,184732132,189742576,5,320,1600,49.000,58.416,172.542,437.167,0.15,clear_pass,pass,PASS
cpython-3.11.14,3.11.14,False,True,2.4.6,6a0fa27,polarity,,640,480,10000,16,clustered,engine,sustained,197015595,162100194,198108142,5,320,1600,46.292,125.375,196.458,276.458,0.15,clear_pass,pass,PASS
cpython-3.11.14,3.11.14,False,True,2.4.6,6a0fa27,polarity,,640,480,100000,0,uniform,engine,sustained,146794820,141027990,165339897,5,20,100,648.167,823.292,971.666,1173.708,2.34,clear_pass,pass,PASS
cpython-3.11.14,3.11.14,False,True,2.4.6,6a0fa27,polarity,,640,480,100000,0,clustered,engine,sustained,168749072,157339428,171994305,5,20,100,573.250,721.541,775.041,998.708,2.34,clear_pass,pass,PASS
cpython-3.11.14,3.11.14,False,True,2.4.6,6a0fa27,polarity,,640,480,100000,16,uniform,engine,sustained,215674628,185431990,229643061,5,40,200,450.291,646.333,736.334,1105.708,0.92,clear_pass,pass,PASS
cpython-3.11.14,3.11.14,False,True,2.4.6,6a0fa27,polarity,,640,480,100000,16,clustered,engine,sustained,237837468,227605691,240939718,5,40,200,390.417,537.417,620.708,650.917,0.92,clear_pass,pass,PASS
cpython-3.11.14,3.11.14,False,True,2.4.6,6a0fa27,polarity,,640,480,1000000,0,uniform,engine,sustained,204665646,203341080,205873773,5,7,35,4864.375,5130.209,5161.375,5161.375,8.65,clear_pass,pass,PASS
cpython-3.11.14,3.11.14,False,True,2.4.6,6a0fa27,polarity,,640,480,1000000,0,clustered,engine,sustained,221630623,209620070,225074654,5,7,35,4503.292,5107.042,5170.916,5170.916,8.65,clear_pass,pass,PASS
cpython-3.11.14,3.11.14,False,True,2.4.6,6a0fa27,polarity,,640,480,1000000,16,uniform,engine,sustained,206858206,203298349,208632356,5,10,50,4825.667,5193.625,5459.291,5459.291,8.65,clear_pass,pass,PASS
cpython-3.11.14,3.11.14,False,True,2.4.6,6a0fa27,polarity,,640,480,1000000,16,clustered,engine,sustained,223986324,218000683,224890301,5,10,50,4406.792,4760.792,4986.666,4986.666,8.65,clear_pass,pass,PASS
cpython-3.11.14,3.11.14,False,True,2.4.6,6a0fa27,polarity,,1280,720,10000,16,uniform,engine,sustained,151499851,121516262,154194611,5,320,1600,50.083,125.834,462.916,733.125,0.15,clear_pass,pass,PASS
cpython-3.11.14,3.11.14,False,True,2.4.6,6a0fa27,polarity,,1280,720,10000,16,clustered,engine,sustained,150140118,149151955,153349427,5,320,1600,48.375,69.958,518.708,603.792,0.15,clear_pass,pass,PASS
cpython-3.11.14,3.11.14,False,True,2.4.6,6a0fa27,polarity,,1280,720,100000,0,uniform,engine,sustained,111018577,107268077,113914405,5,20,100,896.500,1018.875,1078.917,1155.958,7.03,clear_pass,pass,PASS
cpython-3.11.14,3.11.14,False,True,2.4.6,6a0fa27,polarity,,1280,720,100000,0,clustered,engine,sustained,110244971,103326023,112820136,5,20,100,905.750,1032.709,1108.500,1154.708,7.03,clear_pass,pass,PASS
cpython-3.11.14,3.11.14,False,True,2.4.6,6a0fa27,polarity,,1280,720,100000,16,uniform,engine,sustained,202142703,192811737,205220744,5,40,200,430.167,782.625,841.625,869.666,0.92,clear_pass,pass,PASS
cpython-3.11.14,3.11.14,False,True,2.4.6,6a0fa27,polarity,,1280,720,100000,16,clustered,engine,sustained,191393705,178662818,205538439,5,40,200,420.917,906.917,939.333,1008.125,0.92,clear_pass,pass,PASS
cpython-3.11.14,3.11.14,False,True,2.4.6,6a0fa27,polarity,,1280,720,1000000,0,uniform,engine,sustained,187849916,183541368,189556991,5,7,35,5323.667,5877.250,5951.542,5951.542,8.65,clear_pass,pass,PASS
cpython-3.11.14,3.11.14,False,True,2.4.6,6a0fa27,polarity,,1280,720,1000000,0,clustered,engine,sustained,197769203,182989404,200203773,5,7,35,5054.542,5769.583,6020.041,6020.041,8.65,clear_pass,pass,PASS
cpython-3.11.14,3.11.14,False,True,2.4.6,6a0fa27,polarity,,1280,720,1000000,16,uniform,engine,sustained,187246485,185701308,188847601,5,10,50,5342.500,5690.666,5962.833,5962.833,8.65,clear_pass,pass,PASS
cpython-3.11.14,3.11.14,False,True,2.4.6,6a0fa27,polarity,,1280,720,1000000,16,clustered,engine,sustained,200838170,197804207,201958656,5,10,50,4997.875,5216.667,5281.959,5281.959,8.65,clear_pass,pass,PASS
cpython-3.11.14,3.11.14,False,True,2.4.6,6a0fa27,time_surface,,346,260,10000,16,uniform,engine,sustained,218716814,190338150,228495193,5,320,1600,42.542,50.792,169.625,691.625,0.16,clear_pass,pass,PASS
cpython-3.11.14,3.11.14,False,True,2.4.6,6a0fa27,time_surface,,346,260,10000,16,clustered,engine,sustained,237350445,196552095,240132884,5,320,1600,39.625,53.250,134.583,430.500,0.16,clear_pass,pass,PASS
cpython-3.11.14,3.11.14,False,True,2.4.6,6a0fa27,time_surface,,346,260,100000,0,uniform,engine,sustained,187967010,179281752,207538827,5,20,100,549.791,638.125,702.292,814.375,1.53,clear_pass,pass,PASS
cpython-3.11.14,3.11.14,False,True,2.4.6,6a0fa27,time_surface,,346,260,100000,0,clustered,engine,sustained,190335705,161702181,231173838,5,20,100,545.500,629.542,645.583,699.458,1.53,clear_pass,pass,PASS
cpython-3.11.14,3.11.14,False,True,2.4.6,6a0fa27,time_surface,,346,260,100000,16,uniform,engine,sustained,241575026,217146425,269897156,5,40,200,386.500,544.708,559.375,609.833,1.53,clear_pass,pass,PASS
cpython-3.11.14,3.11.14,False,True,2.4.6,6a0fa27,time_surface,,346,260,100000,16,clustered,engine,sustained,235612305,228729906,258613695,5,40,200,398.958,535.041,555.208,597.166,1.53,clear_pass,pass,PASS
cpython-3.11.14,3.11.14,False,True,2.4.6,6a0fa27,time_surface,,346,260,1000000,0,uniform,engine,sustained,212785632,208905330,214624087,5,7,35,4651.750,5074.958,5268.750,5268.750,15.26,clear_pass,pass,PASS
cpython-3.11.14,3.11.14,False,True,2.4.6,6a0fa27,time_surface,,346,260,1000000,0,clustered,engine,sustained,228539720,220639216,235192673,5,7,35,4240.791,4897.250,4973.500,4973.500,15.26,clear_pass,pass,PASS
cpython-3.11.14,3.11.14,False,True,2.4.6,6a0fa27,time_surface,,346,260,1000000,16,uniform,engine,sustained,214187025,209608636,217596484,5,10,50,4642.917,5017.209,5307.833,5307.833,15.26,clear_pass,pass,PASS
cpython-3.11.14,3.11.14,False,True,2.4.6,6a0fa27,time_surface,,346,260,1000000,16,clustered,engine,sustained,230743721,199985169,233479842,5,10,50,4274.709,5482.875,5668.375,5668.375,15.26,clear_pass,pass,PASS
cpython-3.11.14,3.11.14,False,True,2.4.6,6a0fa27,time_surface,,640,480,10000,16,uniform,engine,sustained,214248790,178380575,216891011,5,320,1600,42.667,59.458,182.500,591.750,0.16,clear_pass,pass,PASS
cpython-3.11.14,3.11.14,False,True,2.4.6,6a0fa27,time_surface,,640,480,10000,16,clustered,engine,sustained,225575162,190014839,231998174,5,320,1600,40.667,61.500,183.208,718.500,0.16,clear_pass,pass,PASS
cpython-3.11.14,3.11.14,False,True,2.4.6,6a0fa27,time_surface,,640,480,100000,0,uniform,engine,sustained,170420055,118113433,218698742,5,20,100,544.250,923.666,1532.292,2041.875,2.34,clear_pass,pass,PASS
cpython-3.11.14,3.11.14,False,True,2.4.6,6a0fa27,time_surface,,640,480,100000,0,clustered,engine,sustained,178921556,150806828,224757992,5,20,100,538.792,738.083,920.958,1001.583,2.34,clear_pass,pass,PASS
cpython-3.11.14,3.11.14,False,True,2.4.6,6a0fa27,time_surface,,640,480,100000,16,uniform,engine,sustained,248901953,221699295,256861048,5,40,200,381.000,504.125,657.333,903.167,1.53,clear_pass,pass,PASS
cpython-3.11.14,3.11.14,False,True,2.4.6,6a0fa27,time_surface,,640,480,100000,16,clustered,engine,sustained,270607780,254865672,271399549,5,40,200,346.292,480.917,568.875,586.584,1.53,clear_pass,pass,PASS
cpython-3.11.14,3.11.14,False,True,2.4.6,6a0fa27,time_surface,,640,480,1000000,0,uniform,engine,sustained,200586239,197929516,204372109,5,7,35,4951.375,5299.333,5390.791,5390.791,15.26,clear_pass,pass,PASS
cpython-3.11.14,3.11.14,False,True,2.4.6,6a0fa27,time_surface,,640,480,1000000,0,clustered,engine,sustained,209715301,205251007,218107897,5,7,35,4653.458,5236.375,5367.417,5367.417,15.26,clear_pass,pass,PASS
cpython-3.11.14,3.11.14,False,True,2.4.6,6a0fa27,time_surface,,640,480,1000000,16,uniform,engine,sustained,205827309,199892238,209399052,5,10,50,4854.834,5233.625,5392.542,5392.542,15.26,clear_pass,pass,PASS
cpython-3.11.14,3.11.14,False,True,2.4.6,6a0fa27,time_surface,,640,480,1000000,16,clustered,engine,sustained,215443146,213595152,228422414,5,10,50,4525.167,5123.334,5174.625,5174.625,15.26,clear_pass,pass,PASS
cpython-3.11.14,3.11.14,False,True,2.4.6,6a0fa27,time_surface,,1280,720,10000,16,uniform,engine,sustained,169732297,153812655,187845327,5,320,1600,44.042,75.667,382.042,518.417,0.16,clear_pass,pass,PASS
cpython-3.11.14,3.11.14,False,True,2.4.6,6a0fa27,time_surface,,1280,720,10000,16,clustered,engine,sustained,179305179,137627495,181642298,5,320,1600,41.583,174.042,407.125,1228.375,0.16,clear_pass,pass,PASS
cpython-3.11.14,3.11.14,False,True,2.4.6,6a0fa27,time_surface,,1280,720,100000,0,uniform,engine,sustained,118964429,105385638,122172531,5,20,100,858.208,1030.750,1164.375,1286.917,7.03,clear_pass,pass,PASS
cpython-3.11.14,3.11.14,False,True,2.4.6,6a0fa27,time_surface,,1280,720,100000,0,clustered,engine,sustained,120108088,118600509,127266594,5,20,100,800.667,958.375,1027.459,1065.667,7.03,clear_pass,pass,PASS
cpython-3.11.14,3.11.14,False,True,2.4.6,6a0fa27,time_surface,,1280,720,100000,16,uniform,engine,sustained,223139051,208512078,230831933,5,40,200,389.000,676.333,759.375,829.000,1.53,clear_pass,pass,PASS
cpython-3.11.14,3.11.14,False,True,2.4.6,6a0fa27,time_surface,,1280,720,100000,16,clustered,engine,sustained,214839582,212413329,237450377,5,40,200,416.917,715.792,774.834,797.833,1.53,clear_pass,pass,PASS
cpython-3.11.14,3.11.14,False,True,2.4.6,6a0fa27,time_surface,,1280,720,1000000,0,uniform,engine,sustained,185303039,149908846,186680152,5,7,35,5380.291,6786.958,7749.959,7749.959,15.26,clear_pass,pass,PASS
cpython-3.11.14,3.11.14,False,True,2.4.6,6a0fa27,time_surface,,1280,720,1000000,0,clustered,engine,sustained,193397989,165685050,195278441,5,7,35,5168.750,6325.208,6410.500,6410.500,15.26,clear_pass,pass,PASS
cpython-3.11.14,3.11.14,False,True,2.4.6,6a0fa27,time_surface,,1280,720,1000000,16,uniform,engine,sustained,187144270,176741026,190665192,5,10,50,5325.792,5822.125,6608.750,6608.750,15.26,clear_pass,pass,PASS
cpython-3.11.14,3.11.14,False,True,2.4.6,6a0fa27,time_surface,,1280,720,1000000,16,clustered,engine,sustained,196624778,195558851,198358256,5,10,50,5049.292,5549.292,5695.209,5695.209,15.26,clear_pass,pass,PASS
cpython-3.11.14,3.11.14,False,True,2.4.6,6a0fa27,exp_decay,decay=0.95,346,260,10000,16,uniform,engine,sustained,238759715,233478786,240266810,5,320,1600,39.333,46.166,83.959,403.125,0.14,clear_pass,pass,PASS
cpython-3.11.14,3.11.14,False,True,2.4.6,6a0fa27,exp_decay,decay=0.95,346,260,10000,16,clustered,engine,sustained,253381475,184332997,259811392,5,320,1600,36.125,48.166,291.125,720.250,0.14,clear_pass,pass,PASS
cpython-3.11.14,3.11.14,False,True,2.4.6,6a0fa27,exp_decay,decay=0.95,346,260,100000,0,uniform,engine,sustained,264872807,220666304,276192243,5,20,100,359.750,591.208,663.625,1147.167,0.83,clear_pass,pass,PASS
cpython-3.11.14,3.11.14,False,True,2.4.6,6a0fa27,exp_decay,decay=0.95,346,260,100000,0,clustered,engine,sustained,293450479,260113167,314970897,5,20,100,317.916,544.125,614.292,746.500,0.83,clear_pass,pass,PASS
cpython-3.11.14,3.11.14,False,True,2.4.6,6a0fa27,exp_decay,decay=0.95,346,260,100000,16,uniform,engine,sustained,282706351,218722205,288855549,5,40,200,335.459,584.250,634.750,692.625,0.83,clear_pass,pass,PASS
cpython-3.11.14,3.11.14,False,True,2.4.6,6a0fa27,exp_decay,decay=0.95,346,260,100000,16,clustered,engine,sustained,325800394,264815185,334281690,5,40,200,296.042,464.041,591.583,1009.042,0.83,clear_pass,pass,PASS
cpython-3.11.14,3.11.14,False,True,2.4.6,6a0fa27,exp_decay,decay=0.95,346,260,1000000,0,uniform,engine,sustained,261961332,239871495,266011357,5,7,35,3742.292,4521.125,4724.625,4724.625,7.69,clear_pass,pass,PASS
cpython-3.11.14,3.11.14,False,True,2.4.6,6a0fa27,exp_decay,decay=0.95,346,260,1000000,0,clustered,engine,sustained,280796541,278855277,291018943,5,7,35,3529.667,3678.916,3714.125,3714.125,7.69,clear_pass,pass,PASS
cpython-3.11.14,3.11.14,False,True,2.4.6,6a0fa27,exp_decay,decay=0.95,346,260,1000000,16,uniform,engine,sustained,261593791,254971413,265431518,5,10,50,3834.208,4137.291,4267.333,4267.333,7.69,clear_pass,pass,PASS
cpython-3.11.14,3.11.14,False,True,2.4.6,6a0fa27,exp_decay,decay=0.95,346,260,1000000,16,clustered,engine,sustained,280380370,268451879,283705714,5,10,50,3545.875,3885.000,4361.958,4361.958,7.69,clear_pass,pass,PASS
cpython-3.11.14,3.11.14,False,True,2.4.6,6a0fa27,exp_decay,decay=0.95,640,480,10000,16,uniform,engine,sustained,224851960,215097086,226204889,5,320,1600,39.958,50.458,170.375,600.208,0.14,clear_pass,pass,PASS
cpython-3.11.14,3.11.14,False,True,2.4.6,6a0fa27,exp_decay,decay=0.95,640,480,10000,16,clustered,engine,sustained,242207027,238086381,247277781,5,320,1600,36.875,42.167,167.125,367.416,0.14,clear_pass,pass,PASS
cpython-3.11.14,3.11.14,False,True,2.4.6,6a0fa27,exp_decay,decay=0.95,640,480,100000,0,uniform,engine,sustained,217675252,205202773,220245058,5,20,100,418.916,649.625,714.875,738.541,1.24,clear_pass,pass,PASS
cpython-3.11.14,3.11.14,False,True,2.4.6,6a0fa27,exp_decay,decay=0.95,640,480,100000,0,clustered,engine,sustained,204705609,170384325,207960564,5,20,100,456.208,708.750,1089.333,1099.875,1.24,clear_pass,pass,PASS
cpython-3.11.14,3.11.14,False,True,2.4.6,6a0fa27,exp_decay,decay=0.95,640,480,100000,16,uniform,engine,sustained,250967228,239011720,268814982,5,40,200,342.625,563.792,824.834,993.959,0.83,clear_pass,pass,PASS
cpython-3.11.14,3.11.14,False,True,2.4.6,6a0fa27,exp_decay,decay=0.95,640,480,100000,16,clustered,engine,sustained,312307857,265830735,314659226,5,40,200,302.792,430.250,642.000,883.542,0.83,clear_pass,pass,PASS
cpython-3.11.14,3.11.14,False,True,2.4.6,6a0fa27,exp_decay,decay=0.95,640,480,1000000,0,uniform,engine,sustained,247020692,223995527,251123698,5,7,35,4049.125,4830.250,5312.791,5312.791,7.69,clear_pass,pass,PASS
cpython-3.11.14,3.11.14,False,True,2.4.6,6a0fa27,exp_decay,decay=0.95,640,480,1000000,0,clustered,engine,sustained,271885997,266304422,285200622,5,7,35,3523.125,4124.750,4145.042,4145.042,7.69,clear_pass,pass,PASS
cpython-3.11.14,3.11.14,False,True,2.4.6,6a0fa27,exp_decay,decay=0.95,640,480,1000000,16,uniform,engine,sustained,247519392,246466800,248761380,5,10,50,4020.333,4178.875,4260.416,4260.416,7.69,clear_pass,pass,PASS
cpython-3.11.14,3.11.14,False,True,2.4.6,6a0fa27,exp_decay,decay=0.95,640,480,1000000,16,clustered,engine,sustained,280914997,272374733,283881579,5,10,50,3459.208,4102.041,4406.041,4406.041,7.69,clear_pass,pass,PASS
cpython-3.11.14,3.11.14,False,True,2.4.6,6a0fa27,exp_decay,decay=0.95,1280,720,10000,16,uniform,engine,sustained,193119514,191974045,194611334,5,320,1600,40.708,59.208,315.209,479.000,0.14,clear_pass,pass,PASS
cpython-3.11.14,3.11.14,False,True,2.4.6,6a0fa27,exp_decay,decay=0.95,1280,720,10000,16,clustered,engine,sustained,208688239,174828737,210607178,5,320,1600,38.375,52.875,424.083,568.000,0.14,clear_pass,pass,PASS
cpython-3.11.14,3.11.14,False,True,2.4.6,6a0fa27,exp_decay,decay=0.95,1280,720,100000,0,uniform,engine,sustained,127917789,116038432,160979826,5,20,100,757.959,1078.375,1235.042,1883.708,3.58,clear_pass,pass,PASS
cpython-3.11.14,3.11.14,False,True,2.4.6,6a0fa27,exp_decay,decay=0.95,1280,720,100000,0,clustered,engine,sustained,141467728,115092996,171629034,5,20,100,712.542,1019.500,1120.792,1364.834,3.58,clear_pass,pass,PASS
cpython-3.11.14,3.11.14,False,True,2.4.6,6a0fa27,exp_decay,decay=0.95,1280,720,100000,16,uniform,engine,sustained,219693272,177291526,240580362,5,40,200,367.875,769.959,1229.458,1398.666,0.83,clear_pass,pass,PASS
cpython-3.11.14,3.11.14,False,True,2.4.6,6a0fa27,exp_decay,decay=0.95,1280,720,100000,16,clustered,engine,sustained,248046033,229079776,252961755,5,40,200,329.916,711.584,754.666,780.125,0.83,clear_pass,pass,PASS
cpython-3.11.14,3.11.14,False,True,2.4.6,6a0fa27,exp_decay,decay=0.95,1280,720,1000000,0,uniform,engine,sustained,222350162,219708368,226087245,5,7,35,4422.333,4898.000,4998.416,4998.416,7.69,clear_pass,pass,PASS
cpython-3.11.14,3.11.14,False,True,2.4.6,6a0fa27,exp_decay,decay=0.95,1280,720,1000000,0,clustered,engine,sustained,242304328,235736867,244503406,5,7,35,4052.375,4599.375,4660.500,4660.500,7.69,clear_pass,pass,PASS
cpython-3.11.14,3.11.14,False,True,2.4.6,6a0fa27,exp_decay,decay=0.95,1280,720,1000000,16,uniform,engine,sustained,224648430,223152027,226632953,5,10,50,4385.583,4784.000,4950.958,4950.958,7.69,clear_pass,pass,PASS
cpython-3.11.14,3.11.14,False,True,2.4.6,6a0fa27,exp_decay,decay=0.95,1280,720,1000000,16,clustered,engine,sustained,241879419,240728440,244988209,5,10,50,4043.792,4504.125,4882.375,4882.375,7.69,clear_pass,pass,PASS
cpython-3.11.14,3.11.14,False,True,2.4.6,6a0fa27,timestamp_decay,tau_us=10000.0,346,260,10000,16,uniform,engine,sustained,122083073,119515655,140886208,5,320,1600,64.125,217.875,232.167,804.916,0.29,clear_pass,pass,PASS
cpython-3.11.14,3.11.14,False,True,2.4.6,6a0fa27,timestamp_decay,tau_us=10000.0,346,260,10000,16,clustered,engine,sustained,122900792,96921122,163591914,5,320,1600,60.875,260.042,267.292,454.917,0.29,clear_pass,pass,PASS
cpython-3.11.14,3.11.14,False,True,2.4.6,6a0fa27,timestamp_decay,tau_us=10000.0,346,260,100000,0,uniform,engine,sustained,146357545,107592189,156991059,5,20,100,694.250,912.250,928.833,1357.917,2.35,clear_pass,pass,PASS
cpython-3.11.14,3.11.14,False,True,2.4.6,6a0fa27,timestamp_decay,tau_us=10000.0,346,260,100000,0,clustered,engine,sustained,144336583,121604595,166344942,5,20,100,693.542,822.375,873.708,1165.458,2.35,clear_pass,pass,PASS
cpython-3.11.14,3.11.14,False,True,2.4.6,6a0fa27,timestamp_decay,tau_us=10000.0,346,260,100000,16,uniform,engine,sustained,160836362,109674061,174758350,5,40,200,610.833,912.208,1207.250,1645.458,2.35,clear_pass,pass,PASS
cpython-3.11.14,3.11.14,False,True,2.4.6,6a0fa27,timestamp_decay,tau_us=10000.0,346,260,100000,16,clustered,engine,sustained,157288602,142064802,158814179,5,40,200,616.083,840.166,1114.417,1396.542,2.35,clear_pass,pass,PASS
cpython-3.11.14,3.11.14,False,True,2.4.6,6a0fa27,timestamp_decay,tau_us=10000.0,346,260,1000000,0,uniform,engine,sustained,135266681,56973642,136175405,5,7,35,7370.042,20109.750,53037.083,53037.083,22.95,clear_pass,pass,PASS
cpython-3.11.14,3.11.14,False,True,2.4.6,6a0fa27,timestamp_decay,tau_us=10000.0,346,260,1000000,0,clustered,engine,sustained,142480225,108388566,143511367,5,7,35,7022.667,9904.083,10455.625,10455.625,22.95,clear_pass,pass,PASS
cpython-3.11.14,3.11.14,False,True,2.4.6,6a0fa27,timestamp_decay,tau_us=10000.0,346,260,1000000,16,uniform,engine,sustained,135035763,127906000,137234374,5,10,50,7344.500,7947.916,8466.917,8466.917,22.95,clear_pass,pass,PASS
cpython-3.11.14,3.11.14,False,True,2.4.6,6a0fa27,timestamp_decay,tau_us=10000.0,346,260,1000000,16,clustered,engine,sustained,143601992,139243765,146708862,5,10,50,6841.000,7664.833,8176.416,8176.416,22.95,clear_pass,pass,PASS
cpython-3.11.14,3.11.14,False,True,2.4.6,6a0fa27,timestamp_decay,tau_us=10000.0,640,480,10000,16,uniform,engine,sustained,119763303,94830392,143479299,5,320,1600,64.625,217.334,344.167,1054.292,0.29,clear_pass,pass,PASS
cpython-3.11.14,3.11.14,False,True,2.4.6,6a0fa27,timestamp_decay,tau_us=10000.0,640,480,10000,16,clustered,engine,sustained,149696873,148489268,153086880,5,320,1600,61.792,69.042,194.625,508.917,0.29,clear_pass,pass,PASS
cpython-3.11.14,3.11.14,False,True,2.4.6,6a0fa27,timestamp_decay,tau_us=10000.0,640,480,100000,0,uniform,engine,sustained,129820259,122309519,146041345,5,20,100,700.875,897.375,1001.083,1007.416,2.35,clear_pass,pass,PASS
cpython-3.11.14,3.11.14,False,True,2.4.6,6a0fa27,timestamp_decay,tau_us=10000.0,640,480,100000,0,clustered,engine,sustained,142079905,104618231,145914862,5,20,100,699.542,1021.958,1356.500,1432.250,2.35,clear_pass,pass,PASS
cpython-3.11.14,3.11.14,False,True,2.4.6,6a0fa27,timestamp_decay,tau_us=10000.0,640,480,100000,16,uniform,engine,sustained,155228289,121035772,156652861,5,40,200,652.417,920.666,1189.250,1380.542,2.35,clear_pass,pass,PASS
cpython-3.11.14,3.11.14,False,True,2.4.6,6a0fa27,timestamp_decay,tau_us=10000.0,640,480,100000,16,clustered,engine,sustained,155099615,138206260,182629622,5,40,200,543.833,857.000,969.875,1109.000,2.35,clear_pass,pass,PASS
cpython-3.11.14,3.11.14,False,True,2.4.6,6a0fa27,timestamp_decay,tau_us=10000.0,640,480,1000000,0,uniform,engine,sustained,128610274,119708170,130336019,5,7,35,7764.333,8702.833,9592.292,9592.292,22.95,clear_pass,pass,PASS
cpython-3.11.14,3.11.14,False,True,2.4.6,6a0fa27,timestamp_decay,tau_us=10000.0,640,480,1000000,0,clustered,engine,sustained,138708054,128170405,140564950,5,7,35,7245.500,8319.042,8371.125,8371.125,22.95,clear_pass,pass,PASS
cpython-3.11.14,3.11.14,False,True,2.4.6,6a0fa27,timestamp_decay,tau_us=10000.0,640,480,1000000,16,uniform,engine,sustained,132507516,128011193,134410035,5,10,50,7428.083,8311.584,8916.500,8916.500,22.95,clear_pass,pass,PASS
cpython-3.11.14,3.11.14,False,True,2.4.6,6a0fa27,timestamp_decay,tau_us=10000.0,640,480,1000000,16,clustered,engine,sustained,141471562,138621194,142127299,5,10,50,7005.417,7508.000,7965.500,7965.500,22.95,clear_pass,pass,PASS
cpython-3.11.14,3.11.14,False,True,2.4.6,6a0fa27,timestamp_decay,tau_us=10000.0,1280,720,10000,16,uniform,engine,sustained,111309160,101118740,130893538,5,320,1600,65.875,216.458,446.875,757.875,0.29,clear_pass,pass,PASS
cpython-3.11.14,3.11.14,False,True,2.4.6,6a0fa27,timestamp_decay,tau_us=10000.0,1280,720,10000,16,clustered,engine,sustained,135897972,134315961,137404102,5,320,1600,63.458,71.083,359.333,527.292,0.29,clear_pass,pass,PASS
cpython-3.11.14,3.11.14,False,True,2.4.6,6a0fa27,timestamp_decay,tau_us=10000.0,1280,720,100000,0,uniform,engine,sustained,97353011,83423131,99714140,5,20,100,1050.834,1340.833,1540.458,1689.167,3.58,clear_pass,pass,PASS
cpython-3.11.14,3.11.14,False,True,2.4.6,6a0fa27,timestamp_decay,tau_us=10000.0,1280,720,100000,0,clustered,engine,sustained,100156705,88902398,105589195,5,20,100,1009.583,1274.500,1404.375,1509.583,3.58,clear_pass,pass,PASS
cpython-3.11.14,3.11.14,False,True,2.4.6,6a0fa27,timestamp_decay,tau_us=10000.0,1280,720,100000,16,uniform,engine,sustained,144369808,117070034,152511211,5,40,200,641.334,1019.833,1118.416,2896.667,2.35,clear_pass,pass,PASS
cpython-3.11.14,3.11.14,False,True,2.4.6,6a0fa27,timestamp_decay,tau_us=10000.0,1280,720,100000,16,clustered,engine,sustained,148472599,132439565,149664197,5,40,200,631.000,979.208,1033.333,1308.666,2.35,clear_pass,pass,PASS
cpython-3.11.14,3.11.14,False,True,2.4.6,6a0fa27,timestamp_decay,tau_us=10000.0,1280,720,1000000,0,uniform,engine,sustained,122723144,121823434,124168514,5,7,35,8045.417,8728.375,8813.541,8813.541,22.95,clear_pass,pass,PASS
cpython-3.11.14,3.11.14,False,True,2.4.6,6a0fa27,timestamp_decay,tau_us=10000.0,1280,720,1000000,0,clustered,engine,sustained,127766666,127643669,133531723,5,7,35,7693.458,8473.708,8978.500,8978.500,22.95,clear_pass,pass,PASS
cpython-3.11.14,3.11.14,False,True,2.4.6,6a0fa27,timestamp_decay,tau_us=10000.0,1280,720,1000000,16,uniform,engine,sustained,122582383,121791929,126271794,5,10,50,7943.083,8851.583,9726.583,9726.583,22.95,clear_pass,pass,PASS
cpython-3.11.14,3.11.14,False,True,2.4.6,6a0fa27,timestamp_decay,tau_us=10000.0,1280,720,1000000,16,clustered,engine,sustained,129327831,126435038,130378809,5,10,50,7715.625,8360.833,8421.667,8421.667,22.95,clear_pass,pass,PASS
cpython-3.14.2t-gil-disabled,3.14.2,True,False,2.4.6,6a0fa27,event_count,,346,260,10000,16,uniform,kernel,median_call,435578012,430107527,440771350,5,50,250,22.917,25.708,33.250,64.833,0.14,clear_pass,pass,PASS
cpython-3.14.2t-gil-disabled,3.14.2,True,False,2.4.6,6a0fa27,event_count,,346,260,10000,16,clustered,kernel,median_call,488794389,487804878,500000000,5,50,250,20.334,24.500,28.125,32.042,0.14,clear_pass,pass,PASS
cpython-3.14.2t-gil-disabled,3.14.2,True,False,2.4.6,6a0fa27,event_count,,346,260,100000,0,uniform,kernel,median_call,494539053,492660589,497408502,5,20,100,202.208,212.250,246.834,258.292,0.83,clear_pass,pass,PASS
cpython-3.14.2t-gil-disabled,3.14.2,True,False,2.4.6,6a0fa27,event_count,,346,260,100000,0,clustered,kernel,median_call,584011517,568519377,587659733,5,20,100,171.708,182.584,190.125,198.542,0.83,clear_pass,pass,PASS
cpython-3.14.2t-gil-disabled,3.14.2,True,False,2.4.6,6a0fa27,event_count,,346,260,100000,16,uniform,kernel,median_call,495202724,490697600,499740135,5,20,100,202.250,228.166,344.167,376.541,0.83,clear_pass,pass,PASS
cpython-3.14.2t-gil-disabled,3.14.2,True,False,2.4.6,6a0fa27,event_count,,346,260,100000,16,clustered,kernel,median_call,581255104,576021935,588453368,5,20,100,171.459,180.042,183.208,186.250,0.83,clear_pass,pass,PASS
cpython-3.14.2t-gil-disabled,3.14.2,True,False,2.4.6,6a0fa27,event_count,,346,260,1000000,0,uniform,kernel,median_call,423078957,417972832,431701201,5,7,35,2363.541,2500.792,2665.791,2665.791,7.69,clear_pass,pass,PASS
cpython-3.14.2t-gil-disabled,3.14.2,True,False,2.4.6,6a0fa27,event_count,,346,260,1000000,0,clustered,kernel,median_call,493339911,476020469,505625079,5,7,35,2027.000,2463.500,2533.541,2533.541,7.69,clear_pass,pass,PASS
cpython-3.14.2t-gil-disabled,3.14.2,True,False,2.4.6,6a0fa27,event_count,,346,260,1000000,16,uniform,kernel,median_call,431019063,414550731,435311038,5,7,35,2334.958,2591.084,2609.083,2609.083,7.69,clear_pass,pass,PASS
cpython-3.14.2t-gil-disabled,3.14.2,True,False,2.4.6,6a0fa27,event_count,,346,260,1000000,16,clustered,kernel,median_call,495652631,471401486,505465344,5,7,35,2019.458,2400.000,2518.708,2518.708,7.69,clear_pass,pass,PASS
cpython-3.14.2t-gil-disabled,3.14.2,True,False,2.4.6,6a0fa27,event_count,,640,480,10000,16,uniform,kernel,median_call,417388401,413795957,424016282,5,50,250,23.958,32.209,49.209,49.916,0.14,clear_pass,pass,PASS
cpython-3.14.2t-gil-disabled,3.14.2,True,False,2.4.6,6a0fa27,event_count,,640,480,10000,16,clustered,kernel,median_call,478080031,91777641,487804878,5,50,250,21.000,109.500,115.166,300.834,0.14,clear_pass,pass,PASS
cpython-3.14.2t-gil-disabled,3.14.2,True,False,2.4.6,6a0fa27,event_count,,640,480,100000,0,uniform,kernel,median_call,474028006,381739856,476614890,5,20,100,211.000,291.500,297.084,328.041,0.83,clear_pass,pass,PASS
cpython-3.14.2t-gil-disabled,3.14.2,True,False,2.4.6,6a0fa27,event_count,,640,480,100000,0,clustered,kernel,median_call,573409291,538600124,576229385,5,20,100,174.541,189.166,231.917,239.375,0.83,clear_pass,pass,PASS
cpython-3.14.2t-gil-disabled,3.14.2,True,False,2.4.6,6a0fa27,event_count,,640,480,100000,16,uniform,kernel,median_call,473933649,472907149,477088994,5,20,100,210.875,226.625,241.375,334.750,0.83,clear_pass,pass,PASS
cpython-3.14.2t-gil-disabled,3.14.2,True,False,2.4.6,6a0fa27,event_count,,640,480,100000,16,clustered,kernel,median_call,577545604,573203866,581113239,5,20,100,173.084,183.750,193.750,196.459,0.83,clear_pass,pass,PASS
cpython-3.14.2t-gil-disabled,3.14.2,True,False,2.4.6,6a0fa27,event_count,,640,480,1000000,0,uniform,kernel,median_call,411339308,403408804,416985139,5,7,35,2431.083,2549.250,2554.542,2554.542,7.69,clear_pass,pass,PASS
cpython-3.14.2t-gil-disabled,3.14.2,True,False,2.4.6,6a0fa27,event_count,,640,480,1000000,0,clustered,kernel,median_call,493532503,484476642,501315954,5,7,35,2026.583,2180.709,2198.166,2198.166,7.69,clear_pass,pass,PASS
cpython-3.14.2t-gil-disabled,3.14.2,True,False,2.4.6,6a0fa27,event_count,,640,480,1000000,16,uniform,kernel,median_call,415110004,399507328,419925463,5,7,35,2425.875,2684.083,2706.417,2706.417,7.69,clear_pass,pass,PASS
cpython-3.14.2t-gil-disabled,3.14.2,True,False,2.4.6,6a0fa27,event_count,,640,480,1000000,16,clustered,kernel,median_call,490196078,479779225,504212189,5,7,35,2032.458,2168.042,2199.084,2199.084,7.69,clear_pass,pass,PASS
cpython-3.14.2t-gil-disabled,3.14.2,True,False,2.4.6,6a0fa27,event_count,,1280,720,10000,16,uniform,kernel,median_call,406091371,402689969,413436693,5,50,250,24.625,45.167,56.375,61.000,0.14,clear_pass,pass,PASS
cpython-3.14.2t-gil-disabled,3.14.2,True,False,2.4.6,6a0fa27,event_count,,1280,720,10000,16,clustered,kernel,median_call,460203870,453257790,462427746,5,50,250,21.833,25.000,33.750,35.500,0.14,clear_pass,pass,PASS
cpython-3.14.2t-gil-disabled,3.14.2,True,False,2.4.6,6a0fa27,event_count,,1280,720,100000,0,uniform,kernel,median_call,463901504,460829493,465793304,5,20,100,215.542,269.916,308.292,458.458,0.83,clear_pass,pass,PASS
cpython-3.14.2t-gil-disabled,3.14.2,True,False,2.4.6,6a0fa27,event_count,,1280,720,100000,0,clustered,kernel,median_call,542127362,539447067,545888775,5,20,100,184.292,203.125,206.750,207.167,0.83,clear_pass,pass,PASS
cpython-3.14.2t-gil-disabled,3.14.2,True,False,2.4.6,6a0fa27,event_count,,1280,720,100000,16,uniform,kernel,median_call,464082347,461449366,465974539,5,20,100,215.542,229.708,277.500,474.541,0.83,clear_pass,pass,PASS
cpython-3.14.2t-gil-disabled,3.14.2,True,False,2.4.6,6a0fa27,event_count,,1280,720,100000,16,clustered,kernel,median_call,542249359,532799113,544711262,5,20,100,184.542,199.708,208.209,208.875,0.83,clear_pass,pass,PASS
cpython-3.14.2t-gil-disabled,3.14.2,True,False,2.4.6,6a0fa27,event_count,,1280,720,1000000,0,uniform,kernel,median_call,404940271,374806834,409311844,5,7,35,2493.666,2742.250,2929.000,2929.000,7.69,clear_pass,pass,PASS
cpython-3.14.2t-gil-disabled,3.14.2,True,False,2.4.6,6a0fa27,event_count,,1280,720,1000000,0,clustered,kernel,median_call,461911473,454424825,466826166,5,7,35,2174.417,2328.083,2336.958,2336.958,7.69,clear_pass,pass,PASS
cpython-3.14.2t-gil-disabled,3.14.2,True,False,2.4.6,6a0fa27,event_count,,1280,720,1000000,16,uniform,kernel,median_call,401109791,389667271,403076766,5,7,35,2507.333,2678.375,2690.125,2690.125,7.69,clear_pass,pass,PASS
cpython-3.14.2t-gil-disabled,3.14.2,True,False,2.4.6,6a0fa27,event_count,,1280,720,1000000,16,clustered,kernel,median_call,464962949,443868993,468146603,5,7,35,2178.292,2314.250,2329.375,2329.375,7.69,clear_pass,pass,PASS
cpython-3.14.2t-gil-disabled,3.14.2,True,False,2.4.6,6a0fa27,polarity,,346,260,10000,16,uniform,kernel,median_call,303218666,300372462,308090455,5,50,250,32.875,37.042,56.875,63.333,0.15,clear_pass,pass,PASS
cpython-3.14.2t-gil-disabled,3.14.2,True,False,2.4.6,6a0fa27,polarity,,346,260,10000,16,clustered,kernel,median_call,333789512,332867319,338266385,5,50,250,29.916,32.834,38.667,44.125,0.15,clear_pass,pass,PASS
cpython-3.14.2t-gil-disabled,3.14.2,True,False,2.4.6,6a0fa27,polarity,,346,260,100000,0,uniform,kernel,median_call,350749200,334378824,352086641,5,20,100,285.583,344.833,606.792,844.209,0.92,clear_pass,pass,PASS
cpython-3.14.2t-gil-disabled,3.14.2,True,False,2.4.6,6a0fa27,polarity,,346,260,100000,0,clustered,kernel,median_call,396857681,384955182,405268490,5,20,100,251.834,270.000,279.916,282.166,0.92,clear_pass,pass,PASS
cpython-3.14.2t-gil-disabled,3.14.2,True,False,2.4.6,6a0fa27,polarity,,346,260,100000,16,uniform,kernel,median_call,353513036,309457645,353800078,5,20,100,285.208,366.917,469.500,609.375,0.92,clear_pass,pass,PASS
cpython-3.14.2t-gil-disabled,3.14.2,True,False,2.4.6,6a0fa27,polarity,,346,260,100000,16,clustered,kernel,median_call,381922099,377684867,404142460,5,20,100,253.208,357.583,404.500,431.000,0.92,clear_pass,pass,PASS
cpython-3.14.2t-gil-disabled,3.14.2,True,False,2.4.6,6a0fa27,polarity,,346,260,1000000,0,uniform,kernel,median_call,318310864,307668641,320589885,5,7,35,3148.125,3575.833,3988.459,3988.459,8.65,clear_pass,pass,PASS
cpython-3.14.2t-gil-disabled,3.14.2,True,False,2.4.6,6a0fa27,polarity,,346,260,1000000,0,clustered,kernel,median_call,349370487,337249247,364282137,5,7,35,2858.333,3114.042,3232.834,3232.834,8.65,clear_pass,pass,PASS
cpython-3.14.2t-gil-disabled,3.14.2,True,False,2.4.6,6a0fa27,polarity,,346,260,1000000,16,uniform,kernel,median_call,304986468,298355346,311826066,5,7,35,3264.750,3526.958,3539.292,3539.292,8.65,clear_pass,pass,PASS
cpython-3.14.2t-gil-disabled,3.14.2,True,False,2.4.6,6a0fa27,polarity,,346,260,1000000,16,clustered,kernel,median_call,350170708,338285495,366372970,5,7,35,2854.875,3102.709,3135.334,3135.334,8.65,clear_pass,pass,PASS
cpython-3.14.2t-gil-disabled,3.14.2,True,False,2.4.6,6a0fa27,polarity,,640,480,10000,16,uniform,kernel,median_call,297216567,295202952,302270048,5,50,250,33.666,50.083,69.459,371.958,0.15,clear_pass,pass,PASS
cpython-3.14.2t-gil-disabled,3.14.2,True,False,2.4.6,6a0fa27,polarity,,640,480,10000,16,clustered,kernel,median_call,324322571,320000000,324759678,5,50,250,31.042,35.208,44.208,46.542,0.15,clear_pass,pass,PASS
cpython-3.14.2t-gil-disabled,3.14.2,True,False,2.4.6,6a0fa27,polarity,,640,480,100000,0,uniform,kernel,median_call,344926306,339175058,346845870,5,20,100,290.042,305.833,337.125,341.500,0.92,clear_pass,pass,PASS
cpython-3.14.2t-gil-disabled,3.14.2,True,False,2.4.6,6a0fa27,polarity,,640,480,100000,0,clustered,kernel,median_call,388569830,348939051,392894889,5,20,100,257.333,304.709,312.833,371.458,0.92,clear_pass,pass,PASS
cpython-3.14.2t-gil-disabled,3.14.2,True,False,2.4.6,6a0fa27,polarity,,640,480,100000,16,uniform,kernel,median_call,344728922,334704506,346921075,5,20,100,290.875,316.167,338.375,341.041,0.92,clear_pass,pass,PASS
cpython-3.14.2t-gil-disabled,3.14.2,True,False,2.4.6,6a0fa27,polarity,,640,480,100000,16,clustered,kernel,median_call,389674408,385233239,394314770,5,20,100,256.417,267.041,275.584,277.125,0.92,clear_pass,pass,PASS
cpython-3.14.2t-gil-disabled,3.14.2,True,False,2.4.6,6a0fa27,polarity,,640,480,1000000,0,uniform,kernel,median_call,306282654,287239363,311219429,5,7,35,3266.125,3635.583,3682.125,3682.125,8.65,clear_pass,pass,PASS
cpython-3.14.2t-gil-disabled,3.14.2,True,False,2.4.6,6a0fa27,polarity,,640,480,1000000,0,clustered,kernel,median_call,348260231,328767087,355418696,5,7,35,2891.958,3266.833,3299.833,3299.833,8.65,clear_pass,pass,PASS
cpython-3.14.2t-gil-disabled,3.14.2,True,False,2.4.6,6a0fa27,polarity,,640,480,1000000,16,uniform,kernel,median_call,307440112,136805156,311215361,5,7,35,3292.125,9260.500,9266.209,9266.209,8.65,clear_pass,pass,PASS
cpython-3.14.2t-gil-disabled,3.14.2,True,False,2.4.6,6a0fa27,polarity,,640,480,1000000,16,clustered,kernel,median_call,354672814,273988291,356151738,5,7,35,2861.125,3927.500,4144.416,4144.416,8.65,clear_pass,pass,PASS
cpython-3.14.2t-gil-disabled,3.14.2,True,False,2.4.6,6a0fa27,polarity,,1280,720,10000,16,uniform,kernel,median_call,249221184,174990376,263299938,5,50,250,41.584,80.916,192.500,259.459,0.15,clear_pass,pass,PASS
cpython-3.14.2t-gil-disabled,3.14.2,True,False,2.4.6,6a0fa27,polarity,,1280,720,10000,16,clustered,kernel,median_call,303416469,292329280,305730926,5,50,250,33.250,38.833,50.000,125.542,0.15,clear_pass,pass,PASS
cpython-3.14.2t-gil-disabled,3.14.2,True,False,2.4.6,6a0fa27,polarity,,1280,720,100000,0,uniform,kernel,median_call,335687623,256505953,336534902,5,20,100,300.750,523.708,798.875,1163.083,0.92,clear_pass,pass,PASS
cpython-3.14.2t-gil-disabled,3.14.2,True,False,2.4.6,6a0fa27,polarity,,1280,720,100000,0,clustered,kernel,median_call,357142857,317419003,362208603,5,20,100,281.167,379.666,445.708,626.125,0.92,clear_pass,pass,PASS
cpython-3.14.2t-gil-disabled,3.14.2,True,False,2.4.6,6a0fa27,polarity,,1280,720,100000,16,uniform,kernel,median_call,320406019,296479455,335947001,5,20,100,311.792,455.375,545.459,775.208,0.92,clear_pass,pass,PASS
cpython-3.14.2t-gil-disabled,3.14.2,True,False,2.4.6,6a0fa27,polarity,,1280,720,100000,16,clustered,kernel,median_call,358851889,348204570,363196566,5,20,100,278.625,312.625,423.750,453.583,0.92,clear_pass,pass,PASS
cpython-3.14.2t-gil-disabled,3.14.2,True,False,2.4.6,6a0fa27,polarity,,1280,720,1000000,0,uniform,kernel,median_call,294269109,244160535,299236976,5,7,35,3418.583,4450.791,4670.375,4670.375,8.65,clear_pass,pass,PASS
cpython-3.14.2t-gil-disabled,3.14.2,True,False,2.4.6,6a0fa27,polarity,,1280,720,1000000,0,clustered,kernel,median_call,316268037,269844863,327949496,5,7,35,3177.167,3930.583,3960.416,3960.416,8.65,clear_pass,pass,PASS
cpython-3.14.2t-gil-disabled,3.14.2,True,False,2.4.6,6a0fa27,polarity,,1280,720,1000000,16,uniform,kernel,median_call,288711357,233267925,299065421,5,7,35,3467.125,4788.167,5779.375,5779.375,8.65,clear_pass,pass,PASS
cpython-3.14.2t-gil-disabled,3.14.2,True,False,2.4.6,6a0fa27,polarity,,1280,720,1000000,16,clustered,kernel,median_call,316497362,243415134,326588305,5,7,35,3159.584,4516.208,4533.791,4533.791,8.65,clear_pass,pass,PASS
cpython-3.14.2t-gil-disabled,3.14.2,True,False,2.4.6,6a0fa27,time_surface,,346,260,10000,16,uniform,kernel,median_call,379146919,99481700,380343831,5,50,250,26.667,144.083,152.917,196.875,0.16,clear_pass,pass,PASS
cpython-3.14.2t-gil-disabled,3.14.2,True,False,2.4.6,6a0fa27,time_surface,,346,260,10000,16,clustered,kernel,median_call,272420181,112887840,421425260,5,50,250,29.792,132.250,139.625,208.542,0.16,clear_pass,pass,PASS
cpython-3.14.2t-gil-disabled,3.14.2,True,False,2.4.6,6a0fa27,time_surface,,346,260,100000,0,uniform,kernel,median_call,369856681,335125136,384214914,5,20,100,266.958,375.916,391.666,715.166,1.53,clear_pass,pass,PASS
cpython-3.14.2t-gil-disabled,3.14.2,True,False,2.4.6,6a0fa27,time_surface,,346,260,100000,0,clustered,kernel,median_call,374736747,354478571,444897251,5,20,100,236.666,452.834,740.167,783.917,1.53,clear_pass,pass,PASS
cpython-3.14.2t-gil-disabled,3.14.2,True,False,2.4.6,6a0fa27,time_surface,,346,260,100000,16,uniform,kernel,median_call,370198982,344580439,376145598,5,20,100,269.833,313.792,320.375,372.792,1.53,clear_pass,pass,PASS
cpython-3.14.2t-gil-disabled,3.14.2,True,False,2.4.6,6a0fa27,time_surface,,346,260,100000,16,clustered,kernel,median_call,394445420,382592061,419837313,5,20,100,241.708,300.000,462.333,820.041,1.53,clear_pass,pass,PASS
cpython-3.14.2t-gil-disabled,3.14.2,True,False,2.4.6,6a0fa27,time_surface,,346,260,1000000,0,uniform,kernel,median_call,302316561,237480334,308852453,5,7,35,3307.791,4465.917,5078.958,5078.958,15.26,clear_pass,pass,PASS
cpython-3.14.2t-gil-disabled,3.14.2,True,False,2.4.6,6a0fa27,time_surface,,346,260,1000000,0,clustered,kernel,median_call,348913362,343716434,355166104,5,7,35,2870.541,3135.292,3156.917,3156.917,15.26,clear_pass,pass,PASS
cpython-3.14.2t-gil-disabled,3.14.2,True,False,2.4.6,6a0fa27,time_surface,,346,260,1000000,16,uniform,kernel,median_call,308633974,302346999,309190693,5,7,35,3242.250,3493.667,3524.917,3524.917,15.26,clear_pass,pass,PASS
cpython-3.14.2t-gil-disabled,3.14.2,True,False,2.4.6,6a0fa27,time_surface,,346,260,1000000,16,clustered,kernel,median_call,351617440,340522095,355434487,5,7,35,2871.084,3045.750,3151.334,3151.334,15.26,clear_pass,pass,PASS
cpython-3.14.2t-gil-disabled,3.14.2,True,False,2.4.6,6a0fa27,time_surface,,640,480,10000,16,uniform,kernel,median_call,95446714,74499549,145587957,5,50,250,69.917,204.542,220.917,282.750,0.16,clear_pass,pass,PASS
cpython-3.14.2t-gil-disabled,3.14.2,True,False,2.4.6,6a0fa27,time_surface,,640,480,10000,16,clustered,kernel,median_call,407822026,112940751,408864175,5,50,250,24.708,132.792,144.666,161.250,0.16,clear_pass,pass,PASS
cpython-3.14.2t-gil-disabled,3.14.2,True,False,2.4.6,6a0fa27,time_surface,,640,480,100000,0,uniform,kernel,median_call,383326082,376352989,384368502,5,20,100,261.250,302.708,353.459,432.458,1.53,clear_pass,pass,PASS
cpython-3.14.2t-gil-disabled,3.14.2,True,False,2.4.6,6a0fa27,time_surface,,640,480,100000,0,clustered,kernel,median_call,334401747,330396112,380258500,5,20,100,267.500,367.584,469.000,541.750,1.53,clear_pass,pass,PASS
cpython-3.14.2t-gil-disabled,3.14.2,True,False,2.4.6,6a0fa27,time_surface,,640,480,100000,16,uniform,kernel,median_call,345996218,298971985,351545129,5,20,100,284.042,397.709,409.291,574.000,1.53,clear_pass,pass,PASS
cpython-3.14.2t-gil-disabled,3.14.2,True,False,2.4.6,6a0fa27,time_surface,,640,480,100000,16,clustered,kernel,median_call,417937021,329489292,468247000,5,20,100,236.500,346.292,379.833,388.291,1.53,clear_pass,pass,PASS
cpython-3.14.2t-gil-disabled,3.14.2,True,False,2.4.6,6a0fa27,time_surface,,640,480,1000000,0,uniform,kernel,median_call,298763865,296193879,308344575,5,7,35,3347.125,3619.458,3622.750,3622.750,15.26,clear_pass,pass,PASS
cpython-3.14.2t-gil-disabled,3.14.2,True,False,2.4.6,6a0fa27,time_surface,,640,480,1000000,0,clustered,kernel,median_call,326242134,318699705,342656444,5,7,35,3052.167,3244.334,3329.375,3329.375,15.26,clear_pass,pass,PASS
cpython-3.14.2t-gil-disabled,3.14.2,True,False,2.4.6,6a0fa27,time_surface,,640,480,1000000,16,uniform,kernel,median_call,306317742,279544343,312357584,5,7,35,3273.833,3663.000,5087.125,5087.125,15.26,clear_pass,pass,PASS
cpython-3.14.2t-gil-disabled,3.14.2,True,False,2.4.6,6a0fa27,time_surface,,640,480,1000000,16,clustered,kernel,median_call,332428353,329051171,335270414,5,7,35,3006.875,3197.792,3222.333,3222.333,15.26,clear_pass,pass,PASS
cpython-3.14.2t-gil-disabled,3.14.2,True,False,2.4.6,6a0fa27,time_surface,,1280,720,10000,16,uniform,kernel,median_call,73857426,71791890,275862069,5,50,250,48.500,216.916,270.958,279.250,0.16,clear_pass,pass,PASS
cpython-3.14.2t-gil-disabled,3.14.2,True,False,2.4.6,6a0fa27,time_surface,,1280,720,10000,16,clustered,kernel,median_call,374118483,371236589,379441841,5,50,250,26.708,31.958,43.500,47.583,0.16,clear_pass,pass,PASS
cpython-3.14.2t-gil-disabled,3.14.2,True,False,2.4.6,6a0fa27,time_surface,,1280,720,100000,0,uniform,kernel,median_call,274913711,270452643,366384245,5,20,100,282.250,448.083,486.833,683.417,1.53,clear_pass,pass,PASS
cpython-3.14.2t-gil-disabled,3.14.2,True,False,2.4.6,6a0fa27,time_surface,,1280,720,100000,0,clustered,kernel,median_call,329896907,324433580,393507907,5,20,100,266.041,338.792,369.625,413.166,1.53,clear_pass,pass,PASS
cpython-3.14.2t-gil-disabled,3.14.2,True,False,2.4.6,6a0fa27,time_surface,,1280,720,100000,16,uniform,kernel,median_call,273333078,253619467,392798434,5,20,100,282.834,492.750,773.167,781.333,1.53,clear_pass,pass,PASS
cpython-3.14.2t-gil-disabled,3.14.2,True,False,2.4.6,6a0fa27,time_surface,,1280,720,100000,16,clustered,kernel,median_call,349293728,312723793,394802036,5,20,100,266.166,352.917,386.292,451.584,1.53,clear_pass,pass,PASS
cpython-3.14.2t-gil-disabled,3.14.2,True,False,2.4.6,6a0fa27,time_surface,,1280,720,1000000,0,uniform,kernel,median_call,281409366,274967609,287026406,5,7,35,3553.542,4124.209,4149.083,4149.083,15.26,clear_pass,pass,PASS
cpython-3.14.2t-gil-disabled,3.14.2,True,False,2.4.6,6a0fa27,time_surface,,1280,720,1000000,0,clustered,kernel,median_call,307731792,301647751,312463383,5,7,35,3249.583,3642.583,3655.875,3655.875,15.26,clear_pass,pass,PASS
cpython-3.14.2t-gil-disabled,3.14.2,True,False,2.4.6,6a0fa27,time_surface,,1280,720,1000000,16,uniform,kernel,median_call,283332993,277075468,293718104,5,7,35,3519.833,3877.208,3924.583,3924.583,15.26,clear_pass,pass,PASS
cpython-3.14.2t-gil-disabled,3.14.2,True,False,2.4.6,6a0fa27,time_surface,,1280,720,1000000,16,clustered,kernel,median_call,307031010,303405699,312223487,5,7,35,3257.083,3552.750,3686.708,3686.708,15.26,clear_pass,pass,PASS
cpython-3.14.2t-gil-disabled,3.14.2,True,False,2.4.6,6a0fa27,exp_decay,decay=0.95,346,260,10000,16,uniform,kernel,median_call,429331959,417754569,435578012,5,50,250,23.333,27.250,46.625,47.542,0.14,clear_pass,pass,PASS
cpython-3.14.2t-gil-disabled,3.14.2,True,False,2.4.6,6a0fa27,exp_decay,decay=0.95,346,260,10000,16,clustered,kernel,median_call,500000000,496894410,510620915,5,50,250,19.916,22.250,28.541,30.458,0.14,clear_pass,pass,PASS
cpython-3.14.2t-gil-disabled,3.14.2,True,False,2.4.6,6a0fa27,exp_decay,decay=0.95,346,260,100000,0,uniform,kernel,median_call,484016563,473980823,485094266,5,20,100,206.708,219.000,225.334,230.333,0.83,clear_pass,pass,PASS
cpython-3.14.2t-gil-disabled,3.14.2,True,False,2.4.6,6a0fa27,exp_decay,decay=0.95,346,260,100000,0,clustered,kernel,median_call,590405904,561403509,598055721,5,20,100,169.709,182.583,187.208,193.125,0.83,clear_pass,pass,PASS
cpython-3.14.2t-gil-disabled,3.14.2,True,False,2.4.6,6a0fa27,exp_decay,decay=0.95,346,260,100000,16,uniform,kernel,median_call,481976489,457098976,486470052,5,20,100,208.583,228.292,248.875,253.875,0.83,clear_pass,pass,PASS
cpython-3.14.2t-gil-disabled,3.14.2,True,False,2.4.6,6a0fa27,exp_decay,decay=0.95,346,260,100000,16,clustered,kernel,median_call,595091094,589464501,599101946,5,20,100,167.959,177.917,180.292,185.167,0.83,clear_pass,pass,PASS
cpython-3.14.2t-gil-disabled,3.14.2,True,False,2.4.6,6a0fa27,exp_decay,decay=0.95,346,260,1000000,0,uniform,kernel,median_call,422431091,402968427,427038543,5,7,35,2372.083,2543.375,2594.625,2594.625,7.69,clear_pass,pass,PASS
cpython-3.14.2t-gil-disabled,3.14.2,True,False,2.4.6,6a0fa27,exp_decay,decay=0.95,346,260,1000000,0,clustered,kernel,median_call,506553536,494071146,512524825,5,7,35,1988.708,2165.250,2706.417,2706.417,7.69,clear_pass,pass,PASS
cpython-3.14.2t-gil-disabled,3.14.2,True,False,2.4.6,6a0fa27,exp_decay,decay=0.95,346,260,1000000,16,uniform,kernel,median_call,422163588,414364698,424831395,5,7,35,2384.583,2498.916,2569.667,2569.667,7.69,clear_pass,pass,PASS
cpython-3.14.2t-gil-disabled,3.14.2,True,False,2.4.6,6a0fa27,exp_decay,decay=0.95,346,260,1000000,16,clustered,kernel,median_call,511574370,480836733,514182701,5,7,35,1970.875,2097.500,2129.959,2129.959,7.69,clear_pass,pass,PASS
cpython-3.14.2t-gil-disabled,3.14.2,True,False,2.4.6,6a0fa27,exp_decay,decay=0.95,640,480,10000,16,uniform,kernel,median_call,418112640,399329127,421798549,5,50,250,24.083,40.083,52.333,87.167,0.14,clear_pass,pass,PASS
cpython-3.14.2t-gil-disabled,3.14.2,True,False,2.4.6,6a0fa27,exp_decay,decay=0.95,640,480,10000,16,clustered,kernel,median_call,470588235,146252285,481452059,5,50,250,21.250,115.000,348.250,531.667,0.14,clear_pass,pass,PASS
cpython-3.14.2t-gil-disabled,3.14.2,True,False,2.4.6,6a0fa27,exp_decay,decay=0.95,640,480,100000,0,uniform,kernel,median_call,472672443,437558250,474542008,5,20,100,212.083,264.041,304.375,417.459,0.83,clear_pass,pass,PASS
cpython-3.14.2t-gil-disabled,3.14.2,True,False,2.4.6,6a0fa27,exp_decay,decay=0.95,640,480,100000,0,clustered,kernel,median_call,567240714,550900447,571293093,5,20,100,176.166,191.625,221.542,244.250,0.83,clear_pass,pass,PASS
cpython-3.14.2t-gil-disabled,3.14.2,True,False,2.4.6,6a0fa27,exp_decay,decay=0.95,640,480,100000,16,uniform,kernel,median_call,471605794,450450450,474072950,5,20,100,212.250,236.041,253.250,305.250,0.83,clear_pass,pass,PASS
cpython-3.14.2t-gil-disabled,3.14.2,True,False,2.4.6,6a0fa27,exp_decay,decay=0.95,640,480,100000,16,clustered,kernel,median_call,567174761,558010803,569395018,5,20,100,176.916,190.625,195.625,198.750,0.83,clear_pass,pass,PASS
cpython-3.14.2t-gil-disabled,3.14.2,True,False,2.4.6,6a0fa27,exp_decay,decay=0.95,640,480,1000000,0,uniform,kernel,median_call,410600388,395856648,416862071,5,7,35,2439.792,2633.375,2660.458,2660.458,7.69,clear_pass,pass,PASS
cpython-3.14.2t-gil-disabled,3.14.2,True,False,2.4.6,6a0fa27,exp_decay,decay=0.95,640,480,1000000,0,clustered,kernel,median_call,488987751,470976098,495703981,5,7,35,2045.833,2164.750,2194.958,2194.958,7.69,clear_pass,pass,PASS
cpython-3.14.2t-gil-disabled,3.14.2,True,False,2.4.6,6a0fa27,exp_decay,decay=0.95,640,480,1000000,16,uniform,kernel,median_call,413258660,398591537,414622405,5,7,35,2426.667,2611.042,2708.875,2708.875,7.69,clear_pass,pass,PASS
cpython-3.14.2t-gil-disabled,3.14.2,True,False,2.4.6,6a0fa27,exp_decay,decay=0.95,640,480,1000000,16,clustered,kernel,median_call,487933645,59342927,490898014,5,7,35,2057.750,71165.167,108052.958,108052.958,7.69,clear_pass,pass,PASS
cpython-3.14.2t-gil-disabled,3.14.2,True,False,2.4.6,6a0fa27,exp_decay,decay=0.95,1280,720,10000,16,uniform,kernel,median_call,351908222,264753382,365296804,5,50,250,29.625,49.500,66.459,191.791,0.14,clear_pass,pass,PASS
cpython-3.14.2t-gil-disabled,3.14.2,True,False,2.4.6,6a0fa27,exp_decay,decay=0.95,1280,720,10000,16,clustered,kernel,median_call,428183005,425531915,432432432,5,50,250,23.333,28.250,38.458,68.459,0.14,clear_pass,pass,PASS
cpython-3.14.2t-gil-disabled,3.14.2,True,False,2.4.6,6a0fa27,exp_decay,decay=0.95,1280,720,100000,0,uniform,kernel,median_call,452488688,419103579,458891364,5,20,100,220.750,340.000,404.625,421.750,0.83,clear_pass,pass,PASS
cpython-3.14.2t-gil-disabled,3.14.2,True,False,2.4.6,6a0fa27,exp_decay,decay=0.95,1280,720,100000,0,clustered,kernel,median_call,501933700,485044855,503778338,5,20,100,199.709,223.250,572.167,692.541,0.83,clear_pass,pass,PASS
cpython-3.14.2t-gil-disabled,3.14.2,True,False,2.4.6,6a0fa27,exp_decay,decay=0.95,1280,720,100000,16,uniform,kernel,median_call,457098976,321650970,461406783,5,20,100,221.417,358.458,430.584,583.083,0.83,clear_pass,pass,PASS
cpython-3.14.2t-gil-disabled,3.14.2,True,False,2.4.6,6a0fa27,exp_decay,decay=0.95,1280,720,100000,16,clustered,kernel,median_call,501987872,391038951,505529226,5,20,100,201.209,326.542,734.917,1164.917,0.83,clear_pass,pass,PASS
cpython-3.14.2t-gil-disabled,3.14.2,True,False,2.4.6,6a0fa27,exp_decay,decay=0.95,1280,720,1000000,0,uniform,kernel,median_call,389907935,368397669,394082147,5,7,35,2587.792,3185.000,3435.375,3435.375,7.69,clear_pass,pass,PASS
cpython-3.14.2t-gil-disabled,3.14.2,True,False,2.4.6,6a0fa27,exp_decay,decay=0.95,1280,720,1000000,0,clustered,kernel,median_call,441671727,439544403,445235975,5,7,35,2264.125,2398.541,2403.583,2403.583,7.69,clear_pass,pass,PASS
cpython-3.14.2t-gil-disabled,3.14.2,True,False,2.4.6,6a0fa27,exp_decay,decay=0.95,1280,720,1000000,16,uniform,kernel,median_call,387409201,385041151,400246872,5,7,35,2569.792,2807.833,2813.250,2813.250,7.69,clear_pass,pass,PASS
cpython-3.14.2t-gil-disabled,3.14.2,True,False,2.4.6,6a0fa27,exp_decay,decay=0.95,1280,720,1000000,16,clustered,kernel,median_call,443803395,442428935,448464078,5,7,35,2251.125,2396.459,2450.666,2450.666,7.69,clear_pass,pass,PASS
cpython-3.14.2t-gil-disabled,3.14.2,True,False,2.4.6,6a0fa27,timestamp_decay,tau_us=10000.0,346,260,10000,16,uniform,kernel,median_call,71481672,48681581,209424084,5,50,250,52.375,275.833,524.625,618.834,0.29,clear_pass,pass,PASS
cpython-3.14.2t-gil-disabled,3.14.2,True,False,2.4.6,6a0fa27,timestamp_decay,tau_us=10000.0,346,260,10000,16,clustered,kernel,median_call,170153393,63041765,174102285,5,50,250,57.791,262.708,342.542,640.500,0.29,clear_pass,pass,PASS
cpython-3.14.2t-gil-disabled,3.14.2,True,False,2.4.6,6a0fa27,timestamp_decay,tau_us=10000.0,346,260,100000,0,uniform,kernel,median_call,210859251,144936148,214534728,5,20,100,477.375,777.292,1411.916,3789.333,2.35,clear_pass,pass,PASS
cpython-3.14.2t-gil-disabled,3.14.2,True,False,2.4.6,6a0fa27,timestamp_decay,tau_us=10000.0,346,260,100000,0,clustered,kernel,median_call,230669333,205840731,235063755,5,20,100,442.000,511.375,555.875,695.583,2.35,clear_pass,pass,PASS
cpython-3.14.2t-gil-disabled,3.14.2,True,False,2.4.6,6a0fa27,timestamp_decay,tau_us=10000.0,346,260,100000,16,uniform,kernel,median_call,213314448,200409236,214247226,5,20,100,477.291,637.375,663.875,755.750,2.35,clear_pass,pass,PASS
cpython-3.14.2t-gil-disabled,3.14.2,True,False,2.4.6,6a0fa27,timestamp_decay,tau_us=10000.0,346,260,100000,16,clustered,kernel,median_call,195910371,151195350,232930829,5,20,100,489.125,672.250,698.375,765.542,2.35,clear_pass,pass,PASS
cpython-3.14.2t-gil-disabled,3.14.2,True,False,2.4.6,6a0fa27,timestamp_decay,tau_us=10000.0,346,260,1000000,0,uniform,kernel,median_call,166716432,148737590,168687401,5,7,35,6007.333,6785.958,6827.125,6827.125,22.95,clear_pass,pass,PASS
cpython-3.14.2t-gil-disabled,3.14.2,True,False,2.4.6,6a0fa27,timestamp_decay,tau_us=10000.0,346,260,1000000,0,clustered,kernel,median_call,182567839,181297627,183953176,5,7,35,5475.292,6016.500,6102.625,6102.625,22.95,clear_pass,pass,PASS
cpython-3.14.2t-gil-disabled,3.14.2,True,False,2.4.6,6a0fa27,timestamp_decay,tau_us=10000.0,346,260,1000000,16,uniform,kernel,median_call,166940254,123645693,169929540,5,7,35,6012.542,8294.625,8394.458,8394.458,22.95,clear_pass,pass,PASS
cpython-3.14.2t-gil-disabled,3.14.2,True,False,2.4.6,6a0fa27,timestamp_decay,tau_us=10000.0,346,260,1000000,16,clustered,kernel,median_call,181281194,174532741,183067769,5,7,35,5516.292,5955.792,5994.083,5994.083,22.95,clear_pass,pass,PASS
cpython-3.14.2t-gil-disabled,3.14.2,True,False,2.4.6,6a0fa27,timestamp_decay,tau_us=10000.0,640,480,10000,16,uniform,kernel,median_call,68454001,58344589,207253886,5,50,250,56.916,256.916,275.750,386.750,0.29,clear_pass,pass,PASS
cpython-3.14.2t-gil-disabled,3.14.2,True,False,2.4.6,6a0fa27,timestamp_decay,tau_us=10000.0,640,480,10000,16,clustered,kernel,median_call,182023372,178705458,218381141,5,50,250,48.584,61.125,66.208,70.334,0.29,clear_pass,pass,PASS
cpython-3.14.2t-gil-disabled,3.14.2,True,False,2.4.6,6a0fa27,timestamp_decay,tau_us=10000.0,640,480,100000,0,uniform,kernel,median_call,210766590,186625136,213589641,5,20,100,482.000,539.708,552.875,590.459,2.35,clear_pass,pass,PASS
cpython-3.14.2t-gil-disabled,3.14.2,True,False,2.4.6,6a0fa27,timestamp_decay,tau_us=10000.0,640,480,100000,0,clustered,kernel,median_call,209552229,144691626,224855783,5,20,100,476.791,715.167,738.917,1157.500,2.35,clear_pass,pass,PASS
cpython-3.14.2t-gil-disabled,3.14.2,True,False,2.4.6,6a0fa27,timestamp_decay,tau_us=10000.0,640,480,100000,16,uniform,kernel,median_call,199833339,145445766,216743195,5,20,100,491.250,696.459,718.208,795.959,2.35,clear_pass,pass,PASS
cpython-3.14.2t-gil-disabled,3.14.2,True,False,2.4.6,6a0fa27,timestamp_decay,tau_us=10000.0,640,480,100000,16,clustered,kernel,median_call,199950012,150550601,223453451,5,20,100,466.416,668.625,680.375,725.000,2.35,clear_pass,pass,PASS
cpython-3.14.2t-gil-disabled,3.14.2,True,False,2.4.6,6a0fa27,timestamp_decay,tau_us=10000.0,640,480,1000000,0,uniform,kernel,median_call,165432814,163323089,167559143,5,7,35,6039.167,6696.667,6719.833,6719.833,22.95,clear_pass,pass,PASS
cpython-3.14.2t-gil-disabled,3.14.2,True,False,2.4.6,6a0fa27,timestamp_decay,tau_us=10000.0,640,480,1000000,0,clustered,kernel,median_call,175731482,171918549,179318579,5,7,35,5703.500,6696.708,6784.666,6784.666,22.95,clear_pass,pass,PASS
cpython-3.14.2t-gil-disabled,3.14.2,True,False,2.4.6,6a0fa27,timestamp_decay,tau_us=10000.0,640,480,1000000,16,uniform,kernel,median_call,164642931,162550958,165516109,5,7,35,6082.125,6604.834,6691.541,6691.541,22.95,clear_pass,pass,PASS
cpython-3.14.2t-gil-disabled,3.14.2,True,False,2.4.6,6a0fa27,timestamp_decay,tau_us=10000.0,640,480,1000000,16,clustered,kernel,median_call,176923293,176047288,179283761,5,7,35,5632.125,6789.417,7260.667,7260.667,22.95,clear_pass,pass,PASS
cpython-3.14.2t-gil-disabled,3.14.2,True,False,2.4.6,6a0fa27,timestamp_decay,tau_us=10000.0,1280,720,10000,16,uniform,kernel,median_call,65555931,58968001,68955531,5,50,250,104.750,255.542,277.250,317.375,0.29,clear_pass,pass,PASS
cpython-3.14.2t-gil-disabled,3.14.2,True,False,2.4.6,6a0fa27,timestamp_decay,tau_us=10000.0,1280,720,10000,16,clustered,kernel,median_call,160160160,157635468,208787882,5,50,250,52.792,68.125,79.458,86.542,0.29,clear_pass,pass,PASS
cpython-3.14.2t-gil-disabled,3.14.2,True,False,2.4.6,6a0fa27,timestamp_decay,tau_us=10000.0,1280,720,100000,0,uniform,kernel,median_call,168996280,164220466,204751882,5,20,100,500.709,676.000,717.541,997.125,2.35,clear_pass,pass,PASS
cpython-3.14.2t-gil-disabled,3.14.2,True,False,2.4.6,6a0fa27,timestamp_decay,tau_us=10000.0,1280,720,100000,0,clustered,kernel,median_call,214295205,186465582,232490555,5,20,100,474.209,569.500,579.417,605.500,2.35,clear_pass,pass,PASS
cpython-3.14.2t-gil-disabled,3.14.2,True,False,2.4.6,6a0fa27,timestamp_decay,tau_us=10000.0,1280,720,100000,16,uniform,kernel,median_call,201055542,167638692,204533694,5,20,100,496.667,634.541,718.917,740.958,2.35,clear_pass,pass,PASS
cpython-3.14.2t-gil-disabled,3.14.2,True,False,2.4.6,6a0fa27,timestamp_decay,tau_us=10000.0,1280,720,100000,16,clustered,kernel,median_call,199567537,176763079,232490825,5,20,100,482.125,574.583,635.750,661.542,2.35,clear_pass,pass,PASS
cpython-3.14.2t-gil-disabled,3.14.2,True,False,2.4.6,6a0fa27,timestamp_decay,tau_us=10000.0,1280,720,1000000,0,uniform,kernel,median_call,161471561,150152021,162164362,5,7,35,6381.625,7007.583,7021.959,7021.959,22.95,clear_pass,pass,PASS
cpython-3.14.2t-gil-disabled,3.14.2,True,False,2.4.6,6a0fa27,timestamp_decay,tau_us=10000.0,1280,720,1000000,0,clustered,kernel,median_call,168717057,167388530,173216412,5,7,35,5892.541,6500.958,6531.500,6531.500,22.95,clear_pass,pass,PASS
cpython-3.14.2t-gil-disabled,3.14.2,True,False,2.4.6,6a0fa27,timestamp_decay,tau_us=10000.0,1280,720,1000000,16,uniform,kernel,median_call,159369966,155796608,164120528,5,7,35,6273.500,6847.667,7005.709,7005.709,22.95,clear_pass,pass,PASS
cpython-3.14.2t-gil-disabled,3.14.2,True,False,2.4.6,6a0fa27,timestamp_decay,tau_us=10000.0,1280,720,1000000,16,clustered,kernel,median_call,171541299,168328915,173463035,5,7,35,5875.125,6495.667,6571.125,6571.125,22.95,clear_pass,pass,PASS
cpython-3.14.2t-gil-disabled,3.14.2,True,False,2.4.6,6a0fa27,event_count,,346,260,10000,16,uniform,engine,sustained,246168313,241855570,250567771,5,320,1600,39.625,45.125,53.667,266.625,0.14,clear_pass,pass,PASS
cpython-3.14.2t-gil-disabled,3.14.2,True,False,2.4.6,6a0fa27,event_count,,346,260,10000,16,clustered,engine,sustained,262092712,253714902,268410372,5,320,1600,37.125,42.500,56.500,275.416,0.14,clear_pass,pass,PASS
cpython-3.14.2t-gil-disabled,3.14.2,True,False,2.4.6,6a0fa27,event_count,,346,260,100000,0,uniform,engine,sustained,286290220,224461676,292160857,5,20,100,346.209,532.458,552.917,632.041,0.83,clear_pass,pass,PASS
cpython-3.14.2t-gil-disabled,3.14.2,True,False,2.4.6,6a0fa27,event_count,,346,260,100000,0,clustered,engine,sustained,306300197,292306977,321461596,5,20,100,312.709,402.500,433.458,504.791,0.83,clear_pass,pass,PASS
cpython-3.14.2t-gil-disabled,3.14.2,True,False,2.4.6,6a0fa27,event_count,,346,260,100000,16,uniform,engine,sustained,298982510,297551811,301462129,5,40,200,330.042,351.834,361.167,374.583,0.83,clear_pass,pass,PASS
cpython-3.14.2t-gil-disabled,3.14.2,True,False,2.4.6,6a0fa27,event_count,,346,260,100000,16,clustered,engine,sustained,321690962,309591485,330212441,5,40,200,299.541,343.709,428.458,521.708,0.83,clear_pass,pass,PASS
cpython-3.14.2t-gil-disabled,3.14.2,True,False,2.4.6,6a0fa27,event_count,,346,260,1000000,0,uniform,engine,sustained,266933610,260456220,273814069,5,7,35,3701.583,4155.584,4162.417,4162.417,7.69,clear_pass,pass,PASS
cpython-3.14.2t-gil-disabled,3.14.2,True,False,2.4.6,6a0fa27,event_count,,346,260,1000000,0,clustered,engine,sustained,292373736,281145669,297767818,5,7,35,3394.500,3752.292,3848.958,3848.958,7.69,clear_pass,pass,PASS
cpython-3.14.2t-gil-disabled,3.14.2,True,False,2.4.6,6a0fa27,event_count,,346,260,1000000,16,uniform,engine,sustained,265563699,262527759,276001669,5,10,50,3706.500,4060.208,4135.625,4135.625,7.69,clear_pass,pass,PASS
cpython-3.14.2t-gil-disabled,3.14.2,True,False,2.4.6,6a0fa27,event_count,,346,260,1000000,16,clustered,engine,sustained,290416966,289425129,298277824,5,10,50,3383.083,3691.625,3857.750,3857.750,7.69,clear_pass,pass,PASS
cpython-3.14.2t-gil-disabled,3.14.2,True,False,2.4.6,6a0fa27,event_count,,640,480,10000,16,uniform,engine,sustained,228235954,217749437,236146398,5,320,1600,40.459,48.542,120.042,398.292,0.14,clear_pass,pass,PASS
cpython-3.14.2t-gil-disabled,3.14.2,True,False,2.4.6,6a0fa27,event_count,,640,480,10000,16,clustered,engine,sustained,250396448,249621979,252857707,5,320,1600,36.959,42.667,114.500,277.917,0.14,clear_pass,pass,PASS
cpython-3.14.2t-gil-disabled,3.14.2,True,False,2.4.6,6a0fa27,event_count,,640,480,100000,0,uniform,engine,sustained,225330938,220208707,255501359,5,20,100,393.208,582.792,774.667,879.292,1.17,clear_pass,pass,PASS
cpython-3.14.2t-gil-disabled,3.14.2,True,False,2.4.6,6a0fa27,event_count,,640,480,100000,0,clustered,engine,sustained,248032452,240921593,263332526,5,20,100,397.625,497.041,557.708,689.666,1.17,clear_pass,pass,PASS
cpython-3.14.2t-gil-disabled,3.14.2,True,False,2.4.6,6a0fa27,event_count,,640,480,100000,16,uniform,engine,sustained,285196491,270698559,287388240,5,40,200,340.875,402.417,434.292,445.334,0.83,clear_pass,pass,PASS
cpython-3.14.2t-gil-disabled,3.14.2,True,False,2.4.6,6a0fa27,event_count,,640,480,100000,16,clustered,engine,sustained,308078496,274142421,319054425,5,40,200,302.292,402.333,599.791,749.458,0.83,clear_pass,pass,PASS
cpython-3.14.2t-gil-disabled,3.14.2,True,False,2.4.6,6a0fa27,event_count,,640,480,1000000,0,uniform,engine,sustained,259086957,250258445,263576119,5,7,35,3822.541,4095.834,4320.208,4320.208,7.69,clear_pass,pass,PASS
cpython-3.14.2t-gil-disabled,3.14.2,True,False,2.4.6,6a0fa27,event_count,,640,480,1000000,0,clustered,engine,sustained,292607999,276899621,293728888,5,7,35,3417.250,3709.834,4029.750,4029.750,7.69,clear_pass,pass,PASS
cpython-3.14.2t-gil-disabled,3.14.2,True,False,2.4.6,6a0fa27,event_count,,640,480,1000000,16,uniform,engine,sustained,259898075,253854630,265077081,5,10,50,3786.125,4220.042,4369.750,4369.750,7.69,clear_pass,pass,PASS
cpython-3.14.2t-gil-disabled,3.14.2,True,False,2.4.6,6a0fa27,event_count,,640,480,1000000,16,clustered,engine,sustained,288210061,270474047,289498804,5,10,50,3422.625,3848.000,4491.500,4491.500,7.69,clear_pass,pass,PASS
cpython-3.14.2t-gil-disabled,3.14.2,True,False,2.4.6,6a0fa27,event_count,,1280,720,10000,16,uniform,engine,sustained,212345911,206069932,220854809,5,320,1600,40.875,54.667,228.375,395.958,0.14,clear_pass,pass,PASS
cpython-3.14.2t-gil-disabled,3.14.2,True,False,2.4.6,6a0fa27,event_count,,1280,720,10000,16,clustered,engine,sustained,228640070,176102011,229489946,5,320,1600,37.875,116.250,265.292,428.791,0.14,clear_pass,pass,PASS
cpython-3.14.2t-gil-disabled,3.14.2,True,False,2.4.6,6a0fa27,event_count,,1280,720,100000,0,uniform,engine,sustained,175508507,160619503,199746961,5,20,100,570.833,712.709,799.375,994.125,3.52,clear_pass,pass,PASS
cpython-3.14.2t-gil-disabled,3.14.2,True,False,2.4.6,6a0fa27,event_count,,1280,720,100000,0,clustered,engine,sustained,170401876,157487557,211634613,5,20,100,568.125,674.667,841.375,965.458,3.52,clear_pass,pass,PASS
cpython-3.14.2t-gil-disabled,3.14.2,True,False,2.4.6,6a0fa27,event_count,,1280,720,100000,16,uniform,engine,sustained,264820234,234244633,269380695,5,40,200,346.500,543.667,605.291,628.083,0.83,clear_pass,pass,PASS
cpython-3.14.2t-gil-disabled,3.14.2,True,False,2.4.6,6a0fa27,event_count,,1280,720,100000,16,clustered,engine,sustained,275987329,227586823,277255459,5,40,200,319.250,574.416,788.500,965.583,0.83,clear_pass,pass,PASS
cpython-3.14.2t-gil-disabled,3.14.2,True,False,2.4.6,6a0fa27,event_count,,1280,720,1000000,0,uniform,engine,sustained,242465522,239672331,243261449,5,7,35,4120.125,4295.459,4441.833,4441.833,7.69,clear_pass,pass,PASS
cpython-3.14.2t-gil-disabled,3.14.2,True,False,2.4.6,6a0fa27,event_count,,1280,720,1000000,0,clustered,engine,sustained,258644184,256796316,261499760,5,7,35,3841.917,4264.958,4368.000,4368.000,7.69,clear_pass,pass,PASS
cpython-3.14.2t-gil-disabled,3.14.2,True,False,2.4.6,6a0fa27,event_count,,1280,720,1000000,16,uniform,engine,sustained,242296973,223118205,243066279,5,10,50,4136.542,4591.583,5700.417,5700.417,7.69,clear_pass,pass,PASS
cpython-3.14.2t-gil-disabled,3.14.2,True,False,2.4.6,6a0fa27,event_count,,1280,720,1000000,16,clustered,engine,sustained,258181954,253709448,263849632,5,10,50,3782.083,4249.250,4722.333,4722.333,7.69,clear_pass,pass,PASS
cpython-3.14.2t-gil-disabled,3.14.2,True,False,2.4.6,6a0fa27,polarity,,346,260,10000,16,uniform,engine,sustained,193598204,144940888,195436198,5,320,1600,49.667,69.042,294.083,697.666,0.15,clear_pass,pass,PASS
cpython-3.14.2t-gil-disabled,3.14.2,True,False,2.4.6,6a0fa27,polarity,,346,260,10000,16,clustered,engine,sustained,203410883,200769071,208587332,5,320,1600,46.583,53.542,95.250,353.167,0.15,clear_pass,pass,PASS
cpython-3.14.2t-gil-disabled,3.14.2,True,False,2.4.6,6a0fa27,polarity,,346,260,100000,0,uniform,engine,sustained,212008523,190137366,216356509,5,20,100,437.708,608.334,656.000,704.084,0.92,clear_pass,pass,PASS
cpython-3.14.2t-gil-disabled,3.14.2,True,False,2.4.6,6a0fa27,polarity,,346,260,100000,0,clustered,engine,sustained,223552159,211019613,235169588,5,20,100,410.000,542.875,644.084,646.375,0.92,clear_pass,pass,PASS
cpython-3.14.2t-gil-disabled,3.14.2,True,False,2.4.6,6a0fa27,polarity,,346,260,100000,16,uniform,engine,sustained,236131593,211231808,240244497,5,40,200,414.750,483.000,685.875,936.250,0.92,clear_pass,pass,PASS
cpython-3.14.2t-gil-disabled,3.14.2,True,False,2.4.6,6a0fa27,polarity,,346,260,100000,16,clustered,engine,sustained,257023984,179357800,262102484,5,40,200,379.833,530.375,609.458,4490.167,0.92,clear_pass,pass,PASS
cpython-3.14.2t-gil-disabled,3.14.2,True,False,2.4.6,6a0fa27,polarity,,346,260,1000000,0,uniform,engine,sustained,215076883,211695947,217948033,5,7,35,4650.750,4980.000,4997.333,4997.333,8.65,clear_pass,pass,PASS
cpython-3.14.2t-gil-disabled,3.14.2,True,False,2.4.6,6a0fa27,polarity,,346,260,1000000,0,clustered,engine,sustained,229144758,223287559,236064816,5,7,35,4371.708,4664.709,4805.500,4805.500,8.65,clear_pass,pass,PASS
cpython-3.14.2t-gil-disabled,3.14.2,True,False,2.4.6,6a0fa27,polarity,,346,260,1000000,16,uniform,engine,sustained,210621841,207610300,213686633,5,10,50,4697.958,5203.500,5510.584,5510.584,8.65,clear_pass,pass,PASS
cpython-3.14.2t-gil-disabled,3.14.2,True,False,2.4.6,6a0fa27,polarity,,346,260,1000000,16,clustered,engine,sustained,227785882,208561804,235352729,5,10,50,4405.834,4866.834,6406.584,6406.584,8.65,clear_pass,pass,PASS
cpython-3.14.2t-gil-disabled,3.14.2,True,False,2.4.6,6a0fa27,polarity,,640,480,10000,16,uniform,engine,sustained,183290903,180013323,187462497,5,320,1600,50.209,61.333,174.875,384.083,0.15,clear_pass,pass,PASS
cpython-3.14.2t-gil-disabled,3.14.2,True,False,2.4.6,6a0fa27,polarity,,640,480,10000,16,clustered,engine,sustained,191812461,178119589,195508964,5,320,1600,47.333,66.250,209.292,469.625,0.15,clear_pass,pass,PASS
cpython-3.14.2t-gil-disabled,3.14.2,True,False,2.4.6,6a0fa27,polarity,,640,480,100000,0,uniform,engine,sustained,166773221,162593391,180506784,5,20,100,583.583,663.792,714.083,889.417,2.34,clear_pass,pass,PASS
cpython-3.14.2t-gil-disabled,3.14.2,True,False,2.4.6,6a0fa27,polarity,,640,480,100000,0,clustered,engine,sustained,177710611,138192304,180270819,5,20,100,570.458,824.167,951.333,1299.917,2.34,clear_pass,pass,PASS
cpython-3.14.2t-gil-disabled,3.14.2,True,False,2.4.6,6a0fa27,polarity,,640,480,100000,16,uniform,engine,sustained,225835005,190725214,226405479,5,40,200,422.125,594.750,724.542,1034.291,0.92,clear_pass,pass,PASS
cpython-3.14.2t-gil-disabled,3.14.2,True,False,2.4.6,6a0fa27,polarity,,640,480,100000,16,clustered,engine,sustained,234360151,217836235,238721698,5,40,200,388.208,573.750,628.458,798.500,0.92,clear_pass,pass,PASS
cpython-3.14.2t-gil-disabled,3.14.2,True,False,2.4.6,6a0fa27,polarity,,640,480,1000000,0,uniform,engine,sustained,204338050,198191744,207176456,5,7,35,4953.625,5301.458,5442.000,5442.000,8.65,clear_pass,pass,PASS
cpython-3.14.2t-gil-disabled,3.14.2,True,False,2.4.6,6a0fa27,polarity,,640,480,1000000,0,clustered,engine,sustained,217783301,215720369,220402454,5,7,35,4590.041,5063.584,5170.083,5170.083,8.65,clear_pass,pass,PASS
cpython-3.14.2t-gil-disabled,3.14.2,True,False,2.4.6,6a0fa27,polarity,,640,480,1000000,16,uniform,engine,sustained,204319302,199126991,206423017,5,10,50,4828.708,5340.709,5427.000,5427.000,8.65,clear_pass,pass,PASS
cpython-3.14.2t-gil-disabled,3.14.2,True,False,2.4.6,6a0fa27,polarity,,640,480,1000000,16,clustered,engine,sustained,221910532,219029464,223957063,5,10,50,4474.833,4772.625,5007.250,5007.250,8.65,clear_pass,pass,PASS
cpython-3.14.2t-gil-disabled,3.14.2,True,False,2.4.6,6a0fa27,polarity,,1280,720,10000,16,uniform,engine,sustained,150418683,100680902,152271665,5,320,1600,50.834,287.708,448.542,713.542,0.15,clear_pass,pass,PASS
cpython-3.14.2t-gil-disabled,3.14.2,True,False,2.4.6,6a0fa27,polarity,,1280,720,10000,16,clustered,engine,sustained,150237133,128709467,152667859,5,320,1600,49.084,111.917,521.459,756.542,0.15,clear_pass,pass,PASS
cpython-3.14.2t-gil-disabled,3.14.2,True,False,2.4.6,6a0fa27,polarity,,1280,720,100000,0,uniform,engine,sustained,109352110,108334275,118184381,5,20,100,863.584,1070.792,1174.375,1330.458,7.03,clear_pass,pass,PASS
cpython-3.14.2t-gil-disabled,3.14.2,True,False,2.4.6,6a0fa27,polarity,,1280,720,100000,0,clustered,engine,sustained,108094471,96775573,111833625,5,20,100,904.209,1113.875,1432.334,1686.208,7.03,clear_pass,pass,PASS
cpython-3.14.2t-gil-disabled,3.14.2,True,False,2.4.6,6a0fa27,polarity,,1280,720,100000,16,uniform,engine,sustained,200639931,195963178,208344684,5,40,200,428.042,791.209,844.250,852.792,0.92,clear_pass,pass,PASS
cpython-3.14.2t-gil-disabled,3.14.2,True,False,2.4.6,6a0fa27,polarity,,1280,720,100000,16,clustered,engine,sustained,189839613,180672219,202943956,5,40,200,413.416,887.333,944.625,1421.125,0.92,clear_pass,pass,PASS
cpython-3.14.2t-gil-disabled,3.14.2,True,False,2.4.6,6a0fa27,polarity,,1280,720,1000000,0,uniform,engine,sustained,186892807,186211481,189669129,5,7,35,5325.708,5651.209,6007.875,6007.875,8.65,clear_pass,pass,PASS
cpython-3.14.2t-gil-disabled,3.14.2,True,False,2.4.6,6a0fa27,polarity,,1280,720,1000000,0,clustered,engine,sustained,197449611,194445125,197738482,5,7,35,5073.917,5374.542,5389.292,5389.292,8.65,clear_pass,pass,PASS
cpython-3.14.2t-gil-disabled,3.14.2,True,False,2.4.6,6a0fa27,polarity,,1280,720,1000000,16,uniform,engine,sustained,189232207,188018085,190874908,5,10,50,5265.334,5510.583,5648.167,5648.167,8.65,clear_pass,pass,PASS
cpython-3.14.2t-gil-disabled,3.14.2,True,False,2.4.6,6a0fa27,polarity,,1280,720,1000000,16,clustered,engine,sustained,197168495,194891728,198108727,5,10,50,5010.750,5527.958,5602.416,5602.416,8.65,clear_pass,pass,PASS
cpython-3.14.2t-gil-disabled,3.14.2,True,False,2.4.6,6a0fa27,time_surface,,346,260,10000,16,uniform,engine,sustained,134683683,88370144,160565939,5,320,1600,45.333,217.458,286.208,486.875,0.16,clear_pass,pass,PASS
cpython-3.14.2t-gil-disabled,3.14.2,True,False,2.4.6,6a0fa27,time_surface,,346,260,10000,16,clustered,engine,sustained,122159710,108099424,246105534,5,320,1600,40.167,234.875,242.958,301.292,0.16,clear_pass,pass,PASS
cpython-3.14.2t-gil-disabled,3.14.2,True,False,2.4.6,6a0fa27,time_surface,,346,260,100000,0,uniform,engine,sustained,214124165,193655404,220191567,5,20,100,471.917,628.916,763.417,915.958,1.53,clear_pass,pass,PASS
cpython-3.14.2t-gil-disabled,3.14.2,True,False,2.4.6,6a0fa27,time_surface,,346,260,100000,0,clustered,engine,sustained,235991737,213802742,252608977,5,20,100,417.792,561.167,605.541,622.500,1.53,clear_pass,pass,PASS
cpython-3.14.2t-gil-disabled,3.14.2,True,False,2.4.6,6a0fa27,time_surface,,346,260,100000,16,uniform,engine,sustained,223084680,220582157,241544143,5,40,200,419.041,522.959,536.875,545.084,1.53,clear_pass,pass,PASS
cpython-3.14.2t-gil-disabled,3.14.2,True,False,2.4.6,6a0fa27,time_surface,,346,260,100000,16,clustered,engine,sustained,245887758,240388776,267499661,5,40,200,388.709,480.583,500.917,507.875,1.53,clear_pass,pass,PASS
cpython-3.14.2t-gil-disabled,3.14.2,True,False,2.4.6,6a0fa27,time_surface,,346,260,1000000,0,uniform,engine,sustained,214534458,203457806,215065049,5,7,35,4656.208,4945.166,5139.125,5139.125,15.26,clear_pass,pass,PASS
cpython-3.14.2t-gil-disabled,3.14.2,True,False,2.4.6,6a0fa27,time_surface,,346,260,1000000,0,clustered,engine,sustained,228297472,225717876,234401493,5,7,35,4303.417,4967.208,5087.292,5087.292,15.26,clear_pass,pass,PASS
cpython-3.14.2t-gil-disabled,3.14.2,True,False,2.4.6,6a0fa27,time_surface,,346,260,1000000,16,uniform,engine,sustained,215075923,214465515,221062470,5,10,50,4616.541,4827.375,4867.000,4867.000,15.26,clear_pass,pass,PASS
cpython-3.14.2t-gil-disabled,3.14.2,True,False,2.4.6,6a0fa27,time_surface,,346,260,1000000,16,clustered,engine,sustained,233076475,228155320,236789614,5,10,50,4247.958,4554.708,4776.875,4776.875,15.26,clear_pass,pass,PASS
cpython-3.14.2t-gil-disabled,3.14.2,True,False,2.4.6,6a0fa27,time_surface,,640,480,10000,16,uniform,engine,sustained,117340933,113581904,196330569,5,320,1600,45.667,198.167,216.542,425.125,0.16,clear_pass,pass,PASS
cpython-3.14.2t-gil-disabled,3.14.2,True,False,2.4.6,6a0fa27,time_surface,,640,480,10000,16,clustered,engine,sustained,222328152,94078109,228660606,5,320,1600,41.125,260.625,268.750,479.000,0.16,clear_pass,pass,PASS
cpython-3.14.2t-gil-disabled,3.14.2,True,False,2.4.6,6a0fa27,time_surface,,640,480,100000,0,uniform,engine,sustained,168820279,167696716,173565249,5,20,100,553.375,678.875,910.958,911.833,2.34,clear_pass,pass,PASS
cpython-3.14.2t-gil-disabled,3.14.2,True,False,2.4.6,6a0fa27,time_surface,,640,480,100000,0,clustered,engine,sustained,187749302,181789905,202710441,5,20,100,500.417,627.417,687.084,1092.209,2.34,clear_pass,pass,PASS
cpython-3.14.2t-gil-disabled,3.14.2,True,False,2.4.6,6a0fa27,time_surface,,640,480,100000,16,uniform,engine,sustained,249146812,231090353,255411532,5,40,200,380.209,518.292,600.458,635.334,1.53,clear_pass,pass,PASS
cpython-3.14.2t-gil-disabled,3.14.2,True,False,2.4.6,6a0fa27,time_surface,,640,480,100000,16,clustered,engine,sustained,248258344,245127449,260683919,5,40,200,376.459,561.833,587.167,594.500,1.53,clear_pass,pass,PASS
cpython-3.14.2t-gil-disabled,3.14.2,True,False,2.4.6,6a0fa27,time_surface,,640,480,1000000,0,uniform,engine,sustained,201396101,199472822,204279659,5,7,35,4948.666,5202.667,5460.459,5460.459,15.26,clear_pass,pass,PASS
cpython-3.14.2t-gil-disabled,3.14.2,True,False,2.4.6,6a0fa27,time_surface,,640,480,1000000,0,clustered,engine,sustained,211394138,209617446,213943780,5,7,35,4714.333,5276.708,5371.833,5371.833,15.26,clear_pass,pass,PASS
cpython-3.14.2t-gil-disabled,3.14.2,True,False,2.4.6,6a0fa27,time_surface,,640,480,1000000,16,uniform,engine,sustained,201847738,199803525,205022014,5,10,50,4912.125,5238.417,5261.000,5261.000,15.26,clear_pass,pass,PASS
cpython-3.14.2t-gil-disabled,3.14.2,True,False,2.4.6,6a0fa27,time_surface,,640,480,1000000,16,clustered,engine,sustained,219042653,213738573,225447367,5,10,50,4555.584,4812.000,5095.000,5095.000,15.26,clear_pass,pass,PASS
cpython-3.14.2t-gil-disabled,3.14.2,True,False,2.4.6,6a0fa27,time_surface,,1280,720,10000,16,uniform,engine,sustained,104786428,103079361,112259250,5,320,1600,60.583,184.667,482.708,611.125,0.16,clear_pass,pass,PASS
cpython-3.14.2t-gil-disabled,3.14.2,True,False,2.4.6,6a0fa27,time_surface,,1280,720,10000,16,clustered,engine,sustained,176779709,108460638,180679480,5,320,1600,42.541,168.208,418.084,580.375,0.16,clear_pass,pass,PASS
cpython-3.14.2t-gil-disabled,3.14.2,True,False,2.4.6,6a0fa27,time_surface,,1280,720,100000,0,uniform,engine,sustained,119492451,118562712,125280911,5,20,100,836.833,1001.125,1095.875,1333.042,7.03,clear_pass,pass,PASS
cpython-3.14.2t-gil-disabled,3.14.2,True,False,2.4.6,6a0fa27,time_surface,,1280,720,100000,0,clustered,engine,sustained,120066966,117822934,128421865,5,20,100,784.291,948.416,1170.958,1667.959,7.03,clear_pass,pass,PASS
cpython-3.14.2t-gil-disabled,3.14.2,True,False,2.4.6,6a0fa27,time_surface,,1280,720,100000,16,uniform,engine,sustained,208652985,190281342,212000590,5,40,200,448.375,771.750,878.500,1272.792,1.53,clear_pass,pass,PASS
cpython-3.14.2t-gil-disabled,3.14.2,True,False,2.4.6,6a0fa27,time_surface,,1280,720,100000,16,clustered,engine,sustained,218915719,213426797,236217589,5,40,200,386.875,764.792,827.416,865.167,1.53,clear_pass,pass,PASS
cpython-3.14.2t-gil-disabled,3.14.2,True,False,2.4.6,6a0fa27,time_surface,,1280,720,1000000,0,uniform,engine,sustained,186663142,186184246,189405895,5,7,35,5311.583,5558.916,5620.083,5620.083,15.26,clear_pass,pass,PASS
cpython-3.14.2t-gil-disabled,3.14.2,True,False,2.4.6,6a0fa27,time_surface,,1280,720,1000000,0,clustered,engine,sustained,194839319,173516254,200308315,5,7,35,5092.084,5814.625,8246.000,8246.000,15.26,clear_pass,pass,PASS
cpython-3.14.2t-gil-disabled,3.14.2,True,False,2.4.6,6a0fa27,time_surface,,1280,720,1000000,16,uniform,engine,sustained,186757783,140656371,188630315,5,10,50,5375.792,7814.084,8880.333,8880.333,15.26,clear_pass,pass,PASS
cpython-3.14.2t-gil-disabled,3.14.2,True,False,2.4.6,6a0fa27,time_surface,,1280,720,1000000,16,clustered,engine,sustained,195697742,191275449,198954819,5,10,50,5125.750,5409.791,5455.792,5455.792,15.26,clear_pass,pass,PASS
cpython-3.14.2t-gil-disabled,3.14.2,True,False,2.4.6,6a0fa27,exp_decay,decay=0.95,346,260,10000,16,uniform,engine,sustained,232401893,230528998,234748156,5,320,1600,39.958,47.125,86.250,438.958,0.14,clear_pass,pass,PASS
cpython-3.14.2t-gil-disabled,3.14.2,True,False,2.4.6,6a0fa27,exp_decay,decay=0.95,346,260,10000,16,clustered,engine,sustained,251659933,248113311,259645717,5,320,1600,36.542,42.375,79.250,483.916,0.14,clear_pass,pass,PASS
cpython-3.14.2t-gil-disabled,3.14.2,True,False,2.4.6,6a0fa27,exp_decay,decay=0.95,346,260,100000,0,uniform,engine,sustained,260814273,260247303,273060841,5,20,100,361.833,438.750,485.041,491.958,0.83,clear_pass,pass,PASS
cpython-3.14.2t-gil-disabled,3.14.2,True,False,2.4.6,6a0fa27,exp_decay,decay=0.95,346,260,100000,0,clustered,engine,sustained,255782998,236951636,294929092,5,20,100,318.292,632.958,1097.042,1172.291,0.83,clear_pass,pass,PASS
cpython-3.14.2t-gil-disabled,3.14.2,True,False,2.4.6,6a0fa27,exp_decay,decay=0.95,346,260,100000,16,uniform,engine,sustained,275916758,233883935,294527300,5,40,200,338.125,508.333,664.292,892.292,0.83,clear_pass,pass,PASS
cpython-3.14.2t-gil-disabled,3.14.2,True,False,2.4.6,6a0fa27,exp_decay,decay=0.95,346,260,100000,16,clustered,engine,sustained,321127027,313138141,322775794,5,40,200,295.750,344.542,522.791,635.958,0.83,clear_pass,pass,PASS
cpython-3.14.2t-gil-disabled,3.14.2,True,False,2.4.6,6a0fa27,exp_decay,decay=0.95,346,260,1000000,0,uniform,engine,sustained,261435057,253831284,265203411,5,7,35,3732.375,4404.167,4738.958,4738.958,7.69,clear_pass,pass,PASS
cpython-3.14.2t-gil-disabled,3.14.2,True,False,2.4.6,6a0fa27,exp_decay,decay=0.95,346,260,1000000,0,clustered,engine,sustained,284283677,276424897,297573716,5,7,35,3516.875,3896.167,4027.250,4027.250,7.69,clear_pass,pass,PASS
cpython-3.14.2t-gil-disabled,3.14.2,True,False,2.4.6,6a0fa27,exp_decay,decay=0.95,346,260,1000000,16,uniform,engine,sustained,264273805,245817012,265227359,5,10,50,3719.042,4296.542,4731.292,4731.292,7.69,clear_pass,pass,PASS
cpython-3.14.2t-gil-disabled,3.14.2,True,False,2.4.6,6a0fa27,exp_decay,decay=0.95,346,260,1000000,16,clustered,engine,sustained,293180607,281568527,296464662,5,10,50,3337.875,3780.083,3987.917,3987.917,7.69,clear_pass,pass,PASS
cpython-3.14.2t-gil-disabled,3.14.2,True,False,2.4.6,6a0fa27,exp_decay,decay=0.95,640,480,10000,16,uniform,engine,sustained,222151365,220423050,224644845,5,320,1600,40.250,49.833,168.125,430.042,0.14,clear_pass,pass,PASS
cpython-3.14.2t-gil-disabled,3.14.2,True,False,2.4.6,6a0fa27,exp_decay,decay=0.95,640,480,10000,16,clustered,engine,sustained,238831992,230224887,244778455,5,320,1600,37.209,43.208,163.625,506.250,0.14,clear_pass,pass,PASS
cpython-3.14.2t-gil-disabled,3.14.2,True,False,2.4.6,6a0fa27,exp_decay,decay=0.95,640,480,100000,0,uniform,engine,sustained,211534780,182395031,224888576,5,20,100,413.542,712.625,822.500,931.625,1.24,clear_pass,pass,PASS
cpython-3.14.2t-gil-disabled,3.14.2,True,False,2.4.6,6a0fa27,exp_decay,decay=0.95,640,480,100000,0,clustered,engine,sustained,224495287,213530738,251047338,5,20,100,373.250,624.916,813.125,930.125,1.24,clear_pass,pass,PASS
cpython-3.14.2t-gil-disabled,3.14.2,True,False,2.4.6,6a0fa27,exp_decay,decay=0.95,640,480,100000,16,uniform,engine,sustained,266248036,255775589,273150159,5,40,200,343.625,483.583,532.125,609.708,0.83,clear_pass,pass,PASS
cpython-3.14.2t-gil-disabled,3.14.2,True,False,2.4.6,6a0fa27,exp_decay,decay=0.95,640,480,100000,16,clustered,engine,sustained,287160364,276727195,291719668,5,40,200,308.667,520.375,612.792,816.833,0.83,clear_pass,pass,PASS
cpython-3.14.2t-gil-disabled,3.14.2,True,False,2.4.6,6a0fa27,exp_decay,decay=0.95,640,480,1000000,0,uniform,engine,sustained,248422235,237741456,250148517,5,7,35,3973.000,4549.000,4600.084,4600.084,7.69,clear_pass,pass,PASS
cpython-3.14.2t-gil-disabled,3.14.2,True,False,2.4.6,6a0fa27,exp_decay,decay=0.95,640,480,1000000,0,clustered,engine,sustained,280123703,277838880,283264625,5,7,35,3502.291,4021.291,4063.334,4063.334,7.69,clear_pass,pass,PASS
cpython-3.14.2t-gil-disabled,3.14.2,True,False,2.4.6,6a0fa27,exp_decay,decay=0.95,640,480,1000000,16,uniform,engine,sustained,242358638,237271370,251540946,5,10,50,4097.291,4431.083,4630.458,4630.458,7.69,clear_pass,pass,PASS
cpython-3.14.2t-gil-disabled,3.14.2,True,False,2.4.6,6a0fa27,exp_decay,decay=0.95,640,480,1000000,16,clustered,engine,sustained,278984440,259511930,281326920,5,10,50,3554.250,4280.417,4699.042,4699.042,7.69,clear_pass,pass,PASS
cpython-3.14.2t-gil-disabled,3.14.2,True,False,2.4.6,6a0fa27,exp_decay,decay=0.95,1280,720,10000,16,uniform,engine,sustained,190938250,186297428,194705531,5,320,1600,41.500,60.125,394.166,479.833,0.14,clear_pass,pass,PASS
cpython-3.14.2t-gil-disabled,3.14.2,True,False,2.4.6,6a0fa27,exp_decay,decay=0.95,1280,720,10000,16,clustered,engine,sustained,185768733,178977123,207534340,5,320,1600,38.833,49.625,437.000,499.500,0.14,clear_pass,pass,PASS
cpython-3.14.2t-gil-disabled,3.14.2,True,False,2.4.6,6a0fa27,exp_decay,decay=0.95,1280,720,100000,0,uniform,engine,sustained,129496289,114886670,153017798,5,20,100,759.375,989.459,1175.250,1230.583,3.58,clear_pass,pass,PASS
cpython-3.14.2t-gil-disabled,3.14.2,True,False,2.4.6,6a0fa27,exp_decay,decay=0.95,1280,720,100000,0,clustered,engine,sustained,137803504,116202207,186708711,5,20,100,737.708,956.834,1067.709,1123.834,3.58,clear_pass,pass,PASS
cpython-3.14.2t-gil-disabled,3.14.2,True,False,2.4.6,6a0fa27,exp_decay,decay=0.95,1280,720,100000,16,uniform,engine,sustained,231459153,220006415,238381978,5,40,200,354.333,717.584,770.042,1039.417,0.83,clear_pass,pass,PASS
cpython-3.14.2t-gil-disabled,3.14.2,True,False,2.4.6,6a0fa27,exp_decay,decay=0.95,1280,720,100000,16,clustered,engine,sustained,226965911,194562768,238109992,5,40,200,358.875,749.542,843.208,1060.375,0.83,clear_pass,pass,PASS
cpython-3.14.2t-gil-disabled,3.14.2,True,False,2.4.6,6a0fa27,exp_decay,decay=0.95,1280,720,1000000,0,uniform,engine,sustained,220534670,218334094,221935116,5,7,35,4483.291,5017.500,5142.500,5142.500,7.69,clear_pass,pass,PASS
cpython-3.14.2t-gil-disabled,3.14.2,True,False,2.4.6,6a0fa27,exp_decay,decay=0.95,1280,720,1000000,0,clustered,engine,sustained,241147501,234827415,244459287,5,7,35,4065.250,4555.083,5175.334,5175.334,7.69,clear_pass,pass,PASS
cpython-3.14.2t-gil-disabled,3.14.2,True,False,2.4.6,6a0fa27,exp_decay,decay=0.95,1280,720,1000000,16,uniform,engine,sustained,225209177,222442183,227197638,5,10,50,4364.333,4828.792,5003.625,5003.625,7.69,clear_pass,pass,PASS
cpython-3.14.2t-gil-disabled,3.14.2,True,False,2.4.6,6a0fa27,exp_decay,decay=0.95,1280,720,1000000,16,clustered,engine,sustained,243407716,241188573,245959603,5,10,50,4032.083,4399.416,4417.459,4417.459,7.69,clear_pass,pass,PASS
cpython-3.14.2t-gil-disabled,3.14.2,True,False,2.4.6,6a0fa27,timestamp_decay,tau_us=10000.0,346,260,10000,16,uniform,engine,sustained,88997649,66762029,93156743,5,320,1600,68.917,335.375,347.333,863.958,0.29,clear_pass,pass,PASS
cpython-3.14.2t-gil-disabled,3.14.2,True,False,2.4.6,6a0fa27,timestamp_decay,tau_us=10000.0,346,260,10000,16,clustered,engine,sustained,86653749,74752086,92159815,5,320,1600,66.250,328.792,336.375,408.583,0.29,clear_pass,pass,PASS
cpython-3.14.2t-gil-disabled,3.14.2,True,False,2.4.6,6a0fa27,timestamp_decay,tau_us=10000.0,346,260,100000,0,uniform,engine,sustained,148819235,138062756,155575907,5,20,100,645.875,805.583,811.500,854.917,2.35,clear_pass,pass,PASS
cpython-3.14.2t-gil-disabled,3.14.2,True,False,2.4.6,6a0fa27,timestamp_decay,tau_us=10000.0,346,260,100000,0,clustered,engine,sustained,141637242,117444136,162799619,5,20,100,791.208,865.209,978.541,1011.916,2.35,clear_pass,pass,PASS
cpython-3.14.2t-gil-disabled,3.14.2,True,False,2.4.6,6a0fa27,timestamp_decay,tau_us=10000.0,346,260,100000,16,uniform,engine,sustained,160836090,126673985,165168676,5,40,200,624.000,807.083,1191.583,1568.667,2.35,clear_pass,pass,PASS
cpython-3.14.2t-gil-disabled,3.14.2,True,False,2.4.6,6a0fa27,timestamp_decay,tau_us=10000.0,346,260,100000,16,clustered,engine,sustained,160946352,151977139,177232956,5,40,200,593.750,702.959,736.084,747.750,2.35,clear_pass,pass,PASS
cpython-3.14.2t-gil-disabled,3.14.2,True,False,2.4.6,6a0fa27,timestamp_decay,tau_us=10000.0,346,260,1000000,0,uniform,engine,sustained,132482917,131328488,135581507,5,7,35,7462.208,8058.000,8209.334,8209.334,22.95,clear_pass,pass,PASS
cpython-3.14.2t-gil-disabled,3.14.2,True,False,2.4.6,6a0fa27,timestamp_decay,tau_us=10000.0,346,260,1000000,0,clustered,engine,sustained,142050023,139523066,144598474,5,7,35,6980.083,7511.833,7516.500,7516.500,22.95,clear_pass,pass,PASS
cpython-3.14.2t-gil-disabled,3.14.2,True,False,2.4.6,6a0fa27,timestamp_decay,tau_us=10000.0,346,260,1000000,16,uniform,engine,sustained,133794851,131731406,136328237,5,10,50,7408.000,7932.625,7964.625,7964.625,22.95,clear_pass,pass,PASS
cpython-3.14.2t-gil-disabled,3.14.2,True,False,2.4.6,6a0fa27,timestamp_decay,tau_us=10000.0,346,260,1000000,16,clustered,engine,sustained,143456418,138630881,145824675,5,10,50,6932.792,7500.167,7784.750,7784.750,22.95,clear_pass,pass,PASS
cpython-3.14.2t-gil-disabled,3.14.2,True,False,2.4.6,6a0fa27,timestamp_decay,tau_us=10000.0,640,480,10000,16,uniform,engine,sustained,91698929,75033504,93100164,5,320,1600,69.417,294.917,336.333,1020.917,0.29,clear_pass,pass,PASS
cpython-3.14.2t-gil-disabled,3.14.2,True,False,2.4.6,6a0fa27,timestamp_decay,tau_us=10000.0,640,480,10000,16,clustered,engine,sustained,85825970,68061567,94700618,5,320,1600,67.167,297.292,358.750,755.917,0.29,clear_pass,pass,PASS
cpython-3.14.2t-gil-disabled,3.14.2,True,False,2.4.6,6a0fa27,timestamp_decay,tau_us=10000.0,640,480,100000,0,uniform,engine,sustained,131249365,128585651,140685729,5,20,100,746.291,872.125,1013.042,1130.917,2.35,clear_pass,pass,PASS
cpython-3.14.2t-gil-disabled,3.14.2,True,False,2.4.6,6a0fa27,timestamp_decay,tau_us=10000.0,640,480,100000,0,clustered,engine,sustained,148336756,132467508,152892060,5,20,100,656.584,862.541,893.541,1071.417,2.35,clear_pass,pass,PASS
cpython-3.14.2t-gil-disabled,3.14.2,True,False,2.4.6,6a0fa27,timestamp_decay,tau_us=10000.0,640,480,100000,16,uniform,engine,sustained,146274138,119416648,156839428,5,40,200,674.458,969.834,997.917,1104.792,2.35,clear_pass,pass,PASS
cpython-3.14.2t-gil-disabled,3.14.2,True,False,2.4.6,6a0fa27,timestamp_decay,tau_us=10000.0,640,480,100000,16,clustered,engine,sustained,147747539,135061367,150957148,5,40,200,681.500,847.167,1103.958,1605.417,2.35,clear_pass,pass,PASS
cpython-3.14.2t-gil-disabled,3.14.2,True,False,2.4.6,6a0fa27,timestamp_decay,tau_us=10000.0,640,480,1000000,0,uniform,engine,sustained,129864911,128812626,132041629,5,7,35,7620.917,8478.167,8801.541,8801.541,22.95,clear_pass,pass,PASS
cpython-3.14.2t-gil-disabled,3.14.2,True,False,2.4.6,6a0fa27,timestamp_decay,tau_us=10000.0,640,480,1000000,0,clustered,engine,sustained,138443776,133007470,139863284,5,7,35,7218.959,7923.875,8002.958,8002.958,22.95,clear_pass,pass,PASS
cpython-3.14.2t-gil-disabled,3.14.2,True,False,2.4.6,6a0fa27,timestamp_decay,tau_us=10000.0,640,480,1000000,16,uniform,engine,sustained,128810651,126927984,132116833,5,10,50,7718.500,8280.083,8513.333,8513.333,22.95,clear_pass,pass,PASS
cpython-3.14.2t-gil-disabled,3.14.2,True,False,2.4.6,6a0fa27,timestamp_decay,tau_us=10000.0,640,480,1000000,16,clustered,engine,sustained,139212591,135941295,140341364,5,10,50,7093.292,7838.000,8632.458,8632.458,22.95,clear_pass,pass,PASS
cpython-3.14.2t-gil-disabled,3.14.2,True,False,2.4.6,6a0fa27,timestamp_decay,tau_us=10000.0,1280,720,10000,16,uniform,engine,sustained,88999716,73415624,114060128,5,320,1600,71.333,259.125,467.917,659.042,0.29,clear_pass,pass,PASS
cpython-3.14.2t-gil-disabled,3.14.2,True,False,2.4.6,6a0fa27,timestamp_decay,tau_us=10000.0,1280,720,10000,16,clustered,engine,sustained,80412435,69491896,106110168,5,320,1600,69.917,295.458,551.875,733.958,0.29,clear_pass,pass,PASS
cpython-3.14.2t-gil-disabled,3.14.2,True,False,2.4.6,6a0fa27,timestamp_decay,tau_us=10000.0,1280,720,100000,0,uniform,engine,sustained,104746553,97498149,106456587,5,20,100,957.625,1127.583,1278.041,1356.500,3.58,clear_pass,pass,PASS
cpython-3.14.2t-gil-disabled,3.14.2,True,False,2.4.6,6a0fa27,timestamp_decay,tau_us=10000.0,1280,720,100000,0,clustered,engine,sustained,105091693,77639996,118858380,5,20,100,932.000,1505.833,1572.084,1661.750,3.58,clear_pass,pass,PASS
cpython-3.14.2t-gil-disabled,3.14.2,True,False,2.4.6,6a0fa27,timestamp_decay,tau_us=10000.0,1280,720,100000,16,uniform,engine,sustained,140828330,110601108,148681828,5,40,200,660.916,1226.542,1335.750,1506.792,2.35,clear_pass,pass,PASS
cpython-3.14.2t-gil-disabled,3.14.2,True,False,2.4.6,6a0fa27,timestamp_decay,tau_us=10000.0,1280,720,100000,16,clustered,engine,sustained,137392517,127693026,148928412,5,40,200,656.917,1099.208,1206.458,1730.209,2.35,clear_pass,pass,PASS
cpython-3.14.2t-gil-disabled,3.14.2,True,False,2.4.6,6a0fa27,timestamp_decay,tau_us=10000.0,1280,720,1000000,0,uniform,engine,sustained,122512918,121745218,124661260,5,7,35,8039.708,8809.292,8935.000,8935.000,22.95,clear_pass,pass,PASS
cpython-3.14.2t-gil-disabled,3.14.2,True,False,2.4.6,6a0fa27,timestamp_decay,tau_us=10000.0,1280,720,1000000,0,clustered,engine,sustained,128641986,127572425,130223572,5,7,35,7706.083,8386.042,8390.083,8390.083,22.95,clear_pass,pass,PASS
cpython-3.14.2t-gil-disabled,3.14.2,True,False,2.4.6,6a0fa27,timestamp_decay,tau_us=10000.0,1280,720,1000000,16,uniform,engine,sustained,123622128,123134768,124672868,5,10,50,8018.250,8667.792,8887.708,8887.708,22.95,clear_pass,pass,PASS
cpython-3.14.2t-gil-disabled,3.14.2,True,False,2.4.6,6a0fa27,timestamp_decay,tau_us=10000.0,1280,720,1000000,16,clustered,engine,sustained,128687432,127393400,129426382,5,10,50,7674.708,8391.500,8681.583,8681.583,22.95,clear_pass,pass,PASS
