arm,workload,n,runtime,n_valid,label,achieved_ratio,step_p50_us,step_p99_us,jitter_us,lag_median_ms,lag_slope_ms_per_s,lag_last_second_median_ms,release_lateness_p50_ms,source_backlog_batches,implied_buffer_mib,off_cpu_ms_per_s,busy_fraction,busy_throughput,busy_ns_per_event,producer_cpu_cores,accumulation_path_cpu_ns_per_event,publication_rate,observation_rate,freshness_p50_ms,freshness_p95_ms,freshness_p99_ms,freshness_max_ms,end_to_end_p95_ms,completion_age_p95_ms,post_step_p50_ms,processing_p50_ms,processing_cpu_p50_ms,contention_p50,coverage,skipped,declared_drops,unobserved_fraction,consumer_cpu_total_cores,queue_depth_slope,queue_depth_max,raw_rate,peak_footprint_mib,footprint_growth_mib_s,baseline_footprint_mib,process_cpu_cores,p_core_share,cycles_per_cpu_ns,runnable_ms_per_s,energy_j_per_1e9_events
A,W1,1,A,5,SUSTAINED,"1 [1, 1]","436 [426, 448]","9.08e+03 [8.89e+03, 9.56e+03]","8.65e+03 [8.46e+03, 9.12e+03]","3.92 [3.71, 4.63]","0.00159 [-0.00623, 0.00435]","3.9 [3.84, 4.4]","0.473 [0.462, 0.501]","0 [0, 0]","0 [0, 0]","0.0053 [0.00412, 0.0125]","0.489 [0.483, 0.509]","4.09e+07 [3.93e+07, 4.14e+07]","24.4 [24.1, 25.4]","0.632 [0.623, 0.654]","24.4 [24.1, 25.4]","50 [50, 50]","50 [50, 50]","0.478 [0.458, 0.501]","0.615 [0.605, 0.62]","0.662 [0.64, 0.702]","0.729 [0.683, 0.789]","1.76 [1.75, 1.81]","8.95 [8.79, 9.42]",n/a,"8.03 [7.91, 8.37]","8.03 [7.91, 8.37]","1 [1, 1]","1 [1, 1]","0 [0, 0]","0 [0, 0]","0 [0, 0]","0 [0, 0]",n/a,n/a,n/a,"137 [136, 138]","0.069 [-0.187, 0.373]","104 [104, 104]","0.636 [0.628, 0.658]","1 [1, 1]","4.21 [4.1, 4.27]","637 [628, 659]","181 [166, 190]"
B,W1,1,A,5,SUSTAINED,"1 [1, 1]","422 [419, 426]","644 [637, 654]","218 [215, 230]","1.47 [1.3, 1.47]","-0.000239 [-0.00148, 0.000157]","1.44 [1.28, 1.48]","0.25 [0.0796, 0.256]","0 [0, 0]","0 [0, 0]","1.86 [1.25, 2.15]","0.0895 [0.088, 0.09]","2.23e+08 [2.22e+08, 2.27e+08]","4.48 [4.4, 4.5]","0.237 [0.236, 0.239]","4.4 [4.3, 4.41]","50 [50, 50]","50 [50, 50]","0.54 [0.489, 0.558]","0.631 [0.624, 0.642]","0.682 [0.662, 0.687]","0.753 [0.738, 0.839]","1.71 [1.53, 1.74]","9.36 [9.32, 9.4]","0.00467 [0.00438, 0.00479]","8.45 [8.42, 8.47]","8.43 [8.39, 8.44]","1 [1, 1]","1 [1, 1]","0 [0, 0]","0 [0, 0]","0 [0, 0]","0.422 [0.421, 0.423]","0 [0, 0]","0 [0, 0]",n/a,"132 [131, 140]","0.0131 [-0.0583, 0.0759]","104 [104, 104]","0.666 [0.665, 0.669]","1 [1, 1]","4.08 [4.07, 4.08]","668 [667, 671]","158 [156, 158]"
C,W1,1,A,5,SUSTAINED,"1 [1, 1]","421 [414, 425]","647 [629, 660]","225 [208, 239]","1.46 [1.46, 1.46]","0.000635 [-0.000269, 0.000702]","1.45 [1.44, 1.46]","0.25 [0.247, 0.253]","0 [0, 0]","0 [0, 0]","1.95 [1.71, 2.29]","0.0893 [0.0888, 0.0904]","2.24e+08 [2.21e+08, 2.25e+08]","4.47 [4.44, 4.52]","0.237 [0.237, 0.238]","4.37 [4.35, 4.42]","50 [50, 50]","50 [50, 50]","0.543 [0.534, 0.599]","0.633 [0.63, 0.653]","0.681 [0.654, 0.699]","0.71 [0.704, 0.793]","1.74 [1.72, 1.79]","9.4 [9.36, 9.45]","0.00462 [0.0045, 0.00471]","8.44 [8.4, 8.46]","8.41 [8.39, 8.45]","1 [1, 1]","1 [1, 1]","0 [0, 0]","0 [0, 0]","0 [0, 0]","0.422 [0.42, 0.423]","0 [0, 0]","0 [0, 0]",n/a,"132 [132, 139]","0.0671 [-0.0563, 0.0784]","104 [103, 104]","0.665 [0.664, 0.668]","1 [1, 1]","4.08 [4.06, 4.09]","668 [667, 670]","157 [155, 161]"
E,W1,1,A,5,SUSTAINED,"1 [1, 1]","422 [414, 429]","642 [616, 669]","222 [194, 243]","1.46 [1.32, 1.46]","0.00014 [-0.00103, 0.000634]","1.45 [1.28, 1.46]","0.249 [0.102, 0.255]","0 [0, 0]","0 [0, 0]","1.96 [1.62, 2.33]","0.0894 [0.0888, 0.0909]","2.24e+08 [2.2e+08, 2.25e+08]","4.47 [4.44, 4.54]","0.237 [0.236, 0.238]","4.36 [4.34, 4.46]","50 [50, 50]","50 [50, 50]","0.576 [0.519, 0.599]","0.628 [0.614, 0.66]","0.69 [0.646, 0.698]","0.732 [0.676, 0.777]","1.73 [1.57, 1.74]","9.45 [9.35, 9.51]","0.00458 [0.0045, 0.00471]","8.42 [8.41, 8.44]","8.4 [8.37, 8.41]","1 [1, 1]","1 [1, 1]","0 [0, 0]","0 [0, 0]","0 [0, 0]","0.421 [0.421, 0.422]","0 [0, 0]","0 [0, 0]",n/a,"132 [132, 133]","0.0711 [-0.0306, 0.0779]","104 [103, 104]","0.665 [0.665, 0.667]","1 [1, 1]","4.07 [4.06, 4.12]","668 [667, 670]","155 [155, 168]"
F,W1,1,A,5,SUSTAINED,"1 [1, 1]","436 [432, 439]","1.9e+03 [1.89e+03, 2.01e+03]","1.47e+03 [1.45e+03, 1.57e+03]","1.54 [1.45, 1.54]","0.0017 [-0.00132, 0.00436]","1.54 [1.42, 1.55]","0.266 [0.202, 0.27]","0 [0, 0]","0 [0, 0]","4.5 [4.09, 5.13]","0.101 [0.0999, 0.101]","1.99e+08 [1.97e+08, 2e+08]","5.04 [5, 5.07]","0.252 [0.252, 0.253]","4.81 [4.79, 4.83]","50.8 [50, 50.9]","49.2 [48.5, 50.1]","6.98 [6.91, 8.26]","18.6 [16.6, 18.8]","19.8 [18.2, 20.4]","20.7 [18.3, 20.8]","19.5 [17.3, 19.8]","27.7 [25.8, 27.9]","6.21 [6.16, 6.61]","8.78 [8.74, 8.81]","8.74 [8.7, 8.78]","1 [1, 1]","0.969 [0.953, 1]","16 [0, 24]","0 [0, 0]","0.032 [0, 0.048]","0.436 [0.432, 0.445]",n/a,n/a,n/a,"138 [135, 141]","0.0739 [0.0653, 0.0752]","111 [111, 111]","0.696 [0.691, 0.705]","1 [1, 1]","3.94 [3.92, 3.96]","698 [694, 708]","147 [143, 147]"
G,W1,1,A,5,SUSTAINED,"1 [1, 1]","405 [403, 414]","1.82e+03 [1.8e+03, 1.86e+03]","1.41e+03 [1.4e+03, 1.45e+03]","1.5 [1.38, 1.52]","0.0001 [-0.00226, 0.00279]","1.5 [1.36, 1.55]","0.271 [0.17, 0.275]","0 [0, 0]","0 [0, 0]","4.11 [3.03, 4.67]","0.0932 [0.0909, 0.094]","2.15e+08 [2.13e+08, 2.2e+08]","4.66 [4.54, 4.7]","0.245 [0.243, 0.245]","4.46 [4.39, 4.5]","50.7 [50, 50.8]","49 [48.6, 50]","6.88 [6.15, 8.28]","18 [16.2, 18.6]","20 [16.3, 20.4]","20.2 [16.4, 20.8]","19.1 [17, 19.6]","27 [25.3, 27.8]","6.23 [5.63, 6.98]","8.91 [8.9, 8.96]","8.89 [8.86, 8.93]","1 [1, 1]","0.964 [0.955, 0.998]","18 [1, 23]","0 [0, 0]","0.036 [0.002, 0.046]","0.435 [0.431, 0.446]",n/a,n/a,n/a,"136 [135, 139]","0.0751 [0.0707, 0.0921]","104 [104, 104]","0.687 [0.683, 0.697]","1 [1, 1]","3.91 [3.9, 4.02]","690 [686, 700]","143 [140, 158]"
H,W1,1,A,5,SUSTAINED,"1 [1, 1]","406 [404, 411]","1.9e+03 [1.85e+03, 1.93e+03]","1.49e+03 [1.45e+03, 1.53e+03]","1.4 [1.37, 1.52]","-0.000893 [-0.00745, -3.79e-05]","1.4 [1.38, 1.53]","0.179 [0.148, 0.279]","0 [0, 0]","0 [0, 0]","3.96 [3.42, 4.97]","0.093 [0.0916, 0.0937]","2.15e+08 [2.14e+08, 2.18e+08]","4.65 [4.58, 4.68]","0.244 [0.241, 0.245]","4.43 [4.41, 4.45]","50.1 [50, 50.7]","50 [48.7, 50.1]","6.71 [5.87, 7.1]","16.3 [16.1, 18.2]","19.1 [16.2, 20.1]","20 [16.2, 20.7]","17.1 [16.9, 19.3]","25.5 [25.1, 27.1]","5.98 [5.26, 6.38]","8.92 [8.89, 8.94]","8.89 [8.86, 8.89]","1 [1, 1]","0.998 [0.961, 1]","1 [0, 20]","0 [0, 0]","0.002 [0, 0.04]","0.444 [0.433, 0.446]",n/a,n/a,n/a,"136 [134, 139]","0.0727 [0.0696, 0.0764]","104 [104, 104]","0.693 [0.685, 0.698]","1 [1, 1]","3.95 [3.91, 3.95]","696 [688, 701]","145 [142, 149]"
H',W1,1,A,5,SUSTAINED,"1 [1, 1]","409 [403, 414]","1.9e+03 [1.88e+03, 1.96e+03]","1.5e+03 [1.47e+03, 1.55e+03]","1.51 [1.39, 1.52]","-0.00303 [-0.011, -0.00196]","1.49 [1.36, 1.51]","0.27 [0.174, 0.276]","0 [0, 0]","0 [0, 0]","4.6 [4.09, 6.14]","0.0951 [0.0928, 0.0951]","2.1e+08 [2.1e+08, 2.16e+08]","4.75 [4.64, 4.76]","0.245 [0.244, 0.247]","4.47 [4.43, 4.54]","50.7 [50.1, 51]","49.3 [48.9, 50.1]","7.02 [6.79, 7.26]","18.3 [16.3, 18.6]","19.5 [18.9, 20.1]","20.5 [19.2, 20.6]","19.3 [17, 19.6]","27.6 [25.3, 27.7]","6.26 [5.92, 6.67]","8.92 [8.89, 8.94]","8.87 [8.86, 8.89]","1 [1, 1]","0.97 [0.957, 1]","15 [0, 22]","0 [0, 0]","0.03 [0, 0.044]","0.438 [0.433, 0.444]",n/a,n/a,n/a,"135 [134, 136]","0.07 [0.0683, 0.181]","104 [104, 104]","0.691 [0.685, 0.696]","1 [1, 1]","3.95 [3.91, 3.96]","694 [688, 698]","146 [143, 148]"
RB,W1,1,A,5,SUSTAINED,"1 [1, 1]","1.96 [1.96, 2.04]","4.71 [4.62, 5.75]","2.75 [2.67, 3.79]","1.13 [0.816, 1.15]","-0.000275 [-0.0019, 0.00247]","1.13 [0.82, 1.15]","0.401 [0.108, 0.407]","0 [0, 0]","0 [0, 0]","0.00818 [0.0068, 0.00925]","0.00041 [0.000405, 0.000431]","4.88e+10 [4.64e+10, 4.94e+10]","0.0205 [0.0203, 0.0215]","0.147 [0.142, 0.149]","4.13 [4.07, 4.15]",n/a,"50 [50, 50]","0.514 [0.494, 0.523]","0.643 [0.606, 0.677]","0.698 [0.693, 0.853]","0.759 [0.719, 1.95]","1.85 [1.56, 1.87]","9.37 [9.27, 9.46]","0.512 [0.491, 0.521]","8.43 [8.19, 8.52]","8.4 [8.16, 8.49]","1 [1, 1]",n/a,"0 [0, 0]","0 [0, 0]",n/a,"0.512 [0.503, 0.517]","0 [0, 0]","0 [0, 0]","2e+07 [2e+07, 2e+07]","137 [137, 140]","0.131 [0.121, 0.438]","104 [104, 104]","0.664 [0.652, 0.67]","1 [0.998, 1]","4.08 [4.04, 4.23]","667 [655, 673]","157 [154, 186]"
EP-H,W1,1,A,5,SUSTAINED,"1 [1, 1]","1.9e+03 [1.89e+03, 1.92e+03]","3.67e+03 [3.61e+03, 3.75e+03]","1.76e+03 [1.71e+03, 1.86e+03]","2.78 [2.74, 2.99]","0.00456 [0.00302, 0.00911]","2.8 [2.74, 3.02]","0.176 [0.164, 0.317]","0 [0, 0]","0 [0, 0]","37.7 [35.1, 38.7]","0.408 [0.405, 0.413]","4.91e+07 [4.84e+07, 4.94e+07]","20.4 [20.2, 20.6]","0.508 [0.506, 0.513]","18.5 [18.5, 18.8]","50.1 [50.1, 51.3]","50.1 [50, 50.6]","8.47 [8.13, 8.66]","19 [19, 19.3]","19.2 [19.2, 21.3]","19.9 [19.3, 22.3]","20 [19.7, 20.4]","27.4 [27.3, 27.8]","5.73 [5.7, 6.13]","8.27 [8.23, 8.34]","8.25 [8.22, 8.32]","1 [1, 1]",n/a,"0 [0, 0]","0 [0, 0]",n/a,"0.413 [0.411, 0.417]",n/a,n/a,n/a,"142 [140, 145]","0.455 [0.205, 0.838]","105 [104, 105]","0.927 [0.923, 0.935]","1 [1, 1]","4.3 [4.27, 4.33]","929 [926, 937]","282 [279, 290]"
EP-QB,W1,1,A,5,SUSTAINED,"1 [1, 1]","443 [439, 452]","1.85e+03 [1.82e+03, 1.93e+03]","1.41e+03 [1.37e+03, 1.47e+03]","1.46 [1.28, 1.47]","-0.000598 [-0.00472, 0.00401]","1.45 [1.28, 1.47]","0.3 [0.0868, 0.307]","0 [0, 0]","0 [0, 0]","7.27 [5.99, 8.43]","0.0999 [0.0975, 0.102]","2e+08 [1.95e+08, 2.05e+08]","4.99 [4.88, 5.12]","0.231 [0.23, 0.232]","4.64 [4.58, 4.7]","50.8 [50.2, 50.8]","49.7 [48.7, 50.3]","7.17 [6.87, 7.97]","17.9 [16.7, 18.4]","19.9 [17.9, 20.6]","20.6 [19.2, 20.7]","18.9 [17.5, 19.5]","26.4 [25.1, 27.2]","6.43 [6.09, 7.18]","8.41 [8.36, 8.45]","8.37 [8.32, 8.4]","1 [1, 1]",n/a,"0 [0, 0]","0 [0, 0]",n/a,"0.413 [0.407, 0.42]",n/a,n/a,n/a,"148 [142, 151]","0.184 [-0.743, 1.09]","104 [104, 105]","0.956 [0.947, 0.967]","1 [1, 1]","4.26 [4.24, 4.28]","961 [951, 972]","283 [277, 287]"
EP-QE,W1,1,A,5,SUSTAINED,"1 [1, 1]","445 [438, 451]","1.84e+03 [1.24e+03, 1.92e+03]","1.39e+03 [799, 1.48e+03]","1.31 [1.29, 1.46]","0.00144 [-0.00217, 0.00832]","1.31 [1.3, 1.49]","0.103 [0.0907, 0.304]","0 [0, 0]","0 [0, 0]","7.42 [6.39, 7.73]","0.0996 [0.0988, 0.101]","2.01e+08 [1.99e+08, 2.03e+08]","4.98 [4.94, 5.03]","0.231 [0.23, 0.232]","4.62 [4.61, 4.65]","50.3 [50.1, 51.1]","50.2 [49.5, 50.3]","7.24 [6.94, 7.75]","16.9 [16.3, 18.4]","17.9 [16.6, 20.1]","18.2 [18.2, 20.9]","17.6 [17, 19.4]","25.2 [24.8, 27.1]","6.5 [6.27, 6.93]","8.43 [8.36, 8.51]","8.4 [8.34, 8.48]","1 [1, 1]",n/a,"0 [0, 0]","0 [0, 0]",n/a,"0.42 [0.411, 0.424]",n/a,n/a,n/a,"142 [140, 145]","0.49 [0.297, 1.01]","105 [104, 105]","0.961 [0.956, 0.972]","1 [1, 1]","4.25 [4.24, 4.27]","966 [960, 977]","283 [280, 288]"
A,W1,4,A,5,NOT_SUSTAINED,"0.213 [0.211, 0.215]","2.29e+04 [2.26e+04, 2.31e+04]","2.4e+04 [2.4e+04, 2.42e+04]","1.14e+03 [931, 1.43e+03]","inf [inf, inf]",n/a,"inf [inf, inf]",n/a,"2.36e+03 [2.35e+03, 2.37e+03]","2.93e+03 [2.91e+03, 2.94e+03]","0.0423 [0.03, 0.0459]","0.969 [0.968, 0.97]","4.39e+06 [4.37e+06, 4.45e+06]","228 [225, 229]","1 [0.999, 1]","228 [225, 229]","42.6 [42.3, 43.1]","42.6 [42.3, 43.1]","6.86 [6.8, 10.8]","17.6 [17.5, 17.8]","18 [17.9, 18.2]","18.7 [18.4, 19.8]","1.14e+04 [1.14e+04, 1.14e+04]","23.2 [23.1, 23.4]",n/a,"5.52 [5.47, 5.57]","5.52 [5.47, 5.57]","1 [1, 1]","1 [1, 1]","0 [0, 0]","0 [0, 0]","0 [0, 0]","0 [0, 0]",n/a,n/a,n/a,"134 [131, 134]","0.0704 [0.068, 0.0843]","104 [104, 104]","1 [1, 1]","1 [1, 1]","4.11 [4.1, 4.15]","1e+03 [999, 1e+03]","1.21e+03 [1.2e+03, 1.26e+03]"
B,W1,4,A,5,SUSTAINED,"1 [1, 1]","724 [713, 732]","6.48e+03 [5.31e+03, 6.76e+03]","5.76e+03 [4.6e+03, 6.04e+03]","2.93 [2.87, 3.07]","0.0101 [-0.00167, 0.0135]","2.98 [2.94, 3.15]","0.441 [0.233, 0.445]","0 [0, 0]","0 [0, 0]","77.7 [65.8, 81.4]","0.225 [0.211, 0.228]","8.91e+07 [8.76e+07, 9.48e+07]","11.2 [10.5, 11.4]","0.344 [0.339, 0.346]","7.34 [7.25, 7.43]","58.1 [57.3, 58.4]","58.1 [57.3, 58.4]","0.717 [0.697, 0.738]","5.47 [5.12, 5.73]","7.04 [6.7, 7.24]","7.36 [7.18, 7.89]","8.07 [7.91, 8.38]","19.7 [18.4, 20]","0.0322 [0.0317, 0.0326]","13.8 [13.7, 14]","11.1 [11.1, 11.3]","1.22 [1.21, 1.23]","1 [1, 1]","0 [0, 0]","0 [0, 0]","0 [0, 0]","2.6 [2.59, 2.61]","0 [0, 0]","0 [0, 0]",n/a,"193 [189, 196]","0.289 [-0.304, 0.331]","104 [104, 104]","2.95 [2.95, 2.96]","0.923 [0.918, 0.924]","3.87 [3.86, 3.88]","2.97e+03 [2.96e+03, 2.97e+03]","501 [497, 513]"
C,W1,4,A,5,SUSTAINED,"1 [1, 1]","722 [713, 733]","6.6e+03 [6.28e+03, 6.68e+03]","5.86e+03 [5.57e+03, 5.96e+03]","3.03 [2.83, 3.08]","0.0155 [-0.00564, 0.0258]","2.99 [2.92, 3.08]","0.42 [0.233, 0.435]","0 [0, 0]","0 [0, 0]","73.3 [68, 77]","0.221 [0.215, 0.225]","9.06e+07 [8.88e+07, 9.32e+07]","11 [10.7, 11.3]","0.344 [0.342, 0.347]","7.37 [7.3, 7.41]","57.7 [57.6, 58.3]","57.7 [57.6, 58.3]","0.726 [0.701, 0.735]","5.51 [5.17, 5.59]","7.11 [6.93, 7.17]","7.42 [7.34, 8.44]","8.18 [7.89, 8.34]","19.8 [19, 19.9]","0.0323 [0.032, 0.0327]","13.9 [13.7, 14]","11.2 [11.1, 11.3]","1.22 [1.22, 1.23]","1 [1, 1]","0 [0, 0]","0 [0, 0]","0 [0, 0]","2.6 [2.59, 2.61]","0 [-0.00093, 0.00446]","0 [0, 1]",n/a,"195 [190, 198]","0.0795 [-0.347, 0.31]","104 [104, 104]","2.95 [2.95, 2.96]","0.922 [0.922, 0.923]","3.86 [3.86, 3.89]","2.97e+03 [2.96e+03, 2.98e+03]","499 [493, 522]"
E,W1,4,A,5,SUSTAINED,"1 [1, 1]","724 [712, 732]","6.06e+03 [5.7e+03, 6.87e+03]","5.35e+03 [4.98e+03, 6.15e+03]","3 [2.87, 3.06]","0.0112 [-4.96e-05, 0.0163]","3.01 [2.8, 3.06]","0.429 [0.237, 0.445]","0 [0, 1]","0 [0, 1.24]","73.5 [64.4, 83.5]","0.221 [0.211, 0.229]","9.07e+07 [8.73e+07, 9.46e+07]","11 [10.6, 11.5]","0.344 [0.342, 0.346]","7.35 [7.28, 7.43]","58 [57.2, 58.4]","58 [57.2, 58.4]","0.722 [0.705, 0.738]","5.44 [5.11, 6.59]","7.06 [6.93, 7.51]","7.57 [7.17, 7.92]","8.07 [7.98, 8.54]","19.4 [18.8, 20.7]","0.0321 [0.0319, 0.0328]","13.8 [13.7, 14]","11.1 [11.1, 11.3]","1.22 [1.21, 1.23]","1 [1, 1]","0 [0, 0]","0 [0, 0]","0 [0, 0]","2.6 [2.59, 2.61]","0 [0, 0]","0 [0, 0]",n/a,"191 [189, 198]","-0.0234 [-0.15, 0.343]","104 [104, 104]","2.95 [2.94, 2.96]","0.922 [0.921, 0.924]","3.86 [3.86, 3.89]","2.96e+03 [2.96e+03, 2.97e+03]","497 [493, 520]"
F,W1,4,A,5,SUSTAINED,"1 [1, 1]","625 [624, 639]","3.82e+03 [3.8e+03, 4.03e+03]","3.19e+03 [3.17e+03, 3.39e+03]","2.14 [2.11, 2.16]","0.00129 [-0.0105, 0.0198]","2.16 [1.96, 2.38]","0.319 [0.195, 0.327]","0 [0, 0]","0 [0, 0]","41.9 [40.6, 49]","0.177 [0.175, 0.186]","1.13e+08 [1.08e+08, 1.15e+08]","8.85 [8.73, 9.29]","0.306 [0.3, 0.308]","6.76 [6.7, 6.84]","52.7 [52.6, 53.1]","48.6 [47.7, 51.1]","8.28 [8.11, 8.98]","18.6 [18.5, 18.8]","20.9 [20.6, 21.2]","24 [23.2, 24.9]","20.6 [20.6, 20.8]","29.6 [29.1, 30.1]","6.8 [6.53, 7.41]","11.4 [10.9, 11.4]","9.64 [9.38, 9.77]","1.16 [1.16, 1.17]","0.915 [0.907, 0.967]","180 [69, 196]","0 [0, 0]","0.0795 [0.0312, 0.087]","1.89 [1.87, 2]",n/a,n/a,n/a,"203 [186, 208]","0.21 [-0.0555, 0.427]","121 [121, 122]","2.19 [2.18, 2.31]","0.986 [0.981, 0.989]","3.97 [3.93, 4.02]","2.2e+03 [2.19e+03, 2.32e+03]","456 [435, 478]"
G,W1,4,A,5,SUSTAINED,"1 [1, 1]","591 [588, 595]","3.47e+03 [3.37e+03, 3.77e+03]","2.88e+03 [2.78e+03, 3.18e+03]","1.99 [1.98, 2.02]","0.0045 [-0.0209, 0.0336]","2.08 [1.84, 2.22]","0.318 [0.2, 0.33]","0 [0, 0]","0 [0, 0]","38.4 [37.1, 46.5]","0.162 [0.16, 0.171]","1.24e+08 [1.17e+08, 1.25e+08]","8.08 [8, 8.56]","0.289 [0.287, 0.292]","6.15 [6.1, 6.23]","52.7 [52.3, 53.1]","48.4 [47.9, 50.8]","7.83 [7.67, 8.76]","18.1 [18, 18.3]","20.4 [20.1, 20.8]","24.3 [22, 25.8]","20.2 [19.9, 20.4]","28.9 [28.4, 29.2]","6.55 [6.4, 7.37]","11 [10.8, 11.2]","9.39 [9.38, 9.51]","1.16 [1.15, 1.16]","0.918 [0.907, 0.969]","172 [64, 196]","0 [0, 0]","0.0783 [0.0285, 0.0887]","1.83 [1.82, 1.94]",n/a,n/a,n/a,"199 [166, 203]","-0.00381 [-0.0765, 0.226]","104 [104, 104]","2.13 [2.12, 2.24]","0.986 [0.983, 0.99]","3.99 [3.96, 4.02]","2.13e+03 [2.12e+03, 2.24e+03]","454 [446, 476]"
H,W1,4,A,5,SUSTAINED,"1 [1, 1]","598 [590, 624]","3.6e+03 [3.48e+03, 3.63e+03]","2.99e+03 [2.87e+03, 3.03e+03]","2.04 [2.01, 2.05]","0.00711 [-0.0114, 0.0415]","2.03 [1.92, 2.47]","0.317 [0.199, 0.318]","0 [0, 0]","0 [0, 0]","40.1 [38.1, 41.7]","0.164 [0.163, 0.17]","1.22e+08 [1.18e+08, 1.23e+08]","8.2 [8.13, 8.48]","0.291 [0.289, 0.295]","6.23 [6.19, 6.4]","52.9 [52, 53.2]","49.3 [47.9, 51.9]","8.03 [7.59, 8.42]","18.2 [17.9, 18.5]","20.6 [19.9, 20.8]","23.8 [21.9, 24.3]","20.2 [19.8, 20.5]","29 [28.5, 29.4]","6.83 [6.14, 7.17]","11 [10.9, 11.2]","9.45 [9.4, 9.59]","1.16 [1.16, 1.19]","0.931 [0.912, 0.981]","146 [41, 187]","0 [0, 0]","0.0653 [0.0182, 0.0823]","1.87 [1.83, 1.97]",n/a,n/a,n/a,"198 [198, 200]","0.0769 [-0.163, 0.286]","104 [104, 104]","2.17 [2.13, 2.27]","0.985 [0.98, 0.987]","3.99 [3.97, 4.03]","2.18e+03 [2.14e+03, 2.28e+03]","458 [445, 500]"
H',W1,4,A,5,SUSTAINED,"1 [1, 1]","599 [585, 611]","3.63e+03 [3.51e+03, 3.94e+03]","3.03e+03 [2.93e+03, 3.35e+03]","2.01 [1.95, 2.11]","-0.00946 [-0.0319, 0.0227]","2.01 [1.83, 2.13]","0.307 [0.19, 0.324]","0 [0, 0]","0 [0, 0]","37.9 [35.9, 47.7]","0.163 [0.158, 0.175]","1.23e+08 [1.14e+08, 1.26e+08]","8.16 [7.91, 8.75]","0.292 [0.286, 0.298]","6.26 [6.06, 6.45]","52.7 [52.3, 53.2]","48.9 [48, 52.1]","8.15 [7.98, 8.86]","18.2 [17.9, 18.4]","20.1 [19.9, 21.5]","24 [21.2, 25.2]","20.3 [19.5, 20.5]","29.2 [28.2, 29.4]","6.76 [6.55, 7.32]","11.1 [10.7, 11.4]","9.51 [9.3, 9.7]","1.17 [1.16, 1.18]","0.93 [0.911, 0.98]","146 [42, 188]","0 [0, 0]","0.0647 [0.0197, 0.0832]","1.87 [1.83, 1.98]",n/a,n/a,n/a,"191 [174, 197]","0.26 [0.0573, 1.26]","104 [104, 104]","2.17 [2.12, 2.28]","0.985 [0.982, 0.989]","3.97 [3.93, 4.06]","2.18e+03 [2.12e+03, 2.29e+03]","475 [429, 491]"
RB,W1,4,A,5,SUSTAINED,"1 [1, 1]","6.42 [6.08, 6.79]","21.5 [20, 23.4]","15.1 [14, 16.6]","1.75 [1.61, 1.77]","0.00318 [-0.00232, 0.0171]","1.76 [1.59, 1.85]","0.418 [0.252, 0.424]","0 [0, 0]","0 [0, 0]","0.108 [0.0999, 0.118]","0.00153 [0.00148, 0.00163]","1.31e+10 [1.23e+10, 1.35e+10]","0.0764 [0.074, 0.0815]","0.182 [0.18, 0.182]","24.8 [24.6, 25.6]",n/a,"45.5 [45.2, 46.2]","2.67 [2.65, 2.82]","5.23 [5.04, 5.29]","6.45 [6.23, 6.89]","8.77 [8.71, 10.1]","7.37 [7.19, 7.59]","21 [20.5, 21.2]","2.66 [2.64, 2.82]","14.3 [14.3, 14.4]","11.4 [11.3, 11.4]","1.26 [1.25, 1.27]",n/a,"0 [0, 0]","0 [0, 0]",n/a,"2.62 [2.62, 2.63]","0.00909 [0.00767, 0.0426]","3 [3, 3]","2e+07 [2e+07, 2e+07]","217 [213, 220]","0.545 [-0.018, 1.24]","115 [114, 115]","2.82 [2.81, 2.82]","0.957 [0.955, 0.957]","3.89 [3.88, 3.91]","2.84e+03 [2.83e+03, 2.85e+03]","517 [513, 537]"
A,W3,1,A,5,NOT_SUSTAINED,"0.115 [0.114, 0.126]","4.23e+04 [3.78e+04, 4.26e+04]","4.45e+04 [3.94e+04, 4.48e+04]","2.08e+03 [1.61e+03, 2.5e+03]","inf [inf, inf]",n/a,"inf [inf, inf]",n/a,"2.65e+03 [2.62e+03, 2.66e+03]","3.29e+03 [3.25e+03, 3.29e+03]","866 [859, 869]","0.94 [0.936, 0.942]","2.45e+06 [2.41e+06, 2.68e+06]","409 [373, 415]","0.134 [0.13, 0.141]","32.3 [30.9, 32.4]","23 [22.7, 25.1]","23 [22.7, 25.1]","3.02 [2.95, 3.08]","4.16 [4.01, 4.26]","4.43 [4.24, 4.5]","4.61 [4.42, 4.75]","1.28e+04 [1.27e+04, 1.29e+04]","44 [38.9, 44.2]",n/a,"40 [35, 40]","0.0228 [0.022, 0.0234]","1.63e+03 [1.54e+03, 1.66e+03]","1 [1, 1]","0 [0, 0]","0 [0, 0]","0 [0, 0]","0 [0, 0]",n/a,n/a,n/a,"117 [115, 120]","-0.133 [-0.293, 0.28]","104 [104, 104]","0.136 [0.132, 0.143]","0.0454 [0.0326, 0.0618]","1.48 [1.38, 1.49]","137 [133, 144]","8.69 [8.29, 9.67]"
B,W3,1,A,5,NOT_SUSTAINED,"0.145 [0.132, 0.145]","3.24e+04 [3.22e+04, 3.67e+04]","3.44e+04 [3.41e+04, 3.92e+04]","2.2e+03 [1.76e+03, 2.72e+03]","inf [inf, inf]",n/a,"inf [inf, inf]",n/a,"2.53e+03 [2.53e+03, 2.57e+03]","3.13e+03 [3.13e+03, 3.18e+03]","850 [850, 852]","0.934 [0.927, 0.934]","3.1e+06 [2.85e+06, 3.11e+06]","322 [322, 351]","0.154 [0.146, 0.156]","28.9 [28.3, 30]","29 [26.4, 29]","29 [26.4, 29]","171 [170, 187]","175 [174, 197]","176 [175, 200]","177 [175, 200]","1.22e+04 [1.22e+04, 1.24e+04]","209 [209, 236]","138 [138, 151]","35 [35, 39.3]","0.0199 [0.0186, 0.022]","1.8e+03 [1.69e+03, 1.86e+03]","1 [1, 1]","0 [0, 0]","0 [0, 0]","0 [0, 0]","0.00866 [0.00808, 0.00943]","0 [0, 0]","4 [4, 4]",n/a,"137 [128, 146]","-0.517 [-1.14, 0.522]","104 [104, 104]","0.165 [0.157, 0.168]","0.0578 [0.0494, 0.0854]","1.56 [1.49, 1.61]","166 [158, 169]","9.89 [9.22, 10.6]"
C,W3,1,A,5,SUSTAINED,"1 [1, 1]","798 [769, 845]","1.38e+03 [1.31e+03, 1.41e+03]","551 [528, 601]","2.74 [2.45, 2.83]","-0.00107 [-0.00765, 0.0101]","2.73 [2.42, 2.84]","0.335 [0.0893, 0.348]","0 [0, 0]","0 [0, 0]","0.0121 [-9.9e-05, 0.0531]","0.174 [0.168, 0.181]","1.15e+08 [1.11e+08, 1.19e+08]","8.68 [8.42, 9.03]","0.481 [0.468, 0.506]","8.67 [8.41, 9.03]","50 [50, 50]","27.5 [25.9, 29.6]","72.1 [69.5, 73.9]","79.6 [79.5, 79.8]","80.9 [79.9, 81]","81.3 [80.4, 81.9]","81.4 [81.1, 81.9]","119 [114, 120]","70.9 [68.3, 72.8]","36.7 [35, 40]","0.00696 [0.00662, 0.00887]","5.09e+03 [4.08e+03, 5.86e+03]","0.552 [0.52, 0.596]","0 [0, 0]","224 [202, 240]","0.448 [0.404, 0.48]","0.00159 [0.00103, 0.00215]","-0.015 [-0.0261, 0.0328]","4 [4, 4]",n/a,"126 [123, 131]","0.067 [-0.0032, 0.849]","104 [104, 104]","0.489 [0.476, 0.513]","1 [0.997, 1]","1.9 [1.77, 1.95]","490 [478, 514]","26.5 [24.9, 26.9]"
E,W3,1,A,5,SUSTAINED,"1 [1, 1]","769 [766, 777]","1.34e+03 [1.3e+03, 1.51e+03]","570 [531, 734]","2.41 [2.37, 2.78]","-0.00833 [-0.0177, -0.000176]","2.38 [2.35, 2.74]","0.0688 [0.062, 0.363]","0 [0, 0]","0 [0, 0]","0.08 [0.0548, 0.0946]","0.168 [0.165, 0.18]","1.19e+08 [1.11e+08, 1.21e+08]","8.4 [8.25, 9]","0.467 [0.456, 0.5]","8.39 [8.24, 9]","50 [50, 50]","29.4 [26.4, 29.8]","4.06e+03 [4.03e+03, 4.71e+03]","5.95e+03 [5.88e+03, 6.9e+03]","6.12e+03 [6.04e+03, 7.06e+03]","6.14e+03 [6.07e+03, 7.1e+03]","5.95e+03 [5.88e+03, 6.9e+03]","5.98e+03 [5.91e+03, 6.93e+03]","4.06e+03 [4.03e+03, 4.71e+03]","35 [34.9, 40]","0.00704 [0.00675, 0.00817]","4.82e+03 [4.04e+03, 5.72e+03]","1 [1, 1]","0 [0, 0]","0 [0, 0]","0 [0, 0]","0.00139 [0.00105, 0.00196]","20.6 [20.3, 23.8]","305 [301, 353]",n/a,"922 [700, 1.11e+03]","57.7 [42.1, 63.5]","104 [104, 104]","0.476 [0.464, 0.507]","1 [1, 1]","1.87 [1.74, 1.92]","478 [467, 509]","25.1 [24.1, 25.8]"
F,W3,1,A,5,SUSTAINED,"1 [1, 1]","808 [758, 849]","1.71e+03 [1.65e+03, 1.72e+03]","893 [858, 920]","2.76 [2.39, 2.77]","-0.00772 [-0.0139, -0.00136]","2.72 [2.42, 2.77]","0.345 [0.0852, 0.35]","0 [0, 0]","0 [0, 0]","0.0382 [0.00702, 0.0549]","0.191 [0.179, 0.194]","1.05e+08 [1.03e+08, 1.11e+08]","9.55 [8.97, 9.68]","0.502 [0.469, 0.503]","9.55 [8.97, 9.67]","50 [50, 50]","26.2 [25.9, 29.1]","12 [10.2, 12.9]","20.4 [19.9, 20.6]","21.1 [21, 21.4]","21.6 [21.4, 21.7]","22.2 [21.7, 22.6]","59.6 [55.3, 60.3]","10.6 [8.87, 11.4]","40 [35, 40]","0.008 [0.00758, 0.00838]","4.8e+03 [4.31e+03, 4.95e+03]","0.524 [0.518, 0.582]","238 [209, 241]","0 [0, 0]","0.476 [0.418, 0.482]","0.00962 [0.0093, 0.0107]",n/a,n/a,n/a,"119 [116, 119]","0.0694 [0.0683, 0.755]","111 [111, 111]","0.517 [0.487, 0.519]","1 [1, 1]","1.89 [1.85, 2.01]","519 [489, 520]","26.9 [26.3, 27.9]"
G,W3,1,A,5,SUSTAINED,"1 [1, 1]","839 [770, 848]","1.39e+03 [1.27e+03, 1.41e+03]","539 [498, 560]","2.81 [2.42, 2.82]","-0.00462 [-0.00793, 0.000591]","2.77 [2.49, 2.85]","0.335 [0.0882, 0.339]","0 [0, 0]","0 [0, 0]","0.0101 [0.00521, 0.0204]","0.18 [0.166, 0.182]","1.11e+08 [1.1e+08, 1.21e+08]","8.99 [8.29, 9.1]","0.501 [0.461, 0.506]","8.99 [8.29, 9.1]","50 [50, 50]","26.4 [26.2, 29.5]","12.5 [11.2, 13.9]","19.6 [18.9, 19.9]","20 [19.8, 21.1]","21.2 [19.9, 21.6]","21.6 [20.4, 22]","59.3 [53.6, 59.7]","11.3 [9.87, 12.7]","40 [35, 40]","0.00658 [0.00646, 0.00788]","5.73e+03 [4.2e+03, 5.96e+03]","0.528 [0.524, 0.59]","236 [205, 238]","0 [0, 0]","0.472 [0.41, 0.476]","0.00133 [0.000998, 0.00134]",n/a,n/a,n/a,"117 [116, 119]","0.0488 [-0.0832, 0.331]","104 [104, 104]","0.508 [0.469, 0.513]","1 [0.999, 1]","1.82 [1.79, 1.96]","509 [471, 515]","25.5 [25, 26.4]"
H,W3,1,A,5,SUSTAINED,"1 [1, 1]","835 [774, 853]","1.38e+03 [1.28e+03, 1.43e+03]","539 [510, 573]","2.8 [2.44, 2.83]","-0.00341 [-0.0072, 0.00505]","2.77 [2.52, 2.84]","0.339 [0.0871, 0.347]","0 [0, 0]","0 [0, 0]","0.0159 [-0.00138, 0.022]","0.178 [0.168, 0.183]","1.12e+08 [1.09e+08, 1.19e+08]","8.9 [8.41, 9.14]","0.498 [0.468, 0.507]","8.9 [8.41, 9.14]","50 [50, 50]","26.6 [25.9, 29.5]","13.6 [11.2, 13.8]","19.7 [19.6, 20.5]","20.7 [20.1, 21]","20.8 [20.3, 21.2]","21.6 [21.2, 22.5]","59.4 [54.5, 60.5]","12.3 [10.2, 12.6]","40 [35, 40]","0.00683 [0.00679, 0.00825]","5.43e+03 [4.59e+03, 5.75e+03]","0.532 [0.516, 0.588]","234 [206, 242]","0 [0, 0]","0.468 [0.412, 0.484]","0.00116 [0.000754, 0.00132]",n/a,n/a,n/a,"117 [116, 118]","0.0549 [-0.256, 0.0722]","104 [104, 104]","0.506 [0.475, 0.514]","1 [1, 1]","1.81 [1.77, 1.93]","507 [477, 516]","25.3 [25, 26.4]"
H',W3,1,A,5,SUSTAINED,"1 [1, 1]","847 [842, 854]","1.38e+03 [1.35e+03, 1.45e+03]","537 [500, 606]","2.82 [2.81, 2.83]","-0.00646 [-0.0094, 0.000418]","2.81 [2.77, 2.85]","0.333 [0.331, 0.338]","0 [0, 0]","0 [0, 0]","0.00793 [-0.0011, 0.0411]","0.182 [0.18, 0.183]","1.1e+08 [1.09e+08, 1.11e+08]","9.12 [8.99, 9.15]","0.505 [0.499, 0.506]","9.12 [8.99, 9.15]","50 [50, 50]","26.3 [26.1, 26.6]","14 [9.52, 16.7]","19.2 [18.6, 20.9]","20.5 [20, 21.3]","21.1 [20.4, 21.4]","21.2 [20.6, 22.9]","59.2 [57.9, 60.9]","12.8 [8.29, 15.5]","40 [40, 40]","0.00692 [0.00642, 0.0075]","5.72e+03 [5.11e+03, 6.04e+03]","0.526 [0.522, 0.532]","237 [234, 239]","0 [0, 0]","0.474 [0.468, 0.478]","0.00132 [0.00122, 0.00135]",n/a,n/a,n/a,"118 [116, 120]","0.0658 [-1.29, 0.184]","104 [104, 104]","0.512 [0.506, 0.513]","1 [1, 1]","1.81 [1.8, 1.84]","513 [508, 514]","25.3 [25.3, 25.6]"
RB,W3,1,A,5,SUSTAINED,"1 [1, 1]","2 [1.96, 2.04]","4.04 [3.67, 4.33]","2.04 [1.67, 2.33]","1.74 [1.74, 1.8]","-0.00154 [-0.00366, -0.00086]","1.72 [1.69, 1.74]","0.134 [0.129, 0.182]","0 [0, 0]","0 [0, 0]","0.0254 [0.0244, 0.0282]","0.000429 [0.000416, 0.000431]","4.66e+10 [4.64e+10, 4.8e+10]","0.0215 [0.0208, 0.0215]","0.313 [0.307, 0.315]","8.48 [8.24, 8.53]",n/a,"21.4 [21.4, 23.9]","3.45 [3.28, 3.66]","5.17 [5.11, 5.23]","5.35 [5.31, 5.42]","5.44 [5.35, 5.7]","7.12 [6.95, 7.27]","45.2 [40.2, 45.3]","3.45 [3.28, 3.66]","40.1 [35.1, 40.1]","0.00838 [0.00808, 0.00871]","4.55e+03 [4.17e+03, 4.67e+03]",n/a,"0 [0, 0]","0 [0, 0]",n/a,"0.178 [0.173, 0.179]","0.0366 [-0.051, 0.238]","8 [7, 8]","2e+07 [2e+07, 2e+07]","118 [107, 120]","0.0764 [0.0458, 0.0815]","104 [94.2, 104]","0.499 [0.489, 0.501]","1 [0.999, 1]","1.85 [1.83, 1.89]","502 [491, 504]","25.7 [25.6, 26]"
A,W3,4,A,5,NOT_SUSTAINED,"0.032 [0.0315, 0.035]","1.53e+05 [1.41e+05, 1.55e+05]","1.65e+05 [1.45e+05, 1.65e+05]","9.59e+03 [4.08e+03, 1.15e+04]","inf [inf, inf]",n/a,"inf [inf, inf]",n/a,"2.9e+03 [2.9e+03, 2.9e+03]","3.6e+03 [3.59e+03, 3.6e+03]","957 [944, 965]","0.983 [0.969, 0.988]","6.51e+05 [6.47e+05, 7.12e+05]","1.54e+03 [1.4e+03, 1.54e+03]","0.0436 [0.0424, 0.0482]","37.8 [37, 40]","6.4 [6.3, 7]","6.4 [6.35, 6.97]","44.5 [39.7, 69.5]","122 [109, 123]","124 [110, 124]","125 [110, 125]","1.4e+04 [1.4e+04, 1.4e+04]","158 [143, 161]",n/a,"39.5 [35, 40]","0.0145 [0.0133, 0.0158]","2.41e+03 [2.35e+03, 2.53e+03]","1 [1, 1]","0 [0, 0]","0 [0, 0]","0 [0, 0]","0 [0, 0]",n/a,n/a,n/a,"117 [114, 121]","0.207 [-0.24, 0.446]","104 [104, 104]","0.0455 [0.0437, 0.0498]","0.0444 [0.026, 0.0463]","1.32 [1.27, 1.35]","45.7 [44.1, 50.1]","8.39 [8.21, 8.97]"
B,W3,4,A,5,NOT_SUSTAINED,"0.133 [0.132, 0.146]","3.63e+04 [3.22e+04, 3.68e+04]","3.9e+04 [3.43e+04, 3.92e+04]","2.47e+03 [2.14e+03, 6.3e+03]","inf [inf, inf]",n/a,"inf [inf, inf]",n/a,"2.56e+03 [2.52e+03, 2.57e+03]","3.18e+03 [3.13e+03, 3.18e+03]","856 [853, 867]","0.937 [0.93, 0.942]","2.85e+06 [2.81e+06, 3.12e+06]","351 [321, 356]","0.144 [0.14, 0.151]","27.9 [27.5, 29]","26.6 [26.4, 29.2]","26.7 [26.6, 29.3]","114 [49.8, 116]","191 [173, 193]","196 [174, 199]","200 [175, 200]","1.24e+04 [1.22e+04, 1.24e+04]","229 [207, 231]","79.5 [17.6, 81.8]","38.9 [35, 39.4]","0.0179 [0.0176, 0.0182]","2.05e+03 [1.93e+03, 2.15e+03]","1 [1, 1]","0 [0, 0]","0 [0, 0]","0 [0, 0]","0.0106 [0.0103, 0.0116]","-0.136 [-0.19, -0.0389]","4 [4, 4]",n/a,"131 [125, 136]","0.129 [-0.698, 0.714]","104 [104, 104]","0.157 [0.153, 0.165]","0.0854 [0.0772, 0.11]","1.58 [1.55, 1.7]","158 [154, 167]","11.1 [10.6, 11.9]"
C,W3,4,A,5,SUSTAINED,"1 [1, 1]","834 [829, 842]","1.42e+03 [1.4e+03, 1.44e+03]","587 [564, 605]","2.8 [2.8, 2.81]","-0.00539 [-0.0124, 0.000116]","2.77 [2.76, 2.8]","0.343 [0.338, 0.348]","0 [0, 0]","0 [0, 0]","0.0947 [0.0399, 0.204]","0.179 [0.178, 0.181]","1.11e+08 [1.11e+08, 1.12e+08]","8.97 [8.9, 9.05]","0.501 [0.498, 0.503]","8.97 [8.9, 9.04]","50 [50, 50]","27.4 [27.1, 27.5]","72.1 [71.7, 72.4]","79.7 [79.5, 80]","81 [80.6, 81.2]","81.5 [81.1, 81.7]","81.7 [81.5, 82]","119 [119, 120]","70.9 [70.5, 71.2]","38.2 [37.3, 39.9]","0.00942 [0.00892, 0.00975]","3.8e+03 [3.75e+03, 4.15e+03]","0.551 [0.546, 0.554]","0 [0, 0]","898 [891, 909]","0.449 [0.446, 0.455]","0.00376 [0.00336, 0.004]","0.00405 [-0.00798, 0.00519]","4 [4, 4]",n/a,"128 [126, 131]","0.0776 [-0.143, 0.185]","104 [104, 104]","0.511 [0.508, 0.513]","1 [1, 1]","1.8 [1.79, 1.81]","514 [510, 516]","25.3 [25.2, 25.3]"
E,W3,4,A,5,SUSTAINED,"1 [1, 1]","779 [769, 784]","1.48e+03 [1.33e+03, 1.5e+03]","692 [557, 721]","2.77 [2.38, 2.78]","-0.00474 [-0.00897, 0.00158]","2.69 [2.35, 2.76]","0.356 [0.0802, 0.357]","0 [0, 0]","0 [0, 0]","0.105 [0.00628, 0.252]","0.178 [0.165, 0.179]","1.12e+08 [1.11e+08, 1.21e+08]","8.92 [8.25, 8.97]","0.495 [0.458, 0.5]","8.91 [8.25, 8.96]","50 [50, 50]","27.4 [27.3, 29.5]","4.49e+03 [4.1e+03, 4.59e+03]","6.56e+03 [5.95e+03, 6.62e+03]","6.77e+03 [6.11e+03, 6.81e+03]","6.85e+03 [6.17e+03, 6.86e+03]","6.57e+03 [5.95e+03, 6.62e+03]","6.6e+03 [5.98e+03, 6.65e+03]","4.49e+03 [4.1e+03, 4.59e+03]","37.9 [35, 38.3]","0.00912 [0.00825, 0.00933]","4.01e+03 [3.92e+03, 4.07e+03]","1 [1, 1]","0 [0, 0]","0 [0, 0]","0 [0, 0]","0.00271 [0.0025, 0.00316]","22.7 [20.5, 22.7]","341 [306, 342]",n/a,"928 [749, 1.19e+03]","62.3 [42.1, 77.4]","104 [104, 104]","0.504 [0.467, 0.509]","1 [0.999, 1]","1.76 [1.73, 1.91]","506 [470, 511]","24.9 [24.4, 25.6]"
F,W3,4,A,5,SUSTAINED,"1 [1, 1]","794 [761, 809]","1.72e+03 [1.65e+03, 1.76e+03]","928 [891, 952]","2.72 [2.37, 2.76]","-0.00466 [-0.00561, -0.00273]","2.64 [2.29, 2.79]","0.348 [0.0831, 0.352]","0 [0, 0]","0 [0, 0]","0.137 [0.0844, 0.343]","0.188 [0.177, 0.19]","1.06e+08 [1.05e+08, 1.13e+08]","9.42 [8.87, 9.52]","0.495 [0.465, 0.5]","9.41 [8.86, 9.51]","50 [50, 50]","26.9 [26.7, 29.2]","11.9 [9.93, 13.5]","20.6 [20.4, 20.7]","21.5 [21.2, 21.7]","22.1 [21.9, 22.2]","22.6 [21.9, 22.8]","59.6 [54.8, 60.1]","10.4 [8.47, 12.2]","39.2 [34.8, 39.6]","0.00975 [0.00829, 0.0104]","3.82e+03 [3.62e+03, 4.02e+03]","0.539 [0.534, 0.585]","922 [829, 931]","0 [0, 0]","0.461 [0.414, 0.466]","0.029 [0.0282, 0.0317]",n/a,n/a,n/a,"134 [128, 136]","0.0853 [0.0802, 0.0943]","122 [121, 122]","0.53 [0.503, 0.534]","1 [1, 1]","1.9 [1.86, 2.04]","533 [506, 537]","27.4 [27.3, 29.2]"
G,W3,4,A,5,SUSTAINED,"1 [1, 1]","846 [833, 848]","1.37e+03 [1.37e+03, 1.4e+03]","537 [524, 556]","2.81 [2.81, 2.83]","-0.00337 [-0.00604, -0.00131]","2.79 [2.69, 2.83]","0.337 [0.335, 0.34]","0 [0, 0]","0 [0, 0]","0.0417 [0.0211, 0.0746]","0.18 [0.177, 0.181]","1.11e+08 [1.1e+08, 1.13e+08]","9.01 [8.87, 9.07]","0.501 [0.497, 0.505]","9 [8.87, 9.07]","50 [50, 50]","27.3 [27.2, 27.4]","11.1 [8.7, 13.3]","20.1 [18.7, 20.5]","21 [20.9, 21.1]","21.3 [21.2, 21.6]","22 [20.6, 22.7]","59 [58.4, 60]","10.1 [7.57, 12.1]","38.3 [37.7, 40]","0.00892 [0.00858, 0.00983]","4.13e+03 [3.67e+03, 4.18e+03]","0.546 [0.542, 0.55]","909 [901, 915]","0 [0, 0]","0.455 [0.451, 0.458]","0.00292 [0.00265, 0.00302]",n/a,n/a,n/a,"119 [117, 123]","0.0889 [0.0811, 0.2]","104 [104, 104]","0.51 [0.506, 0.514]","1 [1, 1]","1.8 [1.79, 1.82]","512 [508, 516]","25.2 [25.1, 25.3]"
H,W3,4,A,5,SUSTAINED,"1 [1, 1]","840 [834, 841]","1.4e+03 [1.34e+03, 1.42e+03]","564 [502, 581]","2.81 [2.8, 2.82]","-0.00617 [-0.0113, -0.003]","2.78 [2.77, 2.8]","0.34 [0.335, 0.343]","0 [0, 0]","0 [0, 0]","0.0637 [0.0152, 0.0917]","0.179 [0.178, 0.181]","1.12e+08 [1.11e+08, 1.12e+08]","8.95 [8.89, 9.03]","0.5 [0.495, 0.504]","8.95 [8.89, 9.03]","50 [50, 50]","27.3 [26.7, 27.4]","11.4 [9.26, 12.6]","19.7 [19.1, 19.9]","20.5 [20.1, 20.9]","21.3 [21.2, 21.4]","21.7 [21.1, 22.1]","59.2 [58.5, 59.6]","10.2 [8.13, 11.4]","38.3 [37.5, 40]","0.00912 [0.00863, 0.01]","3.97e+03 [3.58e+03, 4.4e+03]","0.546 [0.533, 0.549]","909 [902, 934]","0 [0, 0]","0.455 [0.451, 0.467]","0.00295 [0.00279, 0.0033]",n/a,n/a,n/a,"119 [117, 123]","0.0769 [0.0646, 0.308]","104 [104, 104]","0.509 [0.504, 0.513]","1 [1, 1]","1.8 [1.79, 1.83]","511 [507, 515]","25.4 [25, 26]"
H',W3,4,A,5,SUSTAINED,"1 [1, 1]","839 [774, 843]","1.32e+03 [1.27e+03, 1.41e+03]","512 [478, 574]","2.8 [2.43, 2.81]","0.00211 [-0.00887, 0.0207]","2.76 [2.36, 2.86]","0.334 [0.084, 0.34]","0 [0, 0]","0 [0, 0]","0.0345 [0.0138, 0.0539]","0.178 [0.167, 0.18]","1.12e+08 [1.11e+08, 1.2e+08]","8.9 [8.36, 8.99]","0.497 [0.465, 0.502]","8.9 [8.36, 8.99]","50 [50, 50]","27.1 [26.9, 29.7]","11.5 [10.1, 13.3]","20.2 [18.8, 20.8]","20.5 [20.1, 21.1]","21.3 [20.7, 21.5]","22.3 [20.3, 22.8]","59.2 [53.6, 59.8]","10.4 [9.03, 12]","39.2 [35, 40]","0.00846 [0.00729, 0.00867]","4.34e+03 [3.83e+03, 4.67e+03]","0.544 [0.539, 0.594]","911 [812, 922]","0 [0, 0]","0.456 [0.406, 0.461]","0.00294 [0.00265, 0.00348]",n/a,n/a,n/a,"118 [116, 123]","0.092 [0.0798, 0.0954]","104 [104, 104]","0.507 [0.474, 0.511]","1 [1, 1]","1.83 [1.8, 1.96]","509 [477, 514]","25.8 [25.2, 27.2]"
RB,W3,4,A,5,SUSTAINED,"1 [1, 1]","2.54 [2.54, 2.58]","4.5 [4.08, 4.83]","1.92 [1.54, 2.25]","1.31 [0.994, 1.33]","-0.00274 [-0.00349, 0.000175]","1.29 [0.96, 1.33]","0.335 [0.0643, 0.344]","0 [0, 0]","0 [0, 0]","0.0181 [0.0154, 0.0202]","0.00053 [0.000528, 0.000547]","3.78e+10 [3.66e+10, 3.79e+10]","0.0265 [0.0264, 0.0273]","0.19 [0.183, 0.195]","20.3 [20, 20.8]",n/a,"24.8 [24.6, 26.4]","2.76 [2.64, 2.82]","5.09 [4.99, 5.11]","5.34 [5.27, 5.4]","5.7 [5.61, 5.88]","6.34 [6.12, 6.41]","44.3 [39.9, 44.5]","2.76 [2.63, 2.82]","35.4 [34.6, 35.8]","0.00746 [0.00717, 0.00783]","4.48e+03 [4.37e+03, 4.94e+03]",n/a,"0 [0, 0]","0 [0, 0]",n/a,"0.432 [0.428, 0.443]","-0.0227 [-0.0409, 0.0451]","8 [7, 8]","2e+07 [2e+07, 2e+07]","141 [140, 146]","0.0996 [-0.039, 0.149]","115 [114, 115]","0.631 [0.622, 0.648]","1 [0.999, 1]","3.12 [3.04, 3.16]","637 [628, 654]","85.9 [84.2, 87.2]"
A,W5,1,A,5,NOT_SUSTAINED,"0.0195 [0.0195, 0.02]","2.54e+05 [2.49e+05, 2.55e+05]","2.58e+05 [2.57e+05, 2.63e+05]","5.38e+03 [3.02e+03, 9.01e+03]","inf [inf, inf]",n/a,"inf [inf, inf]",n/a,"2.94e+03 [2.94e+03, 2.94e+03]","3.65e+03 [3.64e+03, 3.65e+03]","0.159 [0.153, 0.202]","0.996 [0.988, 1.01]","3.95e+05 [3.91e+05, 4e+05]","2.53e+03 [2.5e+03, 2.55e+03]","0.999 [0.991, 1.01]","2.53e+03 [2.5e+03, 2.55e+03]","3.9 [3.9, 4]","3.9 [3.9, 4]","0.73 [0.711, 0.747]","0.885 [0.857, 0.91]","0.936 [0.879, 1.02]","0.936 [0.879, 1.02]","1.42e+04 [1.4e+04, 1.43e+04]","257 [256, 262]",n/a,"253 [248, 254]","253 [248, 254]","1 [1, 1]","1 [1, 1]","0 [0, 0]","0 [0, 0]","0 [0, 0]","0 [0, 0]",n/a,n/a,n/a,"115 [113, 115]","0.0324 [0.0032, 0.285]","104 [103, 104]","1 [1, 1]","1 [1, 1]","4.04 [4.04, 4.05]","1e+03 [1e+03, 1e+03]","1.64e+04 [1.6e+04, 1.65e+04]"
B,W5,1,A,5,NOT_SUSTAINED,"0.02 [0.0195, 0.02]","2.36e+05 [2.33e+05, 2.39e+05]","2.54e+05 [2.45e+05, 2.92e+05]","1.72e+04 [9.24e+03, 5.82e+04]","inf [inf, inf]",n/a,"inf [inf, inf]",n/a,"2.94e+03 [2.93e+03, 2.94e+03]","3.64e+03 [3.64e+03, 3.64e+03]","923 [912, 936]","0.927 [0.916, 0.94]","4.26e+05 [4.21e+05, 4.3e+05]","2.35e+03 [2.33e+03, 2.38e+03]","0.00702 [0.00692, 0.00732]","9.86 [9.79, 10.1]","3.9 [3.9, 4]","4 [3.9, 4]","1.23e+03 [1.23e+03, 1.24e+03]","1.26e+03 [1.25e+03, 1.28e+03]","1.26e+03 [1.25e+03, 1.28e+03]","1.26e+03 [1.25e+03, 1.28e+03]","1.42e+04 [1.4e+04, 1.42e+04]","1.51e+03 [1.5e+03, 1.53e+03]","997 [990, 1.01e+03]","252 [249, 254]","251 [249, 253]","1 [1, 1]","1 [1, 1]","0 [0, 0]","0 [0, 0]","0 [0, 0]","0.974 [0.951, 0.99]","-0.00084 [-0.0128, 0.0119]","4 [4, 4]",n/a,"128 [125, 129]","-0.46 [-0.907, 0.137]","104 [96.2, 104]","1.01 [1.01, 1.01]","1 [1, 1]","4.05 [4.03, 4.07]","1.01e+03 [1.01e+03, 1.01e+03]","1.67e+04 [1.62e+04, 1.73e+04]"
C,W5,1,A,5,NOT_SUSTAINED,"0.0675 [0.057, 0.068]","5.73e+04 [5.72e+04, 6.85e+04]","6.98e+04 [6.96e+04, 8.37e+04]","1.26e+04 [1.23e+04, 1.52e+04]","inf [inf, inf]",n/a,"inf [inf, inf]",n/a,"2.8e+03 [2.8e+03, 2.83e+03]","3.47e+03 [3.47e+03, 3.51e+03]","802 [796, 809]","0.813 [0.807, 0.819]","1.66e+06 [1.39e+06, 1.67e+06]","603 [598, 719]","0.0211 [0.0184, 0.0219]","8.3 [8.05, 8.43]","13.5 [11.3, 13.6]","4 [3.9, 4]","320 [315, 389]","353 [350, 427]","358 [352, 443]","358 [352, 443]","1.35e+04 [1.34e+04, 1.37e+04]","601 [599, 680]","262 [255, 318]","248 [247, 254]","247 [246, 253]","1 [1, 1]","0.319 [0.316, 0.368]","0 [0, 0]","92 [72, 93]","0.681 [0.632, 0.684]","0.964 [0.958, 0.981]","-0.00258 [-0.0318, 0.0166]","4 [4, 4]",n/a,"126 [124, 132]","-0.133 [-0.374, 0.00106]","104 [104, 104]","1.02 [1.02, 1.02]","1 [0.999, 1]","4.04 [4.03, 4.14]","1.02e+03 [1.02e+03, 1.02e+03]","5.6e+03 [4.82e+03, 5.73e+03]"
E,W5,1,A,5,NOT_SUSTAINED,"0.057 [0.0565, 0.068]","6.84e+04 [5.72e+04, 6.85e+04]","8.35e+04 [6.98e+04, 8.35e+04]","1.5e+04 [1.26e+04, 1.5e+04]","inf [inf, inf]",n/a,"inf [inf, inf]",n/a,"2.83e+03 [2.8e+03, 2.83e+03]","3.51e+03 [3.47e+03, 3.51e+03]","806 [803, 809]","0.817 [0.812, 0.818]","1.4e+06 [1.39e+06, 1.66e+06]","714 [601, 718]","0.0175 [0.0174, 0.0205]","7.98 [7.86, 8.17]","11.4 [11.4, 13.6]","4 [3.9, 4]","6.49e+03 [6.42e+03, 7.05e+03]","9.4e+03 [9.28e+03, 1.02e+04]","9.69e+03 [9.56e+03, 1.05e+04]","9.69e+03 [9.56e+03, 1.05e+04]","1.41e+04 [1.4e+04, 1.42e+04]","9.65e+03 [9.54e+03, 1.04e+04]","6.4e+03 [6.34e+03, 6.99e+03]","248 [247, 252]","248 [246, 251]","1 [1, 1]","1 [1, 1]","0 [0, 0]","0 [0, 0]","0 [0, 0]","0.964 [0.948, 0.982]","7.44 [7.35, 9.46]","110 [109, 142]",n/a,"433 [420, 553]","23.5 [20.8, 30]","104 [103, 104]","1.01 [1.01, 1.02]","1 [1, 1]","4.07 [4.04, 4.08]","1.02e+03 [1.02e+03, 1.02e+03]","5.97e+03 [5.01e+03, 6.05e+03]"
F,W5,1,A,5,NOT_SUSTAINED,"0.0545 [0.054, 0.0635]","7.6e+04 [6.35e+04, 7.6e+04]","9.1e+04 [7.56e+04, 9.11e+04]","1.5e+04 [1.21e+04, 1.51e+04]","inf [inf, inf]",n/a,"inf [inf, inf]",n/a,"2.83e+03 [2.8e+03, 2.83e+03]","3.51e+03 [3.48e+03, 3.51e+03]","817 [810, 823]","0.827 [0.822, 0.833]","1.31e+06 [1.31e+06, 1.55e+06]","763 [647, 764]","0.0182 [0.0177, 0.0211]","8.94 [8.78, 9.2]","10.9 [10.8, 12.7]","4 [4, 4.1]","108 [100, 117]","161 [134, 162]","170 [139, 174]","170 [139, 174]","1.37e+04 [1.35e+04, 1.37e+04]","406 [385, 414]","32.3 [26.1, 35.9]","249 [245, 253]","248 [244, 252]","1 [1, 1]","0.367 [0.315, 0.376]","69 [68, 87]","0 [0, 0]","0.633 [0.624, 0.685]","0.976 [0.965, 0.985]",n/a,n/a,n/a,"118 [117, 119]","-0.451 [-0.823, 0.113]","111 [111, 111]","1.02 [1.01, 1.02]","1 [1, 1]","4.05 [4.04, 4.08]","1.02e+03 [1.02e+03, 1.02e+03]","6.04e+03 [5.23e+03, 6.38e+03]"
G,W5,1,A,5,NOT_SUSTAINED,"0.057 [0.0565, 0.068]","6.85e+04 [5.72e+04, 6.85e+04]","8.34e+04 [6.97e+04, 8.35e+04]","1.49e+04 [1.25e+04, 1.5e+04]","inf [inf, inf]",n/a,"inf [inf, inf]",n/a,"2.83e+03 [2.79e+03, 2.83e+03]","3.5e+03 [3.46e+03, 3.5e+03]","804 [802, 806]","0.814 [0.813, 0.816]","1.4e+06 [1.39e+06, 1.67e+06]","715 [598, 720]","0.0184 [0.0184, 0.0217]","8.34 [8.16, 8.37]","11.4 [11.3, 13.6]","4 [3.9, 4.1]","117 [96.5, 121]","153 [127, 158]","162 [149, 164]","162 [149, 164]","1.36e+04 [1.33e+04, 1.37e+04]","407 [379, 410]","43 [28.1, 52.6]","251 [247, 253]","250 [246, 252]","1 [1, 1]","0.345 [0.287, 0.351]","74 [74, 97]","0 [0, 0]","0.655 [0.649, 0.713]","0.975 [0.961, 0.992]",n/a,n/a,n/a,"119 [117, 121]","-0.0413 [-0.23, 0.0913]","104 [104, 104]","1.02 [1.02, 1.02]","1 [1, 1]","4.05 [4.04, 4.06]","1.02e+03 [1.02e+03, 1.02e+03]","5.77e+03 [4.92e+03, 5.87e+03]"
H,W5,1,A,5,NOT_SUSTAINED,"0.0565 [0.0565, 0.0685]","6.85e+04 [5.72e+04, 6.86e+04]","8.34e+04 [6.97e+04, 8.35e+04]","1.48e+04 [1.25e+04, 1.49e+04]","inf [inf, inf]",n/a,"inf [inf, inf]",n/a,"2.83e+03 [2.79e+03, 2.83e+03]","3.5e+03 [3.46e+03, 3.51e+03]","807 [796, 813]","0.817 [0.807, 0.823]","1.4e+06 [1.38e+06, 1.7e+06]","714 [589, 723]","0.0184 [0.0181, 0.0215]","8.4 [8.09, 8.44]","11.4 [11.3, 13.7]","4 [3.9, 4.1]","104 [94, 106]","146 [126, 152]","151 [128, 165]","151 [128, 165]","1.36e+04 [1.33e+04, 1.37e+04]","391 [374, 401]","34.1 [29.5, 36.1]","247 [244, 252]","246 [243, 251]","1 [1, 1]","0.354 [0.292, 0.36]","73 [73, 97]","0 [0, 0]","0.646 [0.64, 0.708]","0.962 [0.955, 0.973]",n/a,n/a,n/a,"118 [116, 121]","-0.0202 [-0.291, 0.02]","104 [104, 104]","1.02 [1.01, 1.02]","1 [1, 1]","4.06 [4.03, 4.18]","1.02e+03 [1.02e+03, 1.02e+03]","5.73e+03 [5.69e+03, 6.46e+03]"
H',W5,1,A,5,NOT_SUSTAINED,"0.0565 [0.056, 0.0685]","6.85e+04 [5.72e+04, 6.86e+04]","8.35e+04 [6.96e+04, 8.36e+04]","1.5e+04 [1.25e+04, 1.5e+04]","inf [inf, inf]",n/a,"inf [inf, inf]",n/a,"2.82e+03 [2.79e+03, 2.83e+03]","3.5e+03 [3.46e+03, 3.5e+03]","807 [801, 813]","0.816 [0.812, 0.822]","1.39e+06 [1.38e+06, 1.69e+06]","721 [593, 723]","0.0184 [0.0181, 0.0219]","8.36 [8.11, 8.45]","11.4 [11.3, 13.7]","4 [4, 4.1]","105 [87.2, 110]","144 [119, 153]","156 [126, 175]","156 [126, 175]","1.35e+04 [1.34e+04, 1.36e+04]","391 [374, 405]","32.9 [26.7, 38.2]","248 [246, 251]","247 [245, 249]","1 [1, 1]","0.351 [0.285, 0.354]","74 [73, 98]","0 [0, 0]","0.649 [0.646, 0.715]","0.972 [0.957, 0.991]",n/a,n/a,n/a,"119 [116, 122]","0.00442 [-0.0423, 0.112]","104 [104, 104]","1.02 [1.01, 1.02]","1 [1, 1]","4.07 [4.04, 4.13]","1.02e+03 [1.02e+03, 1.02e+03]","6.02e+03 [4.78e+03, 6.47e+03]"
RB,W5,1,A,5,NOT_SUSTAINED,"0.52 [0.515, 0.521]","1.12 [1.12, 1.17]","4.22e+04 [3.94e+04, 8.18e+04]","4.22e+04 [3.94e+04, 8.18e+04]","inf [inf, inf]","923 [903, 939]","inf [inf, inf]","5.93e+03 [5.83e+03, 6.2e+03]","1.45e+03 [1.42e+03, 1.47e+03]","1.79e+03 [1.77e+03, 1.82e+03]","130 [116, 281]","0.13 [0.117, 0.281]","8e+07 [3.67e+07, 8.94e+07]","12.5 [11.2, 27.3]","0.0783 [0.0774, 0.0792]","4.01 [3.97, 4.06]",n/a,"3.8 [3.8, 3.9]","0.834 [0.828, 0.847]","0.885 [0.855, 0.924]","0.91 [0.908, 0.977]","0.91 [0.908, 0.977]","7.01e+03 [6.88e+03, 7.2e+03]","255 [253, 260]","0.833 [0.827, 0.846]","248 [246, 255]","248 [245, 254]","1 [1, 1]",n/a,"0 [0, 0]","0 [0, 0]",n/a,"0.963 [0.953, 0.982]","-0.0248 [-0.0347, 0.0712]","13 [13, 13]","1.03e+07 [1.03e+07, 1.06e+07]","127 [124, 127]","0.0399 [-0.0884, 0.117]","104 [104, 104]","1.08 [1.08, 1.08]","1 [1, 1]","4.03 [4.02, 4.06]","1.08e+03 [1.08e+03, 1.08e+03]","646 [641, 673]"
A,W5,4,A,5,NOT_SUSTAINED,"0.005 [0.0045, 0.005]","1.01e+06 [9.99e+05, 1.02e+06]","1.04e+06 [1.03e+06, 1.05e+06]","2.6e+04 [1.96e+04, 2.92e+04]","inf [inf, inf]",n/a,"inf [inf, inf]",n/a,"2.98e+03 [2.98e+03, 2.98e+03]","3.7e+03 [3.7e+03, 3.7e+03]","0.168 [0.159, 0.28]","1.02 [0.903, 1.03]","9.82e+04 [9.73e+04, 9.97e+04]","1.02e+04 [1e+04, 1.03e+04]","1.02 [0.903, 1.03]","1.02e+04 [1e+04, 1.03e+04]","1 [0.9, 1]","0.975 [0.975, 0.975]","264 [261, 490]","778 [764, 790]","781 [769, 793]","781 [769, 793]","1.45e+04 [1.44e+04, 1.45e+04]","1.03e+03 [1.02e+03, 1.04e+03]",n/a,"254 [249, 256]","254 [249, 256]","1 [1, 1]","1 [1, 1]","0 [0, 0]","0 [0, 0]","0 [0, 0]","0 [0, 0]",n/a,n/a,n/a,"115 [115, 117]","-0.0297 [-0.197, 0.422]","104 [104, 104]","1 [1, 1]","1 [1, 1]","4.04 [4.03, 4.04]","1e+03 [1e+03, 1e+03]","6.42e+04 [6.38e+04, 7.16e+04]"
B,W5,4,A,5,NOT_SUSTAINED,"0.005 [0.0045, 0.005]","9.28e+05 [8.9e+05, 1.04e+06]","1.1e+06 [1.03e+06, 1.1e+06]","1.54e+05 [5.73e+04, 1.67e+05]","inf [inf, inf]",n/a,"inf [inf, inf]",n/a,"2.98e+03 [2.98e+03, 2.98e+03]","3.69e+03 [3.69e+03, 3.7e+03]","919 [901, 920]","0.921 [0.902, 0.922]","1.09e+05 [9.77e+04, 1.11e+05]","9.21e+03 [9.02e+03, 1.02e+04]","0.00222 [0.00198, 0.00227]","13.9 [13.1, 14.3]","1 [0.9, 1]","1 [0.975, 1]","4.61e+03 [4.42e+03, 4.85e+03]","5.14e+03 [5.03e+03, 5.42e+03]","5.27e+03 [5.12e+03, 5.5e+03]","5.27e+03 [5.12e+03, 5.5e+03]","1.43e+04 [1.42e+04, 1.46e+04]","6.1e+03 [6.04e+03, 6.52e+03]","3.75e+03 [3.45e+03, 3.91e+03]","1e+03 [965, 1.01e+03]","250 [249, 256]","3.91 [3.81, 3.97]","1 [1, 1]","0 [0, 0]","0 [0, 0]","0 [0, 0]","0.898 [0.889, 0.904]","-0.0153 [-0.063, 0.0132]","4 [4, 4]",n/a,"126 [124, 128]","-1.52 [-2.4, -0.479]","104 [104, 104]","1 [1, 1]","1 [1, 1]","4.04 [4.03, 4.04]","1.01e+03 [1.01e+03, 1.01e+03]","6.43e+04 [6.41e+04, 7.18e+04]"
C,W5,4,A,5,NOT_SUSTAINED,"0.0185 [0.0155, 0.0195]","2.13e+05 [2.11e+05, 2.68e+05]","3.44e+05 [2.89e+05, 4.52e+05]","1.31e+05 [7.81e+04, 1.83e+05]","inf [inf, inf]",n/a,"inf [inf, inf]",n/a,"2.94e+03 [2.94e+03, 2.95e+03]","3.65e+03 [3.65e+03, 3.66e+03]","812 [800, 843]","0.816 [0.805, 0.847]","4.54e+05 [3.78e+05, 4.85e+05]","2.2e+03 [2.06e+03, 2.65e+03]","0.00661 [0.00611, 0.00722]","10.9 [10.1, 11.4]","3.7 [3.2, 3.9]","1 [0.95, 1.03]","1.17e+03 [1.12e+03, 1.42e+03]","1.5e+03 [1.34e+03, 1.79e+03]","1.55e+03 [1.36e+03, 1.82e+03]","1.55e+03 [1.36e+03, 1.82e+03]","1.41e+04 [1.4e+04, 1.43e+04]","2.51e+03 [2.35e+03, 2.84e+03]","952 [916, 1.11e+03]","1e+03 [978, 1.01e+03]","253 [247, 254]","3.94 [3.92, 3.98]","0.327 [0.322, 0.383]","0 [0, 0]","100 [79, 105]","0.673 [0.617, 0.678]","0.915 [0.868, 0.924]","-0.000855 [-0.00552, 0.00215]","4 [4, 4]",n/a,"129 [127, 134]","-0.919 [-1.11, 0.257]","104 [104, 104]","1.01 [1.01, 1.01]","1 [1, 1]","4.05 [4.04, 4.07]","1.01e+03 [1.01e+03, 1.01e+03]","1.77e+04 [1.7e+04, 2.05e+04]"
E,W5,4,A,5,NOT_SUSTAINED,"0.015 [0.0145, 0.016]","2.55e+05 [2.48e+05, 2.72e+05]","4.13e+05 [3.78e+05, 5.79e+05]","1.42e+05 [1.29e+05, 3.19e+05]","inf [inf, inf]",n/a,"inf [inf, inf]",n/a,"2.95e+03 [2.95e+03, 2.95e+03]","3.66e+03 [3.66e+03, 3.66e+03]","800 [790, 841]","0.804 [0.794, 0.845]","3.74e+05 [3.55e+05, 4.03e+05]","2.67e+03 [2.48e+03, 2.82e+03]","0.00584 [0.00564, 0.00586]","11.2 [10.7, 11.7]","3 [3, 3.2]","1 [1, 1.02]","6.8e+03 [6.51e+03, 7.24e+03]","9.95e+03 [9.67e+03, 1.01e+04]","1.02e+04 [9.85e+03, 1.05e+04]","1.02e+04 [9.85e+03, 1.05e+04]","1.43e+04 [1.41e+04, 1.47e+04]","1.08e+04 [1.06e+04, 1.1e+04]","6.55e+03 [6.24e+03, 6.92e+03]","980 [971, 993]","248 [246, 249]","3.92 [3.86, 3.95]","1 [1, 1]","0 [0, 0]","0 [0, 0]","0 [0, 0]","0.896 [0.889, 0.919]","2.08 [1.92, 2.18]","31 [30, 33]",n/a,"196 [186, 201]","5.45 [5.18, 6.62]","104 [104, 104]","1.01 [1.01, 1.01]","1 [1, 1]","4.07 [4.04, 4.08]","1.01e+03 [1.01e+03, 1.01e+03]","2.16e+04 [2.13e+04, 2.3e+04]"
F,W5,4,A,5,NOT_SUSTAINED,"0.0145 [0.0135, 0.0185]","2.75e+05 [2.15e+05, 2.92e+05]","4.33e+05 [3.19e+05, 4.48e+05]","1.45e+05 [1.04e+05, 1.73e+05]","inf [inf, inf]",n/a,"inf [inf, inf]",n/a,"2.95e+03 [2.94e+03, 2.96e+03]","3.66e+03 [3.64e+03, 3.66e+03]","810 [809, 841]","0.814 [0.813, 0.846]","3.57e+05 [3.32e+05, 4.56e+05]","2.8e+03 [2.19e+03, 3.01e+03]","0.0058 [0.00544, 0.00734]","12.1 [11.6, 12.4]","2.9 [2.7, 3.8]","1 [0.975, 1.02]","442 [331, 485]","667 [529, 747]","761 [604, 799]","761 [604, 799]","1.42e+04 [1.39e+04, 1.44e+04]","1.69e+03 [1.6e+03, 1.77e+03]","156 [127, 180]","959 [946, 969]","249 [245, 251]","3.84 [3.79, 3.97]","0.319 [0.257, 0.348]","79 [71, 113]","0 [0, 0]","0.681 [0.652, 0.743]","0.884 [0.864, 0.902]",n/a,n/a,n/a,"130 [129, 132]","0.0261 [-0.555, 0.149]","121 [121, 121]","1.01 [1.01, 1.01]","1 [1, 1]","4.05 [4.04, 4.06]","1.01e+03 [1.01e+03, 1.01e+03]","2.28e+04 [1.77e+04, 2.4e+04]"
G,W5,4,A,5,NOT_SUSTAINED,"0.0165 [0.0135, 0.02]","2.53e+05 [2e+05, 2.8e+05]","3.98e+05 [3.4e+05, 5.17e+05]","1.62e+05 [1.34e+05, 2.38e+05]","inf [inf, inf]",n/a,"inf [inf, inf]",n/a,"2.95e+03 [2.94e+03, 2.95e+03]","3.66e+03 [3.64e+03, 3.66e+03]","825 [809, 840]","0.828 [0.813, 0.843]","3.98e+05 [3.32e+05, 4.74e+05]","2.51e+03 [2.11e+03, 3.01e+03]","0.00627 [0.00543, 0.00701]","11 [10.3, 11.5]","3.3 [2.8, 3.9]","1 [1, 1.03]","391 [331, 480]","583 [496, 740]","613 [540, 968]","613 [540, 968]","1.43e+04 [1.4e+04, 1.44e+04]","1.62e+03 [1.57e+03, 1.77e+03]","147 [124, 181]","983 [969, 994]","249 [246, 252]","3.9 [3.85, 4.01]","0.295 [0.244, 0.348]","93 [73, 118]","0 [0, 0]","0.705 [0.652, 0.756]","0.902 [0.885, 0.931]",n/a,n/a,n/a,"121 [119, 125]","-0.98 [-1.74, -0.238]","104 [104, 104]","1.01 [1.01, 1.01]","1 [1, 1]","4.05 [4.03, 4.07]","1.01e+03 [1.01e+03, 1.01e+03]","1.99e+04 [1.74e+04, 2.3e+04]"
H,W5,4,A,5,NOT_SUSTAINED,"0.017 [0.014, 0.0185]","2.41e+05 [2.13e+05, 2.86e+05]","4.27e+05 [3.48e+05, 4.56e+05]","1.58e+05 [1.35e+05, 2.25e+05]","inf [inf, inf]",n/a,"inf [inf, inf]",n/a,"2.95e+03 [2.94e+03, 2.95e+03]","3.65e+03 [3.65e+03, 3.66e+03]","805 [758, 820]","0.809 [0.761, 0.823]","4.01e+05 [3.55e+05, 4.57e+05]","2.49e+03 [2.19e+03, 2.82e+03]","0.00618 [0.00521, 0.00687]","11 [10.7, 11.5]","3.3 [2.7, 3.7]","1.02 [0.975, 1.02]","396 [307, 416]","597 [429, 647]","648 [507, 740]","648 [507, 740]","1.42e+04 [1.4e+04, 1.44e+04]","1.64e+03 [1.41e+03, 1.73e+03]","127 [67.7, 149]","986 [968, 1.01e+03]","250 [242, 258]","3.94 [3.86, 3.97]","0.288 [0.27, 0.352]","94 [70, 108]","0 [0, 0]","0.712 [0.648, 0.73]","0.905 [0.894, 0.929]",n/a,n/a,n/a,"121 [116, 125]","-0.201 [-0.512, 0.381]","104 [104, 104]","1.01 [1.01, 1.01]","1 [1, 1]","4.05 [4.03, 4.22]","1.01e+03 [1.01e+03, 1.01e+03]","2.06e+04 [1.9e+04, 2.45e+04]"
H',W5,4,A,5,NOT_SUSTAINED,"0.0175 [0.0145, 0.019]","2.25e+05 [2.1e+05, 2.84e+05]","3.75e+05 [3.31e+05, 4.47e+05]","1.34e+05 [1.06e+05, 1.9e+05]","inf [inf, inf]",n/a,"inf [inf, inf]",n/a,"2.94e+03 [2.94e+03, 2.95e+03]","3.65e+03 [3.64e+03, 3.66e+03]","830 [818, 832]","0.833 [0.822, 0.836]","4.31e+05 [3.47e+05, 4.57e+05]","2.32e+03 [2.19e+03, 2.88e+03]","0.00686 [0.00558, 0.00711]","11.1 [10.8, 11.2]","3.6 [2.9, 3.8]","1 [0.975, 1]","337 [315, 414]","547 [488, 744]","581 [555, 807]","581 [555, 807]","1.41e+04 [1.39e+04, 1.42e+04]","1.63e+03 [1.56e+03, 1.72e+03]","114 [89.5, 137]","997 [988, 1.03e+03]","253 [248, 256]","3.95 [3.89, 3.99]","0.264 [0.25, 0.328]","106 [78, 114]","0 [0, 0]","0.736 [0.672, 0.75]","0.912 [0.869, 0.919]",n/a,n/a,n/a,"121 [119, 129]","-0.292 [-1.6, -0.00613]","104 [104, 104]","1.01 [1.01, 1.01]","1 [1, 1]","4.03 [4.03, 4.04]","1.01e+03 [1.01e+03, 1.01e+03]","1.79e+04 [1.69e+04, 2.21e+04]"
RB,W5,4,A,5,NOT_SUSTAINED,"1 [0.993, 1.02]","4.12 [3.92, 4.25]","2.27e+04 [6.21e+03, 3.51e+04]","2.27e+04 [6.21e+03, 3.51e+04]","139 [125, 179]","4.39 [-8.7, 9.25]","170 [137, 339]","129 [120, 173]","14 [0, 79]","17.4 [0, 97.9]","170 [129, 185]","0.171 [0.13, 0.187]","1.18e+08 [1.07e+08, 1.54e+08]","8.44 [6.5, 9.32]","0.157 [0.155, 0.159]","22.2 [22.1, 22.2]",n/a,"0.8 [0.75, 0.825]","4.06 [3.34, 4.23]","28.3 [11.1, 54.5]","47.8 [15.5, 105]","47.8 [15.5, 105]","29.7 [12.3, 56.4]","731 [500, 758]","4.05 [3.32, 4.22]","424 [252, 488]","247 [243, 250]","1.49 [1.24, 1.93]",n/a,"0 [0, 0]","0 [0, 0]",n/a,"1.05 [1.04, 1.08]","6.63 [0.578, 14.8]","13 [13, 13]","2.02e+07 [1.88e+07, 2.09e+07]","148 [147, 149]","0.13 [0.0844, 0.157]","115 [114, 116]","1.38 [1.37, 1.38]","0.969 [0.968, 0.97]","3.97 [3.94, 4]","1.4e+03 [1.39e+03, 1.4e+03]","389 [376, 408]"
A,none,0,A,5,SUSTAINED,"1 [1, 1]","860 [774, 871]","1.28e+03 [1.24e+03, 1.3e+03]","433 [386, 468]","2.82 [2.45, 2.83]","-0.00538 [-0.00749, -0.00224]","2.81 [2.39, 2.85]","0.34 [0.0851, 0.344]","0 [0, 0]","0 [0, 0]","-0.000552 [-0.00305, 0.0359]","0.178 [0.169, 0.181]","1.12e+08 [1.11e+08, 1.18e+08]","8.91 [8.44, 9.03]","0.501 [0.467, 0.503]","8.91 [8.44, 9.03]","50 [50, 50]",n/a,n/a,n/a,n/a,n/a,n/a,n/a,n/a,n/a,n/a,n/a,n/a,n/a,n/a,n/a,n/a,n/a,n/a,n/a,"110 [109, 116]","0.0631 [0.0549, 0.691]","104 [104, 104]","0.507 [0.473, 0.51]","1 [1, 1]","1.82 [1.8, 1.97]","508 [475, 511]","25.4 [25, 26.8]"
F,none,0,A,5,SUSTAINED,"1 [1, 1]","803 [762, 843]","1.69e+03 [1.63e+03, 1.72e+03]","884 [838, 929]","2.77 [2.39, 2.79]","-0.00584 [-0.00917, 0.0015]","2.76 [2.37, 2.77]","0.332 [0.0862, 0.348]","0 [0, 0]","0 [0, 0]","0.00514 [-0.00427, 0.00736]","0.19 [0.178, 0.193]","1.05e+08 [1.04e+08, 1.13e+08]","9.49 [8.89, 9.63]","0.503 [0.471, 0.506]","9.49 [8.89, 9.63]","50 [50, 50]",n/a,n/a,n/a,n/a,n/a,n/a,n/a,n/a,n/a,n/a,n/a,n/a,n/a,n/a,n/a,n/a,n/a,n/a,n/a,"114 [113, 117]","0.0635 [0.0573, 0.576]","107 [107, 107]","0.508 [0.478, 0.511]","1 [1, 1]","1.86 [1.85, 2]","510 [480, 512]","26.3 [25.9, 28.2]"
G,none,0,A,5,SUSTAINED,"1 [1, 1]","851 [846, 852]","1.41e+03 [1.33e+03, 1.42e+03]","561 [474, 575]","2.8 [2.79, 2.83]","-0.00783 [-0.00811, -0.0021]","2.78 [2.71, 2.84]","0.338 [0.335, 0.343]","0 [0, 0]","0 [0, 0]","0.00605 [0.00274, 0.0156]","0.181 [0.178, 0.182]","1.1e+08 [1.1e+08, 1.12e+08]","9.06 [8.91, 9.09]","0.503 [0.5, 0.506]","9.06 [8.91, 9.09]","50 [50, 50]",n/a,n/a,n/a,n/a,n/a,n/a,n/a,n/a,n/a,n/a,n/a,n/a,n/a,n/a,n/a,n/a,n/a,n/a,n/a,"114 [112, 120]","-0.119 [-0.71, 0.0242]","104 [104, 104]","0.509 [0.506, 0.511]","1 [0.991, 1]","1.79 [1.78, 1.81]","510 [508, 513]","25 [24.7, 25.1]"
H,none,0,A,5,SUSTAINED,"1 [1, 1]","844 [769, 855]","1.31e+03 [1.27e+03, 1.39e+03]","505 [462, 541]","2.8 [2.41, 2.82]","-0.00662 [-0.00721, -0.00117]","2.77 [2.23, 2.81]","0.341 [0.0826, 0.343]","0 [0, 0]","0 [0, 0]","-0.00491 [-0.0113, -0.00144]","0.176 [0.167, 0.181]","1.14e+08 [1.11e+08, 1.2e+08]","8.81 [8.34, 9.04]","0.501 [0.464, 0.504]","8.81 [8.34, 9.04]","50 [50, 50]",n/a,n/a,n/a,n/a,n/a,n/a,n/a,n/a,n/a,n/a,n/a,n/a,n/a,n/a,n/a,n/a,n/a,n/a,n/a,"114 [113, 121]","0.0611 [-1.25, 1.08]","104 [104, 104]","0.507 [0.47, 0.51]","1 [1, 1]","1.8 [1.76, 1.95]","508 [472, 511]","25.3 [24.7, 26.6]"
H',none,0,A,5,SUSTAINED,"1 [1, 1]","841 [776, 854]","1.34e+03 [1.29e+03, 1.42e+03]","511 [497, 571]","2.8 [2.44, 2.83]","-0.00569 [-0.0196, -0.00339]","2.77 [2.37, 2.83]","0.333 [0.0863, 0.347]","0 [0, 0]","0 [0, 0]","-0.00421 [-0.00537, -0.000841]","0.177 [0.167, 0.183]","1.13e+08 [1.09e+08, 1.2e+08]","8.85 [8.37, 9.17]","0.499 [0.466, 0.505]","8.85 [8.37, 9.17]","50 [50, 50]",n/a,n/a,n/a,n/a,n/a,n/a,n/a,n/a,n/a,n/a,n/a,n/a,n/a,n/a,n/a,n/a,n/a,n/a,n/a,"113 [112, 114]","-0.0878 [-0.844, 0.0617]","104 [104, 104]","0.505 [0.472, 0.511]","1 [0.999, 1]","1.83 [1.76, 1.95]","507 [474, 513]","25.4 [24.6, 26.5]"
EP-H,none,0,A,5,SUSTAINED,"1 [1, 1]","2.17e+03 [2.15e+03, 2.23e+03]","2.75e+03 [2.66e+03, 2.82e+03]","581 [501, 606]","3.15 [3.13, 3.29]","-0.00243 [-0.0082, 0.000134]","3.11 [3.1, 3.27]","0.162 [0.159, 0.215]","0 [0, 0]","0 [0, 0]","0.349 [0.309, 0.681]","0.425 [0.42, 0.435]","4.71e+07 [4.6e+07, 4.77e+07]","21.2 [21, 21.7]","0.592 [0.585, 0.605]","21.2 [20.9, 21.7]","50.1 [50, 50.2]",n/a,n/a,n/a,n/a,n/a,n/a,n/a,n/a,n/a,n/a,n/a,n/a,n/a,n/a,n/a,n/a,n/a,n/a,n/a,"135 [132, 153]","0.48 [-0.701, 3.13]","105 [104, 105]","0.598 [0.591, 0.61]","1 [1, 1]","3.5 [3.43, 3.54]","600 [592, 611]","96.4 [93.8, 97.6]"
EP-QB,none,0,A,5,SUSTAINED,"1 [1, 1]","455 [453, 472]","834 [791, 843]","371 [338, 378]","1.59 [1.59, 1.6]","-0.000157 [-0.00166, 0.00172]","1.59 [1.57, 1.59]","0.237 [0.206, 0.239]","0 [0, 0]","0 [0, 0]","1.07 [0.97, 1.19]","0.103 [0.102, 0.106]","1.94e+08 [1.88e+08, 1.97e+08]","5.14 [5.08, 5.32]","0.28 [0.279, 0.287]","5.08 [5.03, 5.27]","50 [50, 50]",n/a,n/a,n/a,n/a,n/a,n/a,n/a,n/a,n/a,n/a,n/a,n/a,n/a,n/a,n/a,n/a,n/a,n/a,n/a,"127 [126, 137]","-0.216 [-1.77, 0.453]","105 [104, 105]","0.654 [0.651, 0.674]","1 [1, 1]","3.29 [3.2, 3.31]","658 [656, 678]","91 [86.5, 92.3]"
EP-QE,none,0,A,5,SUSTAINED,"1 [1, 1]","456 [448, 467]","807 [797, 827]","349 [341, 364]","1.6 [1.58, 1.62]","-0.000328 [-0.00307, 0.000432]","1.59 [1.57, 1.6]","0.238 [0.193, 0.24]","0 [0, 0]","0 [0, 0]","0.984 [0.951, 1.09]","0.102 [0.102, 0.105]","1.95e+08 [1.9e+08, 1.96e+08]","5.12 [5.1, 5.26]","0.281 [0.279, 0.289]","5.06 [5.05, 5.21]","50 [50, 50]",n/a,n/a,n/a,n/a,n/a,n/a,n/a,n/a,n/a,n/a,n/a,n/a,n/a,n/a,n/a,n/a,n/a,n/a,n/a,"129 [127, 132]","0.114 [-0.204, 1.05]","105 [96.3, 105]","0.658 [0.651, 0.673]","1 [0.999, 1]","3.26 [3.2, 3.31]","662 [655, 676]","89.6 [86.8, 92.4]"
A,W1,1,B,5,SUSTAINED,"1 [1, 1]","451 [446, 457]","9.36e+03 [9.21e+03, 9.44e+03]","8.9e+03 [8.76e+03, 8.98e+03]","4.08 [3.96, 4.52]","0.0022 [-0.00791, 0.0045]","3.97 [3.92, 4.41]","0.49 [0.48, 0.505]","0 [0, 0]","0 [0, 0]","-0.000987 [-0.00372, 0.00386]","0.501 [0.5, 0.509]","4e+07 [3.93e+07, 4e+07]","25 [25, 25.4]","0.642 [0.642, 0.653]","25 [25, 25.4]","50 [50, 50]","50 [50, 50]","0.477 [0.454, 0.482]","0.601 [0.594, 0.612]","0.658 [0.647, 0.668]","0.737 [0.675, 0.774]","1.79 [1.74, 1.83]","9.18 [9.1, 9.32]",n/a,"8.32 [8.29, 8.49]","8.32 [8.29, 8.49]","1 [1, 1]","1 [1, 1]","0 [0, 0]","0 [0, 0]","0 [0, 0]","0 [0, 0]",n/a,n/a,n/a,"131 [126, 131]","0.0819 [-0.0426, 0.0955]","93.2 [93.1, 96.7]","0.646 [0.646, 0.658]","1 [1, 1]","4.25 [4.21, 4.29]","648 [647, 659]","190 [184, 196]"
B,W1,1,B,5,SUSTAINED,"1 [1, 1]","444 [441, 486]","690 [669, 747]","238 [227, 261]","1.47 [1.37, 1.49]","0.000969 [-0.00119, 0.00141]","1.48 [1.38, 1.51]","0.264 [0.165, 0.269]","0 [0, 0]","0 [0, 0]","0.0637 [0.021, 0.098]","0.0924 [0.0923, 0.0957]","2.16e+08 [2.09e+08, 2.17e+08]","4.62 [4.61, 4.78]","0.243 [0.242, 0.248]","4.62 [4.61, 4.78]","50 [50, 50]","50 [50, 50]","0.548 [0.542, 0.566]","0.681 [0.667, 0.742]","0.732 [0.706, 0.772]","0.835 [0.771, 0.873]","1.82 [1.6, 1.85]","9.81 [9.75, 9.91]","0.00521 [0.00508, 0.00537]","8.8 [8.74, 8.85]","8.8 [8.74, 8.84]","1 [1, 1]","1 [1, 1]","0 [0, 0]","0 [0, 0]","0 [0, 0]","0.433 [0.431, 0.436]","0 [0, 0]","0 [0, 0]",n/a,"134 [128, 138]","0.0906 [0.0881, 0.108]","97 [93.8, 97.3]","0.684 [0.682, 0.69]","1 [1, 1]","4.13 [4.09, 4.18]","686 [684, 692]","169 [161, 179]"
C,W1,1,B,5,SUSTAINED,"1 [1, 1]","446 [437, 451]","708 [663, 725]","258 [226, 275]","1.48 [1.47, 1.49]","-1.22e-05 [-0.00129, 0.001]","1.48 [1.46, 1.52]","0.265 [0.26, 0.268]","0 [0, 0]","0 [0, 0]","0.0865 [0.0383, 0.149]","0.092 [0.0914, 0.0932]","2.17e+08 [2.15e+08, 2.19e+08]","4.6 [4.57, 4.66]","0.242 [0.242, 0.245]","4.6 [4.56, 4.66]","50 [50, 50]","50 [50, 50]","0.539 [0.533, 0.571]","0.699 [0.66, 0.723]","0.754 [0.704, 0.767]","0.79 [0.764, 0.893]","1.82 [1.81, 1.85]","9.82 [9.76, 9.94]","0.00517 [0.00513, 0.00517]","8.85 [8.78, 8.96]","8.85 [8.78, 8.96]","1 [1, 1]","1 [1, 1]","0 [0, 0]","0 [0, 0]","0 [0, 0]","0.436 [0.433, 0.44]","0 [0, 0]","0 [0, 0]",n/a,"128 [128, 140]","0.0882 [0.0873, 0.108]","97.3 [93.5, 97.4]","0.687 [0.683, 0.692]","1 [1, 1]","4.11 [4.08, 4.13]","689 [685, 694]","166 [162, 170]"
E,W1,1,B,5,SUSTAINED,"1 [1, 1]","457 [432, 468]","698 [684, 710]","241 [217, 268]","1.49 [1.37, 1.5]","-0.000582 [-0.00171, 0.000569]","1.48 [1.37, 1.51]","0.26 [0.164, 0.267]","0 [0, 0]","0 [0, 0]","0.0591 [0.0374, 0.16]","0.0932 [0.0909, 0.0939]","2.15e+08 [2.13e+08, 2.2e+08]","4.66 [4.54, 4.69]","0.244 [0.241, 0.244]","4.66 [4.54, 4.69]","50 [50, 50]","50 [50, 50]","0.539 [0.533, 0.557]","0.7 [0.681, 0.707]","0.738 [0.717, 0.752]","0.81 [0.75, 0.895]","1.82 [1.58, 1.84]","9.87 [9.83, 9.89]","0.00517 [0.00508, 0.00521]","8.84 [8.78, 8.92]","8.83 [8.78, 8.92]","1 [1, 1]","1 [1, 1]","0 [0, 0]","0 [0, 0]","0 [0, 0]","0.435 [0.433, 0.439]","0 [0, 0]","0 [0, 0]",n/a,"135 [128, 140]","0.0993 [0.0881, 0.108]","97.1 [93.8, 97.3]","0.686 [0.684, 0.69]","1 [1, 1]","4.1 [4.09, 4.15]","688 [686, 692]","163 [162, 174]"
F,W1,1,B,5,SUSTAINED,"1 [1, 1]","469 [461, 475]","805 [773, 836]","344 [298, 371]","1.53 [1.47, 1.54]","-0.000344 [-0.00151, 0.00556]","1.54 [1.46, 1.55]","0.233 [0.215, 0.237]","0 [0, 0]","0 [0, 0]","0.00361 [-0.00635, 0.0205]","0.101 [0.0999, 0.102]","1.97e+08 [1.96e+08, 2e+08]","5.07 [5, 5.09]","0.258 [0.258, 0.26]","5.07 [5, 5.09]","50 [50, 50]","49.1 [48, 50]","8.81 [8.13, 9.13]","20.2 [17.9, 20.3]","20.6 [18, 20.6]","20.6 [18.1, 20.7]","21.3 [18.9, 21.4]","29.4 [27.2, 29.5]","8.12 [7.38, 8.46]","9 [8.92, 9.06]","9 [8.92, 9.06]","1 [1, 1]","0.98 [0.962, 1]","10 [0, 19]","0 [0, 0]","0.02 [0, 0.038]","0.445 [0.439, 0.45]",n/a,n/a,n/a,"130 [130, 137]","0.0931 [0.0864, 0.144]","104 [104, 104]","0.709 [0.704, 0.716]","1 [0.999, 1]","3.95 [3.93, 3.96]","711 [706, 717]","149 [147, 152]"
G,W1,1,B,5,SUSTAINED,"1 [1, 1]","427 [419, 434]","706 [701, 719]","282 [274, 289]","1.47 [1.41, 1.49]","-0.00234 [-0.0145, -0.00154]","1.46 [1.28, 1.48]","0.257 [0.191, 0.266]","0 [0, 0]","0 [0, 0]","-0.00622 [-0.0123, -0.00419]","0.0917 [0.091, 0.0926]","2.18e+08 [2.16e+08, 2.2e+08]","4.58 [4.55, 4.63]","0.247 [0.245, 0.248]","4.59 [4.55, 4.63]","50 [50, 50]","49.1 [49.1, 50]","8.31 [7.9, 8.73]","19.8 [17.9, 20.1]","20.4 [18, 20.5]","20.6 [18, 20.7]","20.8 [18.7, 21.2]","29.3 [27.4, 29.5]","7.7 [7.4, 8.13]","9.16 [8.96, 9.2]","9.16 [8.96, 9.2]","1 [1, 1]","0.982 [0.982, 1]","9 [0, 9]","0 [0, 0]","0.018 [0, 0.018]","0.446 [0.44, 0.454]",n/a,n/a,n/a,"132 [131, 137]","0.0872 [0.0865, 0.121]","97.2 [96.9, 97.3]","0.7 [0.694, 0.708]","1 [0.999, 1]","3.93 [3.89, 3.94]","702 [696, 710]","145 [141, 147]"
H,W1,1,B,5,SUSTAINED,"1 [1, 1]","432 [429, 435]","718 [680, 743]","286 [248, 308]","1.48 [1.42, 1.5]","-0.000889 [-0.00135, 0.00401]","1.49 [1.46, 1.51]","0.261 [0.204, 0.264]","0 [0, 0]","0 [0, 0]","0.00105 [-0.00444, 0.00363]","0.0926 [0.0909, 0.0932]","2.16e+08 [2.15e+08, 2.2e+08]","4.63 [4.55, 4.66]","0.247 [0.246, 0.249]","4.63 [4.55, 4.66]","50 [50, 50]","48.8 [48.4, 50]","8.54 [8.08, 8.9]","20.1 [17.8, 20.2]","20.4 [18, 20.6]","20.5 [18.1, 20.7]","21.1 [18.7, 21.3]","29.4 [27.4, 29.5]","7.93 [7.45, 8.32]","9.11 [9.05, 9.19]","9.11 [9.05, 9.19]","1 [1, 1]","0.976 [0.966, 1]","12 [0, 17]","0 [0, 0]","0.024 [0, 0.034]","0.441 [0.441, 0.449]",n/a,n/a,n/a,"131 [130, 132]","0.0923 [-0.017, 0.357]","97.2 [93.6, 97.3]","0.695 [0.693, 0.704]","1 [0.998, 1]","3.92 [3.9, 3.95]","697 [695, 706]","145 [142, 146]"
H',W1,1,B,5,SUSTAINED,"1 [1, 1]","434 [424, 439]","711 [699, 737]","276 [271, 303]","1.48 [1.41, 1.49]","-0.000501 [-0.0127, 0.00328]","1.48 [1.23, 1.49]","0.258 [0.201, 0.265]","0 [0, 0]","0 [0, 0]","-0.00423 [-0.00633, -0.00361]","0.0926 [0.0916, 0.0929]","2.16e+08 [2.15e+08, 2.18e+08]","4.63 [4.58, 4.64]","0.247 [0.245, 0.25]","4.63 [4.58, 4.64]","50 [50, 50]","49.1 [48.4, 50]","8.82 [8.05, 8.93]","20.1 [17.8, 20.1]","20.4 [18, 20.5]","20.5 [18, 20.7]","21.2 [18.7, 21.2]","29.4 [27.4, 29.4]","8.2 [7.42, 8.33]","9.16 [9.08, 9.2]","9.16 [9.08, 9.2]","1 [1, 1]","0.98 [0.968, 1]","10 [0, 16]","0 [0, 0]","0.02 [0, 0.032]","0.445 [0.439, 0.454]",n/a,n/a,n/a,"132 [130, 133]","0.0878 [-0.0349, 0.0899]","97.3 [97.2, 97.3]","0.698 [0.697, 0.71]","1 [1, 1]","3.93 [3.91, 3.94]","699 [698, 711]","146 [144, 148]"
RB,W1,1,B,5,SUSTAINED,"1 [1, 1]","2.25 [2.25, 2.38]","5.79 [5.62, 5.83]","3.5 [3.38, 3.58]","0.806 [0.801, 1.15]","-0.000195 [-0.000644, 0.000336]","0.809 [0.805, 1.15]","0.109 [0.108, 0.426]","0 [0, 0]","0 [0, 0]","0.00344 [0.000992, 0.00564]","0.000484 [0.000484, 0.000493]","4.13e+10 [4.05e+10, 4.14e+10]","0.0242 [0.0242, 0.0247]","0.141 [0.14, 0.145]","4.11 [4.06, 4.26]",n/a,"50 [50, 50]","0.499 [0.494, 0.523]","0.627 [0.601, 0.664]","0.678 [0.669, 0.715]","0.746 [0.734, 0.979]","1.51 [1.5, 1.87]","9.55 [9.49, 9.7]","0.497 [0.492, 0.52]","8.61 [8.51, 8.82]","8.58 [8.48, 8.79]","1 [1, 1]",n/a,"0 [0, 0]","0 [0, 0]",n/a,"0.521 [0.517, 0.531]","0 [0, 0]","0 [0, 0]","2e+07 [2e+07, 2e+07]","133 [127, 135]","0.187 [0.164, 0.356]","97.3 [97, 97.3]","0.67 [0.665, 0.681]","1 [1, 1]","4.22 [4.15, 4.27]","673 [667, 684]","187 [177, 193]"
EP-H,W1,1,B,5,SUSTAINED,"1 [1, 1]","1.88e+03 [1.88e+03, 1.89e+03]","2.76e+03 [2.69e+03, 2.89e+03]","871 [810, 1.01e+03]","2.73 [2.71, 2.92]","0.00442 [-0.000835, 0.00696]","2.75 [2.71, 2.95]","0.179 [0.175, 0.296]","0 [0, 0]","0 [0, 0]","0.336 [0.318, 1.51]","0.38 [0.378, 0.383]","5.26e+07 [5.22e+07, 5.3e+07]","19 [18.9, 19.2]","0.52 [0.517, 0.522]","19 [18.9, 19.2]","50.2 [50.1, 51.1]","50 [49.3, 50.2]","9.64 [9.25, 10]","19.8 [18.2, 21.2]","20.3 [19.9, 21.9]","20.9 [20, 22.2]","20.7 [19.2, 22.1]","29 [27.2, 30]","7.51 [7.13, 7.99]","8.84 [8.71, 9.03]","8.84 [8.71, 9.03]","1 [1, 1]",n/a,"0 [0, 0]","0 [0, 0]",n/a,"0.433 [0.427, 0.445]",n/a,n/a,n/a,"159 [140, 163]","0.518 [0.421, 0.588]","98.1 [97.4, 98.2]","0.958 [0.953, 0.967]","1 [0.999, 1]","4.3 [4.26, 4.35]","960 [955, 968]","290 [279, 299]"
EP-QB,W1,1,B,5,SUSTAINED,"1 [1, 1]","488 [462, 496]","854 [841, 896]","370 [351, 435]","1.46 [1.3, 1.46]","0.000854 [0.000117, 0.00399]","1.45 [1.28, 1.48]","0.273 [0.0772, 0.275]","0 [0, 0]","0 [0, 0]","0.0189 [0.00477, 0.0302]","0.0987 [0.098, 0.0994]","2.03e+08 [2.01e+08, 2.04e+08]","4.93 [4.9, 4.97]","0.239 [0.237, 0.242]","4.93 [4.9, 4.97]","50 [50, 50]","49 [48.9, 50]","8.41 [8.07, 8.79]","19.9 [18, 20.1]","20.4 [18, 20.5]","20.6 [18.1, 20.7]","21 [18.7, 21.1]","29.3 [27.3, 29.4]","7.74 [7.44, 8.15]","8.99 [8.89, 9.08]","8.99 [8.89, 9.08]","1 [1, 1]",n/a,"0 [0, 0]","0 [0, 0]",n/a,"0.436 [0.433, 0.441]",n/a,n/a,n/a,"146 [138, 149]","0.596 [-0.529, 1.54]","98.7 [98.6, 98.8]","1 [1, 1.01]","1 [1, 1]","4.23 [4.21, 4.23]","1.01e+03 [1e+03, 1.01e+03]","281 [279, 281]"
EP-QE,W1,1,B,5,SUSTAINED,"1 [1, 1]","483 [450, 493]","885 [840, 916]","411 [347, 440]","1.45 [1.29, 1.46]","0.00124 [-0.00155, 0.00403]","1.44 [1.31, 1.47]","0.271 [0.0758, 0.278]","0 [0, 0]","0 [0, 0]","0.0306 [-0.0021, 0.0718]","0.0982 [0.0976, 0.1]","2.04e+08 [2e+08, 2.05e+08]","4.91 [4.88, 5]","0.238 [0.238, 0.24]","4.91 [4.88, 5.01]","50 [50, 50]","49.5 [49, 50]","8.54 [8.17, 8.8]","19.9 [18, 20.1]","20.4 [18.1, 20.4]","20.6 [18.1, 20.7]","20.9 [18.7, 21.2]","29.1 [27.3, 29.5]","7.91 [7.42, 8.18]","9 [8.9, 9.14]","8.99 [8.9, 9.14]","1 [1, 1]",n/a,"0 [0, 0]","0 [0, 0]",n/a,"0.438 [0.434, 0.445]",n/a,n/a,n/a,"144 [141, 152]","0.582 [-0.305, 0.895]","98.6 [98.5, 98.7]","1.01 [1, 1.01]","1 [1, 1]","4.22 [4.21, 4.24]","1.01e+03 [1e+03, 1.01e+03]","280 [280, 287]"
A,W1,4,B,5,NOT_SUSTAINED,"0.201 [0.196, 0.203]","2.48e+04 [2.45e+04, 2.53e+04]","2.65e+04 [2.61e+04, 3.05e+04]","1.62e+03 [1.24e+03, 5.23e+03]","inf [inf, inf]",n/a,"inf [inf, inf]",n/a,"2.4e+03 [2.39e+03, 2.41e+03]","2.97e+03 [2.96e+03, 2.99e+03]","0.0312 [0.0288, 0.0606]","0.971 [0.97, 0.972]","4.13e+06 [4.04e+06, 4.17e+06]","242 [240, 247]","0.999 [0.999, 1]","242 [240, 247]","40.1 [39.2, 40.5]","40.1 [39.2, 40.5]","7.59 [7.44, 10.7]","19.1 [18.9, 19.6]","19.5 [19.3, 20.6]","20.6 [20.5, 23.8]","1.16e+04 [1.16e+04, 1.16e+04]","25.2 [24.9, 25.8]",n/a,"6 [5.92, 6.1]","6 [5.92, 6.1]","1 [1, 1]","1 [1, 1]","0 [0, 0]","0 [0, 0]","0 [0, 0]","0 [0, 0]",n/a,n/a,n/a,"128 [128, 129]","0.0775 [0.00365, 0.0916]","93.4 [93.2, 96.7]","1 [1, 1]","1 [1, 1]","4.09 [4.04, 4.19]","1e+03 [1e+03, 1e+03]","1.23e+03 [1.16e+03, 1.36e+03]"
B,W1,4,B,5,SUSTAINED,"1 [1, 1]","736 [681, 810]","2.24e+03 [1.99e+03, 2.31e+03]","1.43e+03 [1.31e+03, 1.57e+03]","2.05 [1.96, 2.16]","0.00741 [-0.00586, 0.0165]","2.1 [2, 2.31]","0.206 [0.189, 0.237]","0 [0, 0]","0 [0, 0]","3.23 [2.08, 4.77]","0.201 [0.194, 0.211]","9.97e+07 [9.49e+07, 1.03e+08]","10 [9.68, 10.5]","0.401 [0.395, 0.419]","9.83 [9.58, 10.4]","50.2 [50, 50.4]","50.2 [50, 50.4]","0.551 [0.537, 0.576]","0.801 [0.749, 0.886]","0.895 [0.868, 0.996]","1.29 [0.93, 2.33]","1.89 [1.8, 2.07]","14.9 [14.6, 15.1]","0.00396 [0.00371, 0.00413]","13.3 [13.2, 13.8]","13.3 [13.2, 13.7]","1 [1, 1]","1 [1, 1]","0 [0, 0]","0 [0, 0]","0 [0, 0]","2.61 [2.59, 2.66]","0 [0, 0]","0 [0, 0]",n/a,"197 [196, 197]","0.018 [-0.138, 0.2]","95.6 [95.3, 99]","3.03 [3, 3.09]","0.911 [0.91, 0.912]","3.85 [3.84, 3.85]","3.04e+03 [3.01e+03, 3.1e+03]","496 [491, 499]"
C,W1,4,B,5,SUSTAINED,"1 [1, 1]","711 [679, 774]","2.14e+03 [2.06e+03, 2.35e+03]","1.45e+03 [1.35e+03, 1.63e+03]","2.05 [1.98, 2.06]","0.00503 [0.00149, 0.00667]","2.04 [1.99, 2.29]","0.238 [0.198, 0.245]","0 [0, 0]","0 [0, 0]","2.44 [1.18, 4.64]","0.197 [0.196, 0.2]","1.01e+08 [9.98e+07, 1.02e+08]","9.87 [9.8, 10]","0.395 [0.393, 0.406]","9.79 [9.62, 9.81]","50.2 [50.1, 50.4]","50.2 [50.1, 50.4]","0.569 [0.537, 0.575]","0.8 [0.682, 0.861]","0.878 [0.822, 0.913]","0.964 [0.915, 1.1]","1.85 [1.81, 1.95]","14.6 [14.4, 14.8]","0.00396 [0.00387, 0.004]","13.2 [13, 13.4]","13.2 [13, 13.4]","1 [1, 1]","1 [1, 1]","0 [0, 0]","0 [0, 0]","0 [0, 0]","2.59 [2.56, 2.62]","0 [0, 0]","0 [0, 0]",n/a,"196 [193, 197]","-0.374 [-0.425, 0.085]","99 [98.8, 99.1]","3.01 [2.97, 3.03]","0.912 [0.911, 0.913]","3.85 [3.84, 3.86]","3.02e+03 [2.99e+03, 3.04e+03]","489 [484, 500]"
E,W1,4,B,5,SUSTAINED,"1 [1, 1]","695 [657, 786]","2.17e+03 [2.08e+03, 2.28e+03]","1.49e+03 [1.39e+03, 1.51e+03]","2.01 [1.95, 2.17]","0.00381 [0.00152, 0.0111]","2.05 [1.99, 2.4]","0.203 [0.193, 0.252]","0 [0, 0]","0 [0, 0]","2.53 [2.07, 5.14]","0.198 [0.193, 0.204]","1.01e+08 [9.81e+07, 1.04e+08]","9.9 [9.65, 10.2]","0.402 [0.387, 0.412]","9.73 [9.53, 10]","50 [50, 50.8]","50 [50, 50.8]","0.549 [0.54, 0.585]","0.731 [0.648, 0.878]","0.864 [0.745, 1.03]","1.23 [0.884, 1.3]","1.8 [1.69, 2.39]","14.7 [14.4, 15.1]","0.00396 [0.00387, 0.004]","13.2 [13.1, 13.6]","13.1 [13.1, 13.6]","1 [1, 1]","1 [1, 1]","0 [0, 0]","0 [0, 0]","0 [0, 0]","2.59 [2.56, 2.66]","0 [0, 0]","0 [0, 0]",n/a,"193 [193, 195]","0.13 [-0.287, 0.416]","98.8 [95.4, 99.2]","3.01 [2.96, 3.08]","0.912 [0.91, 0.913]","3.85 [3.85, 3.86]","3.02e+03 [2.97e+03, 3.1e+03]","489 [485, 500]"
F,W1,4,B,5,SUSTAINED,"1 [1, 1]","665 [647, 666]","2.54e+03 [2.03e+03, 2.69e+03]","1.89e+03 [1.36e+03, 2.03e+03]","1.73 [1.7, 1.74]","0.00727 [0.00278, 0.0263]","1.77 [1.7, 1.79]","0.207 [0.181, 0.212]","0 [0, 0]","0 [0, 0]","0.182 [0.108, 0.211]","0.155 [0.15, 0.16]","1.29e+08 [1.25e+08, 1.33e+08]","7.75 [7.52, 8.01]","0.327 [0.321, 0.338]","7.74 [7.52, 8]","50.8 [50.5, 51.4]","49.2 [48.9, 50]","8.42 [8.36, 8.56]","19.1 [18.9, 19.3]","20.5 [20.3, 20.6]","21.1 [21, 21.4]","20 [19.9, 20.4]","29.4 [29.1, 29.6]","7.21 [7.03, 7.41]","10.6 [10.4, 10.8]","10.6 [10.4, 10.8]","1 [1, 1]","0.968 [0.967, 0.973]","65 [55, 68]","0 [0, 0]","0.0325 [0.0273, 0.0338]","2.1 [2.06, 2.18]",n/a,n/a,n/a,"184 [178, 208]","0.376 [-1.07, 1.23]","117 [117, 117]","2.43 [2.39, 2.52]","0.973 [0.964, 0.98]","3.94 [3.92, 3.98]","2.44e+03 [2.4e+03, 2.53e+03]","471 [460, 490]"
G,W1,4,B,5,SUSTAINED,"1 [1, 1]","603 [597, 608]","2.05e+03 [1.85e+03, 2.21e+03]","1.45e+03 [1.25e+03, 1.6e+03]","1.63 [1.61, 1.65]","0.00564 [-0.0117, 0.015]","1.65 [1.62, 1.66]","0.215 [0.211, 0.225]","0 [0, 0]","0 [0, 0]","0.166 [0.087, 0.233]","0.138 [0.134, 0.14]","1.45e+08 [1.43e+08, 1.49e+08]","6.92 [6.72, 6.99]","0.307 [0.298, 0.311]","6.91 [6.71, 6.99]","50.7 [50.6, 50.9]","49 [48.8, 49.4]","8.21 [8.09, 8.27]","18.9 [18.8, 19.1]","20.3 [20.2, 20.5]","21.3 [21, 21.4]","19.9 [19.8, 20.1]","29 [28.7, 29.3]","7.21 [7.11, 7.35]","10.4 [10.2, 10.6]","10.4 [10.2, 10.6]","1 [1, 1]","0.962 [0.96, 0.975]","77 [50, 82]","0 [0, 0]","0.0385 [0.025, 0.041]","2.06 [2.01, 2.07]",n/a,n/a,n/a,"172 [160, 178]","0.639 [-0.02, 0.891]","98.9 [98.7, 99]","2.37 [2.31, 2.39]","0.975 [0.972, 0.98]","3.97 [3.94, 4.01]","2.37e+03 [2.32e+03, 2.39e+03]","481 [458, 493]"
H,W1,4,B,5,SUSTAINED,"1 [1, 1]","620 [611, 677]","2.34e+03 [2.15e+03, 2.46e+03]","1.7e+03 [1.54e+03, 1.79e+03]","1.67 [1.64, 1.76]","0.00386 [-0.0456, 0.0252]","1.68 [1.65, 1.75]","0.212 [0.17, 0.215]","0 [0, 0]","0 [0, 0]","0.265 [0.206, 0.496]","0.148 [0.14, 0.183]","1.35e+08 [1.09e+08, 1.43e+08]","7.39 [6.99, 9.14]","0.324 [0.308, 0.382]","7.38 [6.98, 9.12]","51 [50.9, 51.1]","49.5 [49, 51]","8.14 [8.09, 8.55]","18.9 [17.9, 19.1]","20.1 [19.1, 20.4]","21.1 [20, 21.4]","19.9 [18.9, 20.2]","29.2 [29, 29.8]","7.12 [6.21, 7.23]","10.7 [10.4, 12.2]","10.7 [10.4, 12.2]","1 [1, 1]","0.972 [0.963, 1]","57 [1, 76]","0 [0, 0]","0.0284 [0.0005, 0.038]","2.12 [2.03, 2.44]",n/a,n/a,n/a,"196 [172, 198]","0.225 [-0.617, 0.656]","98.9 [95.4, 99.2]","2.46 [2.35, 2.83]","0.966 [0.924, 0.975]","3.94 [3.85, 3.98]","2.46e+03 [2.35e+03, 2.84e+03]","481 [474, 501]"
H',W1,4,B,5,SUSTAINED,"1 [1, 1]","614 [607, 683]","2.22e+03 [1.92e+03, 2.6e+03]","1.61e+03 [1.31e+03, 1.92e+03]","1.65 [1.63, 1.78]","0.00242 [-0.0134, 0.0126]","1.68 [1.63, 1.78]","0.206 [0.153, 0.216]","0 [0, 0]","0 [0, 0]","0.247 [0.115, 0.672]","0.144 [0.136, 0.19]","1.39e+08 [1.05e+08, 1.47e+08]","7.19 [6.81, 9.49]","0.315 [0.303, 0.39]","7.18 [6.8, 9.46]","50.9 [50.6, 51.5]","49.2 [49.1, 51.5]","8.19 [8.09, 8.23]","19.1 [18.2, 19.2]","20.2 [19.2, 20.3]","20.8 [20, 20.9]","20 [19.1, 20.2]","29.3 [29, 30.4]","7.16 [6.15, 7.22]","10.6 [10.3, 12.5]","10.6 [10.3, 12.5]","1 [1, 1]","0.97 [0.967, 1]","61 [1, 68]","0 [0, 0]","0.0305 [0.0005, 0.034]","2.09 [2.02, 2.51]",n/a,n/a,n/a,"171 [159, 201]","-0.21 [-1.13, 1.02]","98.9 [95.4, 99]","2.41 [2.33, 2.91]","0.969 [0.913, 0.983]","3.97 [3.86, 4]","2.42e+03 [2.33e+03, 2.92e+03]","478 [474, 507]"
RB,W1,4,B,5,SUSTAINED,"1 [1, 1]","10.8 [10.7, 11.2]","21.9 [20.8, 24.1]","10.7 [10.1, 13.3]","1.18 [0.873, 1.19]","0.000728 [-0.00523, 0.00201]","1.18 [0.874, 1.2]","0.402 [0.0924, 0.406]","0 [0, 0]","0 [0, 0]","0.0358 [0.0303, 0.044]","0.00235 [0.00228, 0.00238]","8.5e+09 [8.41e+09, 8.75e+09]","0.118 [0.114, 0.119]","0.159 [0.157, 0.162]","23.5 [22.8, 24.6]",n/a,"50 [50, 50.2]","0.91 [0.88, 0.933]","1.32 [1.26, 1.35]","1.63 [1.61, 2.08]","2.55 [2.19, 4.32]","2.51 [2.19, 2.58]","13.6 [12.9, 13.9]","0.898 [0.868, 0.918]","11.1 [11, 11.4]","11 [11, 11.4]","1 [1, 1]",n/a,"0 [0, 0]","0 [0, 0]",n/a,"2.78 [2.72, 2.81]","0.0192 [-0.0264, 0.0624]","1 [1, 2]","2e+07 [2e+07, 2e+07]","221 [179, 223]","0.159 [-0.526, 0.713]","110 [69.5, 110]","2.95 [2.89, 2.99]","0.996 [0.993, 0.997]","3.94 [3.93, 3.97]","2.96e+03 [2.89e+03, 3e+03]","570 [567, 574]"
A,W3,1,B,5,NOT_SUSTAINED,"0.116 [0.114, 0.125]","4.22e+04 [3.79e+04, 4.26e+04]","4.46e+04 [3.95e+04, 4.47e+04]","2e+03 [1.6e+03, 2.48e+03]","inf [inf, inf]",n/a,"inf [inf, inf]",n/a,"2.65e+03 [2.62e+03, 2.66e+03]","3.29e+03 [3.25e+03, 3.29e+03]","865 [856, 870]","0.939 [0.935, 0.942]","2.45e+06 [2.43e+06, 2.67e+06]","408 [374, 412]","0.133 [0.129, 0.143]","31.8 [31, 32]","23.1 [22.8, 25]","23.1 [22.8, 25]","2.98 [2.95, 3]","4.19 [4.04, 4.21]","4.45 [4.38, 4.66]","4.49 [4.49, 17]","1.28e+04 [1.27e+04, 1.29e+04]","44 [39, 44.1]",n/a,"40 [35, 40]","0.0235 [0.0222, 0.0263]","1.5e+03 [1.42e+03, 1.62e+03]","1 [1, 1]","0 [0, 0]","0 [0, 0]","0 [0, 0]","0 [0, 0]",n/a,n/a,n/a,"109 [109, 114]","-0.0497 [-0.243, 0.815]","96.7 [93.4, 96.8]","0.135 [0.131, 0.147]","0.0434 [0.0349, 0.0611]","1.48 [1.42, 1.56]","136 [132, 147]","8.86 [8.41, 10.2]"
B,W3,1,B,5,NOT_SUSTAINED,"0.133 [0.131, 0.134]","3.65e+04 [3.6e+04, 3.68e+04]","3.89e+04 [3.88e+04, 3.92e+04]","2.38e+03 [2.13e+03, 3.24e+03]","inf [inf, inf]",n/a,"inf [inf, inf]",n/a,"2.57e+03 [2.56e+03, 2.57e+03]","3.18e+03 [3.17e+03, 3.19e+03]","844 [843, 853]","0.929 [0.928, 0.939]","2.84e+06 [2.82e+06, 2.86e+06]","352 [349, 354]","0.155 [0.154, 0.156]","32.3 [31.8, 32.4]","26.6 [26.2, 26.8]","26.6 [26.2, 26.8]","185 [184, 189]","196 [194, 197]","198 [198, 198]","199 [198, 199]","1.24e+04 [1.24e+04, 1.24e+04]","235 [233, 237]","150 [149, 153]","39.6 [38.8, 40]","0.0194 [0.0184, 0.02]","1.97e+03 [1.88e+03, 2.02e+03]","1 [1, 1]","0 [0, 0]","0 [0, 0]","0 [0, 0]","0.00151 [0.00148, 0.0016]","0 [-0.00828, 0.0015]","4 [4, 4]",n/a,"126 [122, 140]","0.00962 [-0.709, 0.767]","97.3 [97, 97.3]","0.16 [0.158, 0.16]","0.0577 [0.0535, 0.0641]","1.49 [1.47, 1.55]","160 [159, 161]","9.89 [9.37, 10]"
C,W3,1,B,5,SUSTAINED,"1 [1, 1]","824 [808, 848]","1.39e+03 [1.33e+03, 1.4e+03]","555 [505, 579]","2.8 [2.78, 2.81]","-0.00588 [-0.00781, -0.000567]","2.74 [2.68, 2.76]","0.339 [0.336, 0.354]","0 [0, 0]","0 [0, 0]","0.00785 [-0.00969, 0.0788]","0.178 [0.176, 0.182]","1.12e+08 [1.1e+08, 1.14e+08]","8.91 [8.78, 9.09]","0.498 [0.494, 0.503]","8.91 [8.78, 9.09]","50 [50, 50]","25.7 [25.2, 25.9]","73.5 [68, 75.2]","80.6 [79.8, 80.9]","80.8 [79.9, 81.2]","80.9 [80.2, 81.9]","82.6 [81.7, 82.9]","121 [120, 121]","72.3 [67, 74]","40 [40, 40]","0.00642 [0.00625, 0.00654]","6.16e+03 [5.96e+03, 6.29e+03]","0.516 [0.508, 0.522]","0 [0, 0]","242 [239, 246]","0.484 [0.478, 0.492]","0.000316 [0.0003, 0.00035]","-0.014 [-0.06, 0.0215]","4 [4, 4]",n/a,"120 [120, 129]","-0.0396 [-0.402, 0.115]","97 [93.8, 97.2]","0.504 [0.5, 0.509]","1 [1, 1]","1.82 [1.79, 1.85]","506 [501, 511]","25.2 [24.5, 25.5]"
E,W3,1,B,5,SUSTAINED,"1 [1, 1]","780 [769, 785]","1.51e+03 [1.34e+03, 1.52e+03]","724 [572, 740]","2.76 [2.39, 2.79]","-0.00216 [-0.013, 0.000937]","2.74 [2.37, 2.76]","0.35 [0.0692, 0.358]","0 [0, 0]","0 [0, 0]","0.0588 [0.00582, 0.102]","0.18 [0.167, 0.181]","1.11e+08 [1.1e+08, 1.2e+08]","9.02 [8.34, 9.07]","0.498 [0.463, 0.503]","9.01 [8.34, 9.06]","50 [50, 50]","26.3 [25.6, 29.2]","4.65e+03 [4.24e+03, 4.92e+03]","6.85e+03 [6.09e+03, 7.05e+03]","7.07e+03 [6.25e+03, 7.23e+03]","7.11e+03 [6.27e+03, 7.27e+03]","6.85e+03 [6.09e+03, 7.05e+03]","6.89e+03 [6.13e+03, 7.09e+03]","4.65e+03 [4.24e+03, 4.92e+03]","40 [35, 40]","0.00658 [0.00633, 0.00696]","5.69e+03 [5.32e+03, 5.96e+03]","1 [1, 1]","0 [0, 0]","0 [0, 0]","0 [0, 0]","0.000368 [0.00033, 0.000391]","23.5 [21, 24.4]","353 [311, 362]",n/a,"911 [764, 988]","48.8 [15, 56.8]","97.1 [93.8, 97.4]","0.504 [0.47, 0.509]","1 [0.999, 1]","1.77 [1.74, 1.9]","506 [472, 511]","24.9 [24.5, 25.3]"
F,W3,1,B,5,SUSTAINED,"1 [1, 1]","833 [764, 857]","1.69e+03 [1.61e+03, 1.74e+03]","843 [810, 907]","2.77 [2.42, 2.77]","-0.00542 [-0.0136, -0.00211]","2.7 [2.36, 2.76]","0.348 [0.0882, 0.35]","0 [0, 0]","0 [0, 0]","0.0586 [0.000659, 0.113]","0.193 [0.181, 0.194]","1.04e+08 [1.03e+08, 1.1e+08]","9.65 [9.06, 9.72]","0.502 [0.473, 0.504]","9.65 [9.05, 9.71]","50 [50, 50]","26 [25.3, 28.4]","11.6 [8.5, 13.8]","20.5 [20.1, 21]","21.4 [21.1, 21.5]","21.5 [21.4, 21.7]","22.3 [22, 22.9]","60.3 [55.3, 60.8]","10 [6.99, 12.3]","40 [35, 40]","0.008 [0.00758, 0.00821]","4.95e+03 [4.26e+03, 5e+03]","0.518 [0.508, 0.568]","241 [216, 246]","0 [0, 0]","0.482 [0.432, 0.492]","0.00947 [0.00888, 0.00999]",n/a,n/a,n/a,"112 [111, 112]","0.0829 [-0.104, 0.797]","104 [101, 104]","0.517 [0.49, 0.518]","1 [1, 1]","1.91 [1.88, 2.03]","519 [491, 520]","27 [26.7, 28.3]"
G,W3,1,B,5,SUSTAINED,"1 [1, 1]","841 [772, 854]","1.34e+03 [1.26e+03, 1.37e+03]","499 [489, 529]","2.82 [2.41, 2.83]","-0.000134 [-0.0069, 0.00352]","2.77 [2.36, 2.79]","0.331 [0.0791, 0.338]","0 [0, 0]","0 [0, 0]","-0.00776 [-0.012, -0.00607]","0.18 [0.165, 0.182]","1.11e+08 [1.1e+08, 1.21e+08]","9.02 [8.24, 9.12]","0.502 [0.464, 0.506]","9.02 [8.24, 9.12]","50 [50, 50]","26.1 [25.7, 29]","11.9 [10.8, 14.2]","20.1 [19.9, 20.9]","21 [20.3, 21.1]","21.3 [21.1, 21.4]","21.9 [21.5, 23]","59.9 [54.8, 61]","11.1 [9.8, 13]","40 [35, 40]","0.00667 [0.00642, 0.00688]","5.75e+03 [5.22e+03, 6.04e+03]","0.52 [0.516, 0.58]","240 [210, 242]","0 [0, 0]","0.48 [0.42, 0.484]","0.00113 [0.00109, 0.00134]",n/a,n/a,n/a,"113 [109, 119]","-0.162 [-0.929, 0.088]","97.3 [97.2, 97.6]","0.509 [0.472, 0.512]","1 [1, 1]","1.82 [1.8, 1.96]","510 [474, 514]","25.3 [25, 26.6]"
H,W3,1,B,5,SUSTAINED,"1 [1, 1]","840 [784, 846]","1.37e+03 [1.28e+03, 1.38e+03]","533 [495, 538]","2.82 [2.46, 2.83]","-0.00702 [-0.0125, -0.00582]","2.78 [2.4, 2.82]","0.335 [0.0892, 0.336]","0 [0, 0]","0 [0, 0]","0.04 [0.00466, 0.13]","0.18 [0.17, 0.182]","1.11e+08 [1.1e+08, 1.18e+08]","8.99 [8.49, 9.1]","0.501 [0.471, 0.504]","8.99 [8.49, 9.1]","50 [50, 50]","26 [25.8, 28.8]","13.8 [10.9, 17.5]","19.9 [17, 20.4]","20.1 [19.3, 20.9]","21 [19.9, 21.5]","21.9 [18.9, 22]","59.7 [55.4, 60]","12.7 [9.88, 16.3]","40 [35, 40]","0.00646 [0.00621, 0.00675]","6.08e+03 [5.19e+03, 6.36e+03]","0.518 [0.514, 0.576]","241 [212, 243]","0 [0, 0]","0.482 [0.424, 0.486]","0.00033 [0.000314, 0.000406]",n/a,n/a,n/a,"112 [109, 115]","0.0891 [-0.0508, 0.702]","97.3 [93.6, 97.4]","0.507 [0.478, 0.511]","1 [0.999, 1]","1.82 [1.8, 1.95]","509 [480, 512]","25.5 [24.9, 26.5]"
H',W3,1,B,5,SUSTAINED,"1 [1, 1]","835 [775, 845]","1.34e+03 [1.26e+03, 1.39e+03]","497 [480, 552]","2.8 [2.42, 2.82]","-0.00275 [-0.00623, 0.00593]","2.78 [2.36, 2.8]","0.334 [0.0798, 0.338]","0 [0, 0]","0 [0, 0]","0.0318 [0.00774, 0.0926]","0.18 [0.168, 0.18]","1.11e+08 [1.11e+08, 1.19e+08]","8.99 [8.39, 9.01]","0.498 [0.465, 0.504]","8.98 [8.39, 9.01]","50 [50, 50]","25.8 [25.4, 29]","11.1 [10.4, 14.9]","19.7 [17.7, 20.4]","20.6 [18, 21.1]","20.9 [18.6, 21.3]","21.7 [19.7, 22.4]","57.7 [54.4, 60.4]","10.1 [9.25, 13.6]","40 [35, 40]","0.00646 [0.00588, 0.00662]","5.96e+03 [5.68e+03, 6.16e+03]","0.516 [0.508, 0.582]","242 [209, 246]","0 [0, 0]","0.484 [0.418, 0.492]","0.000322 [0.000307, 0.000354]",n/a,n/a,n/a,"111 [109, 123]","0.0995 [0.0479, 0.334]","97.3 [93.8, 97.4]","0.505 [0.472, 0.51]","1 [0.999, 1]","1.84 [1.81, 1.97]","506 [474, 512]","25.5 [25.3, 26.7]"
RB,W3,1,B,5,SUSTAINED,"1 [1, 1]","2.33 [2.25, 2.46]","5.17 [4.67, 5.5]","2.75 [2.33, 3.04]","1.77 [1.69, 1.81]","-0.00363 [-0.00795, 0.000487]","1.73 [1.67, 1.78]","0.181 [0.131, 0.201]","0 [0, 0]","0 [0, 0]","0.0303 [0.0212, 0.0559]","0.00051 [0.000496, 0.000553]","3.92e+10 [3.62e+10, 4.03e+10]","0.0255 [0.0248, 0.0276]","0.313 [0.296, 0.316]","8.28 [7.92, 8.35]",n/a,"23.7 [21.8, 24]","3.14 [3.08, 3.27]","5.04 [4.76, 5.07]","5.2 [5, 5.28]","5.32 [5.22, 5.6]","6.79 [6.59, 6.9]","40.1 [40.1, 44.8]","3.14 [3.08, 3.27]","35.1 [35.1, 40.1]","0.00863 [0.00833, 0.00904]","4.07e+03 [3.86e+03, 4.34e+03]",n/a,"0 [0, 0]","0 [0, 0]",n/a,"0.174 [0.167, 0.176]","-0.00012 [-0.0392, 0.0376]","7 [7, 8]","2e+07 [2e+07, 2e+07]","112 [109, 115]","0.12 [0.0898, 0.162]","97.1 [93.6, 97.5]","0.499 [0.472, 0.5]","1 [1, 1]","1.85 [1.82, 1.94]","501 [475, 502]","25.4 [24.9, 26.7]"
A,W3,4,B,5,NOT_SUSTAINED,"0.032 [0.0315, 0.035]","1.54e+05 [1.4e+05, 1.55e+05]","1.65e+05 [1.45e+05, 1.65e+05]","1.02e+04 [4.32e+03, 1.09e+04]","inf [inf, inf]",n/a,"inf [inf, inf]",n/a,"2.9e+03 [2.9e+03, 2.9e+03]","3.6e+03 [3.59e+03, 3.6e+03]","956 [945, 965]","0.983 [0.97, 0.989]","6.5e+05 [6.47e+05, 7.12e+05]","1.54e+03 [1.4e+03, 1.55e+03]","0.0433 [0.0423, 0.0476]","38.2 [37.3, 39.1]","6.4 [6.3, 7]","6.38 [6.35, 7]","44.7 [39.7, 65.8]","122 [108, 122]","123 [110, 125]","125 [110, 125]","1.4e+04 [1.4e+04, 1.4e+04]","159 [143, 160]",n/a,"39.5 [35, 40]","0.0151 [0.0138, 0.0156]","2.46e+03 [2.18e+03, 2.59e+03]","1 [1, 1]","0 [0, 0]","0 [0, 0]","0 [0, 0]","0 [0, 0]",n/a,n/a,n/a,"110 [107, 112]","-0.0217 [-0.515, 0.312]","96.7 [96.5, 96.7]","0.045 [0.044, 0.0494]","0.0438 [0.0356, 0.0612]","1.32 [1.28, 1.36]","45.3 [44.3, 49.8]","9.1 [8.4, 9.24]"
B,W3,4,B,5,NOT_SUSTAINED,"0.134 [0.132, 0.146]","3.62e+04 [3.19e+04, 3.65e+04]","3.88e+04 [3.4e+04, 3.9e+04]","2.49e+03 [2.09e+03, 2.83e+03]","inf [inf, inf]",n/a,"inf [inf, inf]",n/a,"2.56e+03 [2.52e+03, 2.57e+03]","3.18e+03 [3.13e+03, 3.18e+03]","844 [838, 854]","0.934 [0.929, 0.941]","2.84e+06 [2.84e+06, 3.14e+06]","352 [318, 352]","0.157 [0.153, 0.167]","32.1 [30.9, 32.5]","26.7 [26.4, 29.3]","26.7 [26.6, 29.4]","148 [116, 152]","191 [171, 192]","197 [172, 197]","198 [174, 199]","1.24e+04 [1.22e+04, 1.24e+04]","229 [205, 230]","117 [80.5, 119]","39.3 [35, 39.6]","0.014 [0.0139, 0.0142]","2.66e+03 [2.39e+03, 2.68e+03]","1 [1, 1]","0 [0, 0]","0 [0, 0]","0 [0, 0]","0.00384 [0.00369, 0.00411]","-0.0256 [-0.167, 0.0161]","4 [4, 4]",n/a,"129 [126, 143]","0.0591 [-0.000469, 0.396]","99 [95.6, 99.1]","0.163 [0.16, 0.174]","0.0766 [0.0676, 0.0817]","1.54 [1.53, 1.58]","164 [161, 175]","10.6 [9.98, 10.7]"
C,W3,4,B,5,SUSTAINED,"1 [1, 1]","794 [754, 841]","1.36e+03 [1.25e+03, 1.39e+03]","545 [482, 567]","2.8 [2.31, 2.82]","-0.00363 [-0.00915, 0.0416]","2.76 [2.37, 2.8]","0.333 [0.0815, 0.345]","0 [0, 0]","0 [0, 0]","0.0411 [0.00343, 0.0899]","0.176 [0.159, 0.181]","1.13e+08 [1.11e+08, 1.26e+08]","8.82 [7.96, 9.05]","0.5 [0.442, 0.505]","8.82 [7.96, 9.05]","50 [50, 50]","26.9 [26.2, 29.4]","71.1 [69.6, 72.6]","79.7 [79.4, 80.8]","81 [80.8, 81.2]","81.4 [81, 81.6]","81.6 [81.3, 82.9]","119 [115, 121]","70.1 [68.3, 71.4]","40 [35, 40]","0.00629 [0.00608, 0.0065]","5.97e+03 [5.39e+03, 6.3e+03]","0.542 [0.528, 0.591]","0 [0, 0]","915 [818, 944]","0.458 [0.409, 0.472]","0.00135 [0.00128, 0.0016]","0.00449 [-0.0054, 0.0133]","4 [4, 4]",n/a,"123 [122, 134]","0.146 [-1.65, 0.201]","99 [95.5, 99.1]","0.508 [0.452, 0.512]","1 [1, 1]","1.82 [1.77, 2.08]","510 [454, 514]","25.1 [24.5, 28.5]"
E,W3,4,B,5,SUSTAINED,"1 [1, 1]","768 [766, 783]","1.39e+03 [1.33e+03, 1.51e+03]","624 [568, 730]","2.41 [2.37, 2.79]","-0.00366 [-0.00768, 0.0432]","2.39 [2.28, 2.75]","0.089 [0.0718, 0.349]","0 [0, 0]","0 [0, 0]","0.0425 [-0.00799, 0.0962]","0.168 [0.165, 0.182]","1.19e+08 [1.1e+08, 1.21e+08]","8.42 [8.27, 9.09]","0.463 [0.458, 0.503]","8.42 [8.26, 9.09]","50 [50, 50.1]","29.1 [26.8, 29.2]","4.14e+03 [4.09e+03, 4.61e+03]","6.07e+03 [5.99e+03, 6.73e+03]","6.25e+03 [6.17e+03, 6.96e+03]","6.35e+03 [6.27e+03, 7.11e+03]","6.07e+03 [5.99e+03, 6.73e+03]","6.1e+03 [6.03e+03, 6.77e+03]","4.14e+03 [4.08e+03, 4.61e+03]","35 [35, 40]","0.00654 [0.00629, 0.00679]","5.38e+03 [5.25e+03, 5.69e+03]","1 [1, 1]","0 [0, 0]","0 [0, 0]","0 [0, 0]","0.00151 [0.00141, 0.00158]","20.9 [20.8, 23.1]","315 [311, 355]",n/a,"858 [755, 951]","53.5 [36.3, 63.6]","98.8 [95.5, 99.1]","0.473 [0.468, 0.511]","1 [0.999, 1]","1.89 [1.75, 1.91]","475 [471, 513]","25.2 [24.3, 25.4]"
F,W3,4,B,5,SUSTAINED,"1 [1, 1]","787 [764, 795]","1.71e+03 [1.64e+03, 1.77e+03]","919 [876, 977]","2.71 [2.36, 2.74]","-0.00535 [-0.00685, 0.00012]","2.67 [2.28, 2.77]","0.353 [0.0897, 0.356]","0 [0, 0]","0 [0, 0]","0.132 [0.0281, 0.367]","0.189 [0.18, 0.191]","1.06e+08 [1.05e+08, 1.11e+08]","9.43 [8.98, 9.55]","0.494 [0.465, 0.497]","9.43 [8.97, 9.55]","50 [50, 50]","26.4 [26, 28.9]","11.4 [10, 13.2]","20.6 [20.2, 20.7]","21.4 [21.1, 21.6]","21.9 [21.7, 22.1]","22.1 [22, 22.7]","59.6 [54.8, 60]","9.92 [8.73, 11.8]","39.5 [34.8, 39.6]","0.00613 [0.00588, 0.00646]","5.94e+03 [5.38e+03, 6.26e+03]","0.528 [0.52, 0.579]","944 [842, 959]","0 [0, 0]","0.472 [0.421, 0.479]","0.0304 [0.0293, 0.0332]",n/a,n/a,n/a,"125 [124, 126]","0.143 [-0.0354, 0.181]","117 [116, 117]","0.529 [0.505, 0.532]","0.999 [0.999, 1]","1.92 [1.9, 2.06]","531 [507, 535]","27.7 [27.3, 29.1]"
G,W3,4,B,5,SUSTAINED,"1 [1, 1]","826 [772, 838]","1.38e+03 [1.25e+03, 1.42e+03]","555 [482, 583]","2.81 [2.43, 2.82]","0.000195 [-0.00961, 0.0534]","2.69 [2.37, 2.8]","0.337 [0.085, 0.338]","0 [0, 0]","0 [0, 0]","-0.00815 [-0.0111, 0.000142]","0.179 [0.165, 0.18]","1.12e+08 [1.11e+08, 1.21e+08]","8.96 [8.27, 9.01]","0.501 [0.464, 0.504]","8.96 [8.27, 9.01]","50 [50, 50]","27.2 [26.6, 29.3]","11.5 [10.2, 13.6]","19.4 [19.1, 20.9]","20.9 [20.7, 21.2]","21.1 [21, 21.5]","21.4 [20.7, 22.9]","59.2 [54, 60.6]","10.2 [9.24, 12.4]","39.4 [35, 40]","0.00637 [0.00629, 0.00667]","6.01e+03 [5.1e+03, 6.07e+03]","0.542 [0.53, 0.585]","915 [829, 939]","0 [0, 0]","0.458 [0.414, 0.47]","0.00296 [0.00242, 0.00304]",n/a,n/a,n/a,"115 [111, 123]","0.146 [0.138, 0.167]","95.5 [95.3, 98.9]","0.51 [0.473, 0.512]","1 [1, 1]","1.81 [1.78, 1.95]","512 [475, 514]","25.1 [24.8, 26.3]"
H,W3,4,B,5,SUSTAINED,"1 [1, 1]","821 [776, 843]","1.38e+03 [1.28e+03, 1.42e+03]","554 [509, 579]","2.81 [2.41, 2.82]","-0.000349 [-0.00585, 0.00359]","2.78 [2.38, 2.79]","0.336 [0.0816, 0.341]","0 [0, 0]","0 [0, 0]","0.0496 [0.0268, 0.111]","0.177 [0.166, 0.182]","1.13e+08 [1.1e+08, 1.2e+08]","8.87 [8.31, 9.1]","0.501 [0.464, 0.506]","8.87 [8.31, 9.09]","50 [50, 50]","26.3 [26.2, 29.1]","11 [10.5, 13.6]","20 [19.5, 20.6]","20.8 [20.5, 21.1]","21.2 [21, 21.3]","21.9 [21.3, 22.6]","59.9 [54.6, 60.6]","9.94 [9.36, 12.4]","40 [35, 40]","0.00642 [0.00608, 0.00654]","5.97e+03 [5.33e+03, 6.36e+03]","0.526 [0.525, 0.582]","947 [836, 950]","0 [0, 0]","0.473 [0.418, 0.475]","0.0013 [0.00121, 0.00147]",n/a,n/a,n/a,"113 [112, 116]","-0.0513 [-1.72, 0.173]","98.8 [95.5, 99]","0.508 [0.473, 0.514]","1 [1, 1]","1.81 [1.79, 1.94]","510 [475, 516]","25 [24.7, 26.1]"
H',W3,4,B,5,SUSTAINED,"1 [1, 1]","839 [769, 842]","1.38e+03 [1.28e+03, 1.41e+03]","540 [508, 572]","2.82 [2.37, 2.82]","-0.00653 [-0.00989, 0.00218]","2.8 [2.28, 2.83]","0.333 [0.0783, 0.344]","0 [0, 0]","0 [0, 0]","0.0439 [0.03, 0.227]","0.18 [0.164, 0.182]","1.11e+08 [1.1e+08, 1.22e+08]","8.99 [8.19, 9.11]","0.503 [0.459, 0.505]","8.99 [8.19, 9.1]","50 [50, 50]","26.6 [26.3, 29.4]","13.4 [10.4, 14.6]","20.4 [20.1, 20.5]","20.6 [20.4, 20.9]","21.1 [20.8, 21.3]","22.4 [21.6, 22.6]","60 [55, 60.3]","12.2 [9.42, 13.4]","40 [35, 40]","0.00629 [0.00604, 0.00662]","6.1e+03 [5.11e+03, 6.3e+03]","0.532 [0.525, 0.588]","936 [824, 950]","0 [0, 0]","0.468 [0.412, 0.475]","0.00126 [0.00123, 0.0015]",n/a,n/a,n/a,"113 [113, 116]","0.0552 [-0.992, 0.302]","99 [95.5, 99.1]","0.51 [0.468, 0.514]","1 [1, 1]","1.81 [1.77, 1.96]","512 [470, 516]","25.2 [24.7, 26.4]"
RB,W3,4,B,5,SUSTAINED,"1 [1, 1]","2.79 [2.79, 2.96]","5.33 [5.21, 5.92]","2.54 [2.42, 2.96]","0.974 [0.972, 1.32]","-0.000987 [-0.00184, 0.00169]","0.987 [0.95, 1.34]","0.0665 [0.0661, 0.342]","0 [0, 0]","0 [0, 0]","0.0186 [0.0133, 0.0272]","0.000597 [0.000584, 0.000616]","3.35e+10 [3.25e+10, 3.43e+10]","0.0299 [0.0292, 0.0308]","0.183 [0.182, 0.196]","19.9 [19.7, 20.8]",n/a,"26.1 [23.8, 26.3]","2.8 [2.41, 3.04]","4.96 [4.9, 5.01]","5.12 [5.12, 5.16]","5.22 [5.19, 5.35]","6.01 [5.93, 6.29]","40 [39.9, 44.7]","2.8 [2.4, 3.03]","35 [35, 40]","0.00725 [0.00708, 0.00817]","4.77e+03 [4.66e+03, 4.88e+03]",n/a,"0 [0, 0]","0 [0, 0]",n/a,"0.425 [0.422, 0.442]","-0.0183 [-0.0253, 0.0102]","7 [7, 8]","2e+07 [2e+07, 2e+07]","136 [136, 137]","0.311 [0.294, 0.526]","109 [106, 109]","0.618 [0.615, 0.648]","1 [1, 1]","3.12 [2.99, 3.14]","620 [618, 650]","83.6 [80.1, 84.2]"
A,W5,1,B,5,NOT_SUSTAINED,"0.019 [0.019, 0.0195]","2.56e+05 [2.53e+05, 2.63e+05]","2.9e+05 [2.88e+05, 2.94e+05]","3.41e+04 [3.12e+04, 3.48e+04]","inf [inf, inf]",n/a,"inf [inf, inf]",n/a,"2.94e+03 [2.94e+03, 2.94e+03]","3.65e+03 [3.65e+03, 3.65e+03]","0.0212 [0.0206, 0.0248]","0.986 [0.984, 1.01]","3.86e+05 [3.76e+05, 3.9e+05]","2.59e+03 [2.56e+03, 2.66e+03]","0.989 [0.987, 1.01]","2.59e+03 [2.56e+03, 2.66e+03]","3.8 [3.8, 3.9]","3.8 [3.8, 3.9]","0.742 [0.729, 0.756]","0.928 [0.906, 0.992]","1.05 [0.935, 1.19]","1.05 [0.935, 1.19]","1.42e+04 [1.42e+04, 1.44e+04]","288 [286, 293]",n/a,"255 [252, 262]","255 [252, 262]","1 [1, 1]","1 [1, 1]","0 [0, 0]","0 [0, 0]","0 [0, 0]","0 [0, 0]",n/a,n/a,n/a,"106 [106, 109]","0.0846 [0.00707, 0.182]","96.7 [93.2, 96.7]","1 [1, 1]","1 [1, 1]","4.04 [4.04, 4.04]","1e+03 [1e+03, 1e+03]","1.7e+04 [1.68e+04, 1.71e+04]"
B,W5,1,B,5,NOT_SUSTAINED,"0.0195 [0.019, 0.0195]","2.55e+05 [2.53e+05, 2.59e+05]","2.81e+05 [2.78e+05, 2.83e+05]","2.42e+04 [2.32e+04, 2.91e+04]","inf [inf, inf]",n/a,"inf [inf, inf]",n/a,"2.92e+03 [2.92e+03, 2.92e+03]","3.62e+03 [3.62e+03, 3.62e+03]","984 [972, 1e+03]","0.987 [0.976, 1]","3.95e+05 [3.89e+05, 3.96e+05]","2.53e+03 [2.52e+03, 2.57e+03]","0.00637 [0.00635, 0.00669]","8.6 [8.5, 8.99]","3.9 [3.8, 3.9]","3.9 [3.8, 3.9]","1.28e+03 [1.27e+03, 1.3e+03]","1.34e+03 [1.34e+03, 1.36e+03]","1.35e+03 [1.34e+03, 1.36e+03]","1.35e+03 [1.34e+03, 1.36e+03]","1.43e+04 [1.43e+04, 1.44e+04]","1.6e+03 [1.6e+03, 1.62e+03]","1.02e+03 [1.02e+03, 1.04e+03]","256 [254, 260]","256 [254, 260]","1 [1, 1]","1 [1, 1]","0 [0, 0]","0 [0, 0]","0 [0, 0]","0.98 [0.968, 0.996]","0 [0, 0]","4 [4, 4]",n/a,"127 [122, 135]","-0.406 [-0.966, 0.419]","97 [97, 97.5]","1.01 [1.01, 1.01]","1 [1, 1]","4.04 [4.04, 4.04]","1.01e+03 [1.01e+03, 1.01e+03]","1.68e+04 [1.65e+04, 1.73e+04]"
C,W5,1,B,5,SUSTAINED,"1 [1, 1]","376 [375, 378]","637 [617, 646]","262 [242, 269]","1.4 [1.15, 1.4]","0.00109 [-0.000608, 0.00214]","1.41 [1.15, 1.42]","0.298 [0.034, 0.301]","0 [0, 0]","0 [0, 0]","-0.00199 [-0.00271, 0.018]","0.0822 [0.0815, 0.0823]","2.43e+08 [2.43e+08, 2.45e+08]","4.11 [4.07, 4.11]","0.228 [0.227, 0.228]","4.11 [4.07, 4.11]","50 [50, 50]","3.8 [3.8, 3.8]","70.4 [68.4, 75.1]","80.2 [79.4, 80.2]","80.2 [80, 80.3]","80.2 [80, 80.3]","81.1 [80.4, 81.3]","351 [343, 359]","69.8 [67.8, 74.5]","260 [256, 262]","260 [256, 262]","1 [1, 1]","0.084 [0.082, 0.084]","0 [0, 0]","458 [458, 459]","0.916 [0.916, 0.918]","0.97 [0.958, 0.977]","-0.00258 [-0.00456, 0.00252]","4 [4, 4]",n/a,"131 [123, 138]","0.00132 [-0.168, 0.0109]","97.3 [97, 97.3]","1.23 [1.23, 1.23]","1 [1, 1]","4 [4, 4.01]","1.23e+03 [1.23e+03, 1.23e+03]","375 [374, 379]"
E,W5,1,B,5,SUSTAINED,"1 [1, 1]","348 [347, 349]","608 [605, 610]","259 [259, 262]","1.38 [1.1, 1.39]","0.000347 [-0.000113, 0.000733]","1.38 [1.1, 1.41]","0.308 [0.04, 0.311]","0 [0, 0]","0 [0, 0]","0.00111 [-0.00146, 0.00303]","0.0808 [0.0803, 0.081]","2.48e+08 [2.47e+08, 2.49e+08]","4.04 [4.01, 4.05]","0.221 [0.221, 0.221]","4.04 [4.01, 4.05]","50 [50, 50]","3.8 [3.8, 3.8]","9.18e+03 [9.07e+03, 9.22e+03]","1.35e+04 [1.34e+04, 1.36e+04]","1.38e+04 [1.37e+04, 1.38e+04]","1.38e+04 [1.37e+04, 1.38e+04]","1.35e+04 [1.34e+04, 1.36e+04]","1.38e+04 [1.37e+04, 1.38e+04]","9.18e+03 [9.07e+03, 9.22e+03]","260 [258, 262]","260 [258, 262]","1 [1, 1]","1 [1, 1]","0 [0, 0]","0 [0, 0]","0 [0, 0]","0.971 [0.961, 0.977]","46.2 [46.2, 46.2]","688 [687, 688]",n/a,"2.53e+03 [2.5e+03, 2.55e+03]","162 [158, 164]","93.8 [75.5, 97.3]","1.22 [1.22, 1.22]","1 [1, 1]","4.01 [4, 4.01]","1.22e+03 [1.22e+03, 1.23e+03]","373 [371, 379]"
F,W5,1,B,5,SUSTAINED,"1 [1, 1]","392 [386, 394]","690 [684, 724]","296 [292, 331]","1.4 [1.19, 1.41]","0.000589 [-0.00212, 0.00667]","1.4 [1.21, 1.42]","0.293 [0.0387, 0.297]","0 [0, 0]","0 [0, 0]","-0.00195 [-0.0026, 0.0453]","0.0874 [0.0848, 0.089]","2.29e+08 [2.25e+08, 2.36e+08]","4.37 [4.24, 4.45]","0.232 [0.23, 0.236]","4.37 [4.24, 4.45]","50 [50, 50]","3.8 [3.8, 3.9]","10.2 [9.21, 11]","19.9 [18.9, 20.3]","20.5 [19, 20.7]","20.5 [19, 20.7]","20.7 [19.7, 21.3]","288 [281, 294]","9.58 [8.53, 10.3]","257 [255, 258]","257 [255, 258]","1 [1, 1]","0.076 [0.076, 0.078]","462 [461, 462]","0 [0, 0]","0.924 [0.922, 0.924]","0.963 [0.957, 0.98]",n/a,n/a,n/a,"113 [112, 120]","0.0817 [0.0695, 0.874]","104 [101, 105]","1.23 [1.23, 1.24]","1 [0.999, 1]","4 [4, 4.01]","1.24e+03 [1.23e+03, 1.24e+03]","376 [374, 378]"
G,W5,1,B,5,SUSTAINED,"1 [1, 1]","376 [372, 378]","605 [593, 614]","227 [218, 237]","1.39 [1.15, 1.41]","0.00112 [-0.00105, 0.00396]","1.39 [1.16, 1.42]","0.295 [0.0324, 0.303]","0 [0, 0]","0 [0, 0]","-0.000867 [-0.00217, 0.00055]","0.0812 [0.0794, 0.0822]","2.46e+08 [2.43e+08, 2.52e+08]","4.06 [3.97, 4.11]","0.227 [0.224, 0.229]","4.06 [3.97, 4.11]","50 [50, 50]","3.8 [3.8, 3.9]","11.3 [10.1, 13]","19.8 [18.9, 20.1]","20.2 [19.5, 20.5]","20.2 [19.5, 20.5]","20.8 [19.6, 21.1]","294 [293, 301]","10.7 [9.67, 12.3]","256 [255, 257]","256 [255, 257]","1 [1, 1]","0.076 [0.076, 0.078]","462 [461, 462]","0 [0, 0]","0.924 [0.922, 0.924]","0.961 [0.958, 0.981]",n/a,n/a,n/a,"117 [109, 120]","-0.137 [-0.287, 0.0692]","97.1 [93.8, 97.3]","1.23 [1.23, 1.23]","1 [1, 1]","4.01 [4, 4.01]","1.23e+03 [1.23e+03, 1.23e+03]","373 [373, 378]"
H,W5,1,B,5,SUSTAINED,"1 [1, 1]","376 [373, 381]","604 [591, 689]","230 [218, 307]","1.4 [1.16, 1.42]","0.00142 [-0.00271, 0.00215]","1.4 [1.15, 1.42]","0.3 [0.0316, 0.302]","0 [0, 0]","0 [0, 0]","-2.41e-05 [-0.00255, 0.0164]","0.0809 [0.0807, 0.0847]","2.47e+08 [2.36e+08, 2.48e+08]","4.05 [4.03, 4.24]","0.227 [0.225, 0.233]","4.05 [4.03, 4.23]","50 [50, 50.1]","3.8 [3.8, 3.8]","9.97 [7.66, 12.3]","19.6 [19.4, 20]","20.4 [19.5, 20.6]","20.4 [19.5, 20.6]","20.7 [20.3, 21.1]","294 [286, 300]","9.43 [7.23, 11.7]","257 [257, 259]","257 [257, 259]","1 [1, 1]","0.076 [0.0758, 0.076]","462 [462, 463]","0 [0, 0]","0.924 [0.924, 0.924]","0.965 [0.965, 0.969]",n/a,n/a,n/a,"112 [111, 120]","0.0519 [0.0332, 0.268]","97.3 [97.3, 97.3]","1.23 [1.23, 1.24]","1 [0.999, 1]","4 [4, 4.01]","1.23e+03 [1.23e+03, 1.24e+03]","374 [371, 376]"
H',W5,1,B,5,SUSTAINED,"1 [1, 1]","377 [377, 377]","604 [599, 622]","227 [222, 245]","1.4 [1.4, 1.41]","0.000494 [-0.00241, 0.00179]","1.41 [1.39, 1.42]","0.298 [0.296, 0.3]","0 [0, 0]","0 [0, 0]","1.08e-05 [-0.00433, 0.0035]","0.0817 [0.0811, 0.082]","2.45e+08 [2.44e+08, 2.46e+08]","4.08 [4.06, 4.1]","0.227 [0.226, 0.229]","4.08 [4.06, 4.1]","50 [50, 50]","3.8 [3.8, 3.9]","9.7 [7.89, 12.3]","19.2 [18.9, 19.3]","20.1 [18.9, 20.3]","20.1 [18.9, 20.3]","20.2 [19.9, 20.3]","294 [283, 298]","9.2 [7.44, 11.7]","256 [253, 257]","256 [253, 257]","1 [1, 1]","0.076 [0.076, 0.078]","462 [461, 462]","0 [0, 0]","0.924 [0.922, 0.924]","0.964 [0.961, 0.981]",n/a,n/a,n/a,"112 [111, 115]","0.0837 [0.0694, 0.107]","97.3 [97.2, 97.3]","1.23 [1.23, 1.23]","1 [1, 1]","4.01 [4, 4.01]","1.23e+03 [1.23e+03, 1.23e+03]","374 [373, 375]"
RB,W5,1,B,5,NOT_SUSTAINED,"0.533 [0.525, 0.535]","0.875 [0.875, 0.917]","2.5e+05 [2.47e+05, 2.52e+05]","2.5e+05 [2.47e+05, 2.52e+05]","inf [inf, inf]","888 [870, 924]","inf [inf, inf]","5.76e+03 [5.66e+03, 5.93e+03]","1.41e+03 [1.39e+03, 1.43e+03]","1.75e+03 [1.72e+03, 1.77e+03]","913 [908, 926]","0.913 [0.908, 0.926]","1.17e+07 [1.15e+07, 1.17e+07]","85.7 [85.4, 86.9]","0.0789 [0.0783, 0.0792]","4.03 [3.97, 4.08]",n/a,"3.7 [3.7, 3.8]","0.729 [0.718, 0.74]","0.892 [0.862, 0.904]","0.911 [0.886, 0.948]","0.911 [0.886, 0.948]","6.88e+03 [6.76e+03, 7.02e+03]","276 [272, 278]","0.726 [0.717, 0.739]","255 [253, 258]","255 [253, 258]","1 [1, 1]",n/a,"0 [0, 0]","0 [0, 0]",n/a,"0.979 [0.971, 0.991]","-0.009 [-0.0704, 0.0853]","13 [13, 13]","1.06e+07 [1.05e+07, 1.07e+07]","121 [118, 121]","0.0637 [-0.0336, 0.105]","97.3 [97, 97.5]","1.08 [1.08, 1.08]","1 [1, 1]","4.03 [4.03, 4.03]","1.08e+03 [1.08e+03, 1.08e+03]","636 [634, 646]"
A,W5,4,B,5,NOT_SUSTAINED,"0.005 [0.005, 0.005]","1.03e+06 [1.02e+06, 1.03e+06]","1.07e+06 [1.06e+06, 1.08e+06]","4.47e+04 [4.28e+04, 4.7e+04]","inf [inf, inf]",n/a,"inf [inf, inf]",n/a,"2.98e+03 [2.98e+03, 2.98e+03]","3.7e+03 [3.7e+03, 3.7e+03]","0.0226 [0.0207, 0.348]","1.03 [1.02, 1.04]","9.68e+04 [9.61e+04, 9.79e+04]","1.03e+04 [1.02e+04, 1.04e+04]","1.03 [1.02, 1.04]","1.03e+04 [1.02e+04, 1.04e+04]","1 [1, 1]","0.975 [0.95, 0.975]","278 [270, 280]","791 [783, 794]","807 [796, 817]","807 [796, 817]","1.46e+04 [1.45e+04, 1.47e+04]","1.06e+03 [1.05e+03, 1.07e+03]",n/a,"255 [253, 258]","255 [253, 258]","1 [1, 1]","1 [1, 1]","0 [0, 0]","0 [0, 0]","0 [0, 0]","0 [0, 0]",n/a,n/a,n/a,"109 [105, 109]","-0.0411 [-0.086, 0.22]","96.7 [93.1, 96.8]","1 [0.999, 1]","1 [1, 1]","4.04 [4.04, 4.04]","1e+03 [1e+03, 1e+03]","6.51e+04 [6.47e+04, 6.54e+04]"
B,W5,4,B,5,NOT_SUSTAINED,"0.0185 [0.018, 0.019]","2.68e+05 [2.62e+05, 2.73e+05]","2.92e+05 [2.88e+05, 3.11e+05]","2.73e+04 [1.89e+04, 4.34e+04]","inf [inf, inf]",n/a,"inf [inf, inf]",n/a,"2.92e+03 [2.92e+03, 2.92e+03]","3.63e+03 [3.62e+03, 3.63e+03]","980 [967, 984]","0.99 [0.978, 0.995]","3.74e+05 [3.68e+05, 3.85e+05]","2.68e+03 [2.6e+03, 2.72e+03]","0.0156 [0.0146, 0.0158]","28.3 [25.9, 29.9]","3.7 [3.6, 3.8]","3.73 [3.68, 3.8]","1.3e+03 [1.05e+03, 1.31e+03]","1.38e+03 [1.36e+03, 1.4e+03]","1.4e+03 [1.38e+03, 1.44e+03]","1.4e+03 [1.39e+03, 1.44e+03]","1.41e+04 [1.41e+04, 1.43e+04]","1.66e+03 [1.63e+03, 1.69e+03]","1.03e+03 [775, 1.05e+03]","266 [263, 270]","266 [263, 270]","1 [1, 1]","1 [1, 1]","0 [0, 0]","0 [0, 0]","0 [0, 0]","3.89 [3.87, 3.95]","-0.0143 [-0.11, 0.00147]","4 [4, 4]",n/a,"127 [123, 130]","0.133 [-0.319, 0.981]","98.7 [95.7, 99]","4.01 [4.01, 4.02]","0.994 [0.992, 0.995]","3.89 [3.86, 3.93]","4.02e+03 [4.02e+03, 4.02e+03]","6.86e+04 [6.78e+04, 7.13e+04]"
C,W5,4,B,5,SUSTAINED,"1 [1, 1]","1.15e+03 [1.12e+03, 1.18e+03]","2.69e+03 [2.59e+03, 2.75e+03]","1.55e+03 [1.44e+03, 1.57e+03]","2.67 [2.47, 2.72]","-0.00214 [-0.0134, 0.00737]","2.62 [2.45, 2.7]","0.322 [0.113, 0.325]","0 [0, 0]","0 [0, 0]","-0.0305 [-0.151, 0.348]","0.247 [0.247, 0.259]","8.09e+07 [7.72e+07, 8.1e+07]","12.4 [12.3, 12.9]","0.488 [0.477, 0.503]","12.4 [12.3, 12.9]","50.6 [50.4, 50.7]","3.7 [3.58, 3.8]","70.5 [69.5, 71.9]","80.1 [79.6, 80.3]","81.4 [81.1, 81.8]","81.5 [81.4, 81.8]","81.4 [81.2, 82]","360 [354, 398]","68.7 [67.9, 70.6]","268 [267, 275]","268 [267, 275]","1 [1, 1]","0.0795 [0.0779, 0.081]","0 [0, 0]","1.86e+03 [1.86e+03, 1.86e+03]","0.92 [0.919, 0.922]","3.92 [3.89, 3.97]","0.00197 [0.00021, 0.00467]","4 [4, 4]",n/a,"128 [124, 129]","-0.169 [-0.243, 0.107]","99 [95.5, 99]","4.49 [4.48, 4.51]","0.888 [0.884, 0.89]","3.77 [3.7, 3.82]","4.5e+03 [4.49e+03, 4.52e+03]","1.29e+03 [1.22e+03, 1.3e+03]"
E,W5,4,B,5,SUSTAINED,"1 [1, 1]","998 [980, 1.01e+03]","2.47e+03 [2.44e+03, 2.52e+03]","1.48e+03 [1.43e+03, 1.51e+03]","2.41 [2.23, 2.43]","-0.00367 [-0.00717, 0.000402]","2.4 [2.21, 2.45]","0.293 [0.11, 0.309]","0 [0, 0]","0 [0, 0]","-0.137 [-0.203, 0.303]","0.224 [0.224, 0.225]","8.92e+07 [8.87e+07, 8.92e+07]","11.2 [11.2, 11.3]","0.441 [0.435, 0.447]","11.2 [11.2, 11.3]","50.4 [50.2, 50.5]","3.62 [3.5, 3.75]","9.19e+03 [9.15e+03, 9.3e+03]","1.34e+04 [1.34e+04, 1.36e+04]","1.38e+04 [1.37e+04, 1.39e+04]","1.39e+04 [1.38e+04, 1.39e+04]","1.34e+04 [1.34e+04, 1.36e+04]","1.37e+04 [1.37e+04, 1.38e+04]","9.19e+03 [9.15e+03, 9.3e+03]","275 [268, 286]","274 [267, 286]","1 [1, 1]","1 [1, 1]","0 [0, 0]","0 [0, 0]","0 [0, 0]","3.89 [3.84, 3.92]","46.8 [46.4, 46.9]","697 [693, 699]",n/a,"2.57e+03 [2.56e+03, 2.59e+03]","164 [163, 166]","99 [95.6, 99]","4.45 [4.44, 4.45]","0.897 [0.896, 0.898]","3.76 [3.65, 3.82]","4.45e+03 [4.45e+03, 4.46e+03]","1.27e+03 [1.17e+03, 1.3e+03]"
F,W5,4,B,5,SUSTAINED,"1 [1, 1]","1.15e+03 [1.12e+03, 1.15e+03]","2.8e+03 [2.73e+03, 2.89e+03]","1.65e+03 [1.61e+03, 1.75e+03]","2.67 [2.49, 2.7]","-0.000977 [-0.0119, 0.00165]","2.6 [2.55, 2.69]","0.337 [0.111, 0.345]","0 [0, 0]","0 [0, 0]","-0.0393 [-0.186, 0.538]","0.257 [0.253, 0.26]","7.78e+07 [7.68e+07, 7.91e+07]","12.9 [12.6, 13]","0.497 [0.484, 0.504]","12.9 [12.6, 13]","50.3 [50.2, 50.6]","3.7 [3.6, 3.7]","11.6 [11.2, 12.8]","20.7 [19.9, 21.1]","21.5 [20.7, 22]","21.6 [21.3, 22.2]","22.2 [21.2, 22.3]","302 [300, 308]","9.58 [9.32, 10.7]","272 [268, 275]","272 [268, 275]","1 [1, 1]","0.0731 [0.0716, 0.0737]","1.87e+03 [1.86e+03, 1.88e+03]","0 [0, 0]","0.927 [0.926, 0.928]","3.89 [3.85, 3.92]",n/a,n/a,n/a,"130 [127, 134]","0.0397 [-0.243, 0.104]","117 [113, 117]","4.5 [4.49, 4.51]","0.887 [0.885, 0.889]","3.75 [3.74, 3.8]","4.51e+03 [4.49e+03, 4.52e+03]","1.26e+03 [1.25e+03, 1.3e+03]"
G,W5,4,B,5,SUSTAINED,"1 [1, 1]","1.13e+03 [1.12e+03, 1.17e+03]","2.57e+03 [2.48e+03, 2.66e+03]","1.44e+03 [1.35e+03, 1.49e+03]","2.68 [2.49, 2.71]","-0.00153 [-0.00733, 0.0117]","2.67 [2.47, 2.73]","0.323 [0.114, 0.336]","0 [0, 0]","0 [0, 0]","-0.0412 [-0.152, 0.359]","0.245 [0.245, 0.251]","8.16e+07 [7.96e+07, 8.18e+07]","12.3 [12.2, 12.6]","0.487 [0.479, 0.494]","12.2 [12.2, 12.6]","50.5 [50.4, 50.7]","3.7 [3.65, 3.75]","10.9 [10, 11.7]","20.5 [19.7, 20.8]","21.5 [21, 21.8]","21.9 [21.7, 22.2]","21.9 [21.3, 22.1]","300 [297, 305]","9.27 [8.57, 9.8]","270 [266, 272]","270 [266, 271]","1 [1, 1]","0.0734 [0.072, 0.0743]","1.87e+03 [1.87e+03, 1.88e+03]","0 [0, 0]","0.926 [0.926, 0.927]","3.89 [3.86, 3.92]",n/a,n/a,n/a,"117 [116, 120]","-0.839 [-1.17, 0.152]","99.1 [98.8, 99.1]","4.49 [4.49, 4.5]","0.888 [0.886, 0.89]","3.81 [3.77, 3.82]","4.5e+03 [4.49e+03, 4.51e+03]","1.29e+03 [1.28e+03, 1.31e+03]"
H,W5,4,B,5,SUSTAINED,"1 [1, 1]","1.15e+03 [1.08e+03, 1.2e+03]","2.55e+03 [2.24e+03, 2.7e+03]","1.48e+03 [1.07e+03, 1.54e+03]","2.68 [2.5, 2.73]","-0.004 [-0.0257, 0.00924]","2.57 [2.46, 2.67]","0.316 [0.115, 0.359]","0 [0, 0]","0 [0, 0]","0.0839 [-0.0283, 0.165]","0.25 [0.242, 0.254]","8.01e+07 [7.89e+07, 8.27e+07]","12.5 [12.1, 12.7]","0.489 [0.481, 0.501]","12.5 [12.1, 12.7]","50.5 [50.3, 50.8]","3.7 [3.6, 3.75]","11 [9.94, 12]","20.2 [20, 20.4]","21 [20.6, 21.6]","21.5 [21, 22.1]","21.6 [21.1, 22.2]","304 [303, 305]","9.29 [8.2, 10.2]","272 [265, 277]","271 [265, 276]","1 [1, 1]","0.0728 [0.0713, 0.0746]","1.88e+03 [1.86e+03, 1.88e+03]","0 [0, 0]","0.927 [0.925, 0.929]","3.88 [3.86, 3.92]",n/a,n/a,n/a,"120 [116, 122]","0.0303 [-0.21, 0.319]","98.8 [95.4, 99]","4.5 [4.49, 4.51]","0.887 [0.885, 0.889]","3.8 [3.66, 3.81]","4.5e+03 [4.49e+03, 4.51e+03]","1.29e+03 [1.2e+03, 1.31e+03]"
H',W5,4,B,5,SUSTAINED,"1 [1, 1]","1.13e+03 [1.09e+03, 1.2e+03]","2.52e+03 [2.4e+03, 2.6e+03]","1.39e+03 [1.32e+03, 1.42e+03]","2.51 [2.47, 2.67]","-0.00497 [-0.0236, 0.00615]","2.52 [2.42, 2.61]","0.121 [0.117, 0.326]","0 [0, 0]","0 [0, 0]","0.12 [-0.0988, 0.786]","0.245 [0.236, 0.258]","8.15e+07 [7.76e+07, 8.46e+07]","12.3 [11.8, 12.9]","0.482 [0.475, 0.497]","12.3 [11.8, 12.9]","50.7 [50.3, 50.8]","3.7 [3.6, 3.73]","11.2 [10.4, 12.3]","19.7 [19.7, 20.5]","21 [20.9, 21.7]","21.2 [21, 22]","21.1 [21, 21.7]","302 [298, 304]","9.41 [8.72, 10.6]","268 [267, 272]","268 [267, 272]","1 [1, 1]","0.073 [0.0716, 0.0733]","1.88e+03 [1.87e+03, 1.89e+03]","0 [0, 0]","0.927 [0.926, 0.929]","3.87 [3.82, 3.88]",n/a,n/a,n/a,"117 [116, 118]","-0.00906 [-0.273, 0.578]","99 [95.7, 99.1]","4.49 [4.48, 4.5]","0.887 [0.885, 0.889]","3.79 [3.77, 3.82]","4.49e+03 [4.49e+03, 4.51e+03]","1.29e+03 [1.28e+03, 1.3e+03]"
RB,W5,4,B,5,NOT_SUSTAINED,"0.342 [0.325, 0.353]","5.96 [5.75, 6.12]","2.44e+05 [2.09e+05, 2.56e+05]","2.44e+05 [2.09e+05, 2.56e+05]","inf [inf, inf]","1.51e+03 [1.47e+03, 1.63e+03]","inf [inf, inf]","9.78e+03 [9.43e+03, 9.92e+03]","1.98e+03 [1.94e+03, 2.02e+03]","2.46e+03 [2.41e+03, 2.51e+03]","922 [915, 939]","0.923 [0.916, 0.941]","7.45e+06 [6.92e+06, 7.65e+06]","134 [131, 144]","0.07 [0.0692, 0.0723]","16.8 [16, 17.2]",n/a,"3.6 [3.55, 3.68]","1.85 [1.25, 2.75]","11.9 [5.01, 44.6]","236 [152, 261]","244 [217, 263]","9.6e+03 [9.42e+03, 9.76e+03]","290 [287, 304]","0.824 [-0.935, 0.948]","268 [264, 273]","268 [264, 273]","1 [1, 1]",n/a,"0 [0, 0]","0 [0, 0]",n/a,"3.88 [3.85, 3.9]","-0.0332 [-0.0701, 0.0783]","13 [13, 13]","6.84e+06 [6.49e+06, 7.03e+06]","146 [135, 146]","0.149 [-0.386, 0.343]","110 [97.1, 110]","4.07 [4.07, 4.07]","0.981 [0.98, 0.982]","3.87 [3.84, 3.91]","4.07e+03 [4.07e+03, 4.07e+03]","3.76e+03 [3.65e+03, 3.88e+03]"
A,none,0,B,5,SUSTAINED,"1 [1, 1]","869 [772, 874]","1.31e+03 [1.23e+03, 1.35e+03]","460 [441, 481]","2.81 [2.39, 2.82]","-0.00267 [-0.00591, 0.0343]","2.81 [2.44, 2.82]","0.343 [0.0628, 0.347]","0 [0, 0]","0 [0, 0]","-0.00851 [-0.0163, 0.0114]","0.179 [0.165, 0.181]","1.12e+08 [1.1e+08, 1.21e+08]","8.97 [8.25, 9.07]","0.494 [0.466, 0.5]","8.97 [8.25, 9.07]","50 [50, 50]",n/a,n/a,n/a,n/a,n/a,n/a,n/a,n/a,n/a,n/a,n/a,n/a,n/a,n/a,n/a,n/a,n/a,n/a,n/a,"108 [103, 112]","0.076 [-0.0524, 0.299]","96.5 [93.2, 96.8]","0.499 [0.472, 0.506]","1 [0.999, 1]","1.87 [1.83, 1.94]","501 [474, 507]","25.9 [25.7, 26.6]"
F,none,0,B,5,SUSTAINED,"1 [1, 1]","769 [765, 835]","1.65e+03 [1.61e+03, 1.68e+03]","864 [841, 893]","2.43 [2.41, 2.77]","-0.00561 [-0.00762, 0.0432]","2.39 [2.36, 2.76]","0.0929 [0.0895, 0.348]","0 [0, 0]","0 [0, 0]","-0.0182 [-0.0226, -0.0161]","0.182 [0.182, 0.192]","1.1e+08 [1.04e+08, 1.1e+08]","9.12 [9.08, 9.58]","0.475 [0.472, 0.501]","9.12 [9.08, 9.58]","50 [50, 50]",n/a,n/a,n/a,n/a,n/a,n/a,n/a,n/a,n/a,n/a,n/a,n/a,n/a,n/a,n/a,n/a,n/a,n/a,n/a,"107 [106, 111]","0.0653 [0.0629, 0.624]","100 [99.9, 100]","0.481 [0.479, 0.506]","1 [1, 1]","2 [1.9, 2.03]","483 [480, 508]","27.7 [26.4, 27.9]"
G,none,0,B,5,SUSTAINED,"1 [1, 1]","845 [780, 851]","1.34e+03 [1.26e+03, 1.39e+03]","510 [481, 537]","2.8 [2.46, 2.83]","-0.00425 [-0.00838, 0.0373]","2.78 [2.41, 2.82]","0.333 [0.0865, 0.35]","0 [0, 0]","0 [0, 0]","-0.0104 [-0.0129, -0.000819]","0.179 [0.169, 0.183]","1.12e+08 [1.09e+08, 1.19e+08]","8.94 [8.43, 9.15]","0.499 [0.471, 0.506]","8.94 [8.43, 9.15]","50 [50, 50]",n/a,n/a,n/a,n/a,n/a,n/a,n/a,n/a,n/a,n/a,n/a,n/a,n/a,n/a,n/a,n/a,n/a,n/a,n/a,"107 [106, 114]","0.0341 [-1.4, 0.126]","96.7 [93, 96.8]","0.506 [0.477, 0.512]","1 [1, 1]","1.83 [1.8, 1.93]","507 [479, 513]","25.2 [24.8, 26]"
H,none,0,B,5,SUSTAINED,"1 [1, 1]","846 [774, 853]","1.38e+03 [1.25e+03, 1.39e+03]","523 [470, 549]","2.8 [2.44, 2.81]","-0.00593 [-0.00959, -0.00465]","2.77 [2.38, 2.79]","0.341 [0.0821, 0.346]","0 [0, 0]","0 [0, 0]","-0.00835 [-0.00983, -0.00543]","0.18 [0.166, 0.182]","1.11e+08 [1.1e+08, 1.2e+08]","8.98 [8.32, 9.12]","0.501 [0.467, 0.506]","8.98 [8.33, 9.12]","50 [50, 50]",n/a,n/a,n/a,n/a,n/a,n/a,n/a,n/a,n/a,n/a,n/a,n/a,n/a,n/a,n/a,n/a,n/a,n/a,n/a,"109 [107, 114]","0.0629 [-0.243, 0.675]","96.8 [96.5, 96.8]","0.507 [0.473, 0.512]","1 [0.999, 1]","1.84 [1.8, 1.95]","508 [475, 513]","25.5 [24.8, 26.4]"
H',none,0,B,5,SUSTAINED,"1 [1, 1]","841 [772, 848]","1.35e+03 [1.22e+03, 1.38e+03]","505 [451, 534]","2.8 [2.39, 2.81]","-0.0042 [-0.00899, 0.00474]","2.77 [2.43, 2.81]","0.345 [0.0725, 0.35]","0 [0, 0]","0 [0, 0]","-0.0114 [-0.0116, -0.00377]","0.178 [0.164, 0.182]","1.12e+08 [1.1e+08, 1.22e+08]","8.91 [8.19, 9.1]","0.496 [0.463, 0.504]","8.91 [8.19, 9.1]","50 [50, 50]",n/a,n/a,n/a,n/a,n/a,n/a,n/a,n/a,n/a,n/a,n/a,n/a,n/a,n/a,n/a,n/a,n/a,n/a,n/a,"108 [107, 115]","-0.0851 [-1.26, 0.063]","96.7 [96.7, 96.9]","0.503 [0.469, 0.51]","1 [1, 1]","1.83 [1.82, 1.96]","504 [471, 511]","25.5 [24.9, 26.4]"
EP-H,none,0,B,5,SUSTAINED,"1 [1, 1]","2.18e+03 [2.16e+03, 2.24e+03]","2.7e+03 [2.68e+03, 2.8e+03]","539 [494, 575]","3.14 [3.12, 3.3]","-0.00145 [-0.0016, 0.000359]","3.1 [3.07, 3.3]","0.159 [0.155, 0.223]","0 [0, 0]","0 [0, 0]","0.35 [0.309, 0.606]","0.424 [0.422, 0.436]","4.71e+07 [4.59e+07, 4.74e+07]","21.2 [21.1, 21.8]","0.589 [0.586, 0.606]","21.2 [21.1, 21.8]","50.1 [50, 50.2]",n/a,n/a,n/a,n/a,n/a,n/a,n/a,n/a,n/a,n/a,n/a,n/a,n/a,n/a,n/a,n/a,n/a,n/a,n/a,"132 [109, 145]","0.457 [-0.0647, 0.67]","97.6 [74.7, 97.9]","0.596 [0.593, 0.611]","1 [1, 1]","3.53 [3.45, 3.57]","597 [594, 612]","97.5 [95.3, 99.2]"
EP-QB,none,0,B,5,SUSTAINED,"1 [1, 1]","448 [430, 464]","793 [763, 836]","341 [332, 375]","1.59 [1.57, 1.6]","-0.000997 [-0.0016, 0.00148]","1.57 [1.56, 1.61]","0.238 [0.205, 0.243]","0 [0, 0]","0 [0, 0]","-0.00176 [-0.00395, 0.0192]","0.1 [0.0981, 0.104]","2e+08 [1.92e+08, 2.04e+08]","5.01 [4.9, 5.21]","0.281 [0.276, 0.287]","5.01 [4.9, 5.21]","50 [50, 50]",n/a,n/a,n/a,n/a,n/a,n/a,n/a,n/a,n/a,n/a,n/a,n/a,n/a,n/a,n/a,n/a,n/a,n/a,n/a,"128 [128, 132]","0.368 [-0.507, 0.54]","98.1 [97.4, 98.2]","0.662 [0.659, 0.687]","1 [1, 1]","3.32 [3.19, 3.34]","664 [662, 690]","93.2 [87.7, 95.1]"
EP-QE,none,0,B,5,SUSTAINED,"1 [1, 1]","453 [438, 457]","786 [775, 815]","341 [331, 359]","1.59 [1.57, 1.6]","0.000166 [-0.0044, 0.00316]","1.59 [1.55, 1.62]","0.238 [0.206, 0.24]","0 [0, 0]","0 [0, 0]","-0.000786 [-0.00129, 0.007]","0.101 [0.0991, 0.103]","1.99e+08 [1.95e+08, 2.02e+08]","5.03 [4.95, 5.13]","0.282 [0.277, 0.286]","5.03 [4.95, 5.13]","50 [50, 50]",n/a,n/a,n/a,n/a,n/a,n/a,n/a,n/a,n/a,n/a,n/a,n/a,n/a,n/a,n/a,n/a,n/a,n/a,n/a,"133 [126, 140]","0.413 [0.0868, 0.525]","98.2 [97.3, 98.3]","0.663 [0.658, 0.681]","1 [1, 1]","3.28 [3.16, 3.3]","665 [661, 684]","91.5 [85.9, 92.2]"
