runtime,python,free_threaded_build,gil_enabled,numpy,commit,kernel,kernel_parameters,width,height,events_per_call,interval_ms,distribution,level,statistic,events_per_s,run_min_events_per_s,run_max_events_per_s,runs,timed_calls_per_run,latency_samples,latency_p50_us,latency_p95_us,latency_p99_us,latency_max_us,peak_temporary_mib,stage1,stage2_events_per_s,stage2_runs_at_20m,level_result,cell_verdict,qualification
cpython-3.11.14,3.11.14,False,True,2.4.6,4d5a9f3,stacked_histogram,bins=5;bin_us=10000,346,260,10000,16,uniform,kernel,median_call,178173719,163154760,192615136,5,50,250,56.250,79.667,90.709,91.042,0.30,clear_pass,,,pass,PASS,
cpython-3.11.14,3.11.14,False,True,2.4.6,4d5a9f3,stacked_histogram,bins=5;bin_us=10000,346,260,10000,16,uniform,engine,sustained,122015524,110205361,125209863,5,320,1600,76.500,94.000,265.750,340.584,0.30,clear_pass,,,pass,PASS,
cpython-3.11.14,3.11.14,False,True,2.4.6,4d5a9f3,stacked_histogram,bins=5;bin_us=10000,346,260,10000,16,clustered,kernel,median_call,178240411,59106021,193547138,5,50,250,57.875,182.833,208.083,250.792,0.30,clear_pass,,,pass,PASS,
cpython-3.11.14,3.11.14,False,True,2.4.6,4d5a9f3,stacked_histogram,bins=5;bin_us=10000,346,260,10000,16,clustered,engine,sustained,108162156,73543005,127440988,5,320,1600,83.167,176.167,284.750,456.250,0.30,clear_pass,,,pass,PASS,
cpython-3.11.14,3.11.14,False,True,2.4.6,4d5a9f3,stacked_histogram,bins=5;bin_us=10000,346,260,100000,0,uniform,kernel,median_call,147569675,139615958,188590288,5,20,100,654.500,815.875,824.833,836.791,2.45,clear_pass,,,pass,PASS,
cpython-3.11.14,3.11.14,False,True,2.4.6,4d5a9f3,stacked_histogram,bins=5;bin_us=10000,346,260,100000,0,uniform,engine,sustained,105324851,98954193,139470413,5,20,100,906.542,1077.166,1107.417,1119.084,3.43,clear_pass,,,pass,PASS,
cpython-3.11.14,3.11.14,False,True,2.4.6,4d5a9f3,stacked_histogram,bins=5;bin_us=10000,346,260,100000,0,clustered,kernel,median_call,164484911,150967095,192469626,5,20,100,615.625,753.000,806.250,825.709,2.45,clear_pass,,,pass,PASS,
cpython-3.11.14,3.11.14,False,True,2.4.6,4d5a9f3,stacked_histogram,bins=5;bin_us=10000,346,260,100000,0,clustered,engine,sustained,104498002,93818166,112394292,5,20,100,926.500,1211.458,1223.250,1231.375,3.43,clear_pass,,,pass,PASS,
cpython-3.11.14,3.11.14,False,True,2.4.6,4d5a9f3,stacked_histogram,bins=5;bin_us=10000,346,260,100000,16,uniform,kernel,median_call,152846771,146025372,172637031,5,20,100,632.875,809.708,819.500,820.292,2.45,clear_pass,,,pass,PASS,
cpython-3.11.14,3.11.14,False,True,2.4.6,4d5a9f3,stacked_histogram,bins=5;bin_us=10000,346,260,100000,16,uniform,engine,sustained,122267613,117066461,125461329,5,40,200,798.333,991.834,1047.667,1098.875,2.45,clear_pass,,,pass,PASS,
cpython-3.11.14,3.11.14,False,True,2.4.6,4d5a9f3,stacked_histogram,bins=5;bin_us=10000,346,260,100000,16,clustered,kernel,median_call,162750616,151663483,171784263,5,20,100,635.333,757.625,775.792,786.792,2.45,clear_pass,,,pass,PASS,
cpython-3.11.14,3.11.14,False,True,2.4.6,4d5a9f3,stacked_histogram,bins=5;bin_us=10000,346,260,100000,16,clustered,engine,sustained,125983927,125699861,127148787,5,40,200,768.916,979.750,1027.375,1036.250,2.45,clear_pass,,,pass,PASS,
cpython-3.11.14,3.11.14,False,True,2.4.6,4d5a9f3,stacked_histogram,bins=5;bin_us=10000,346,260,1000000,0,uniform,kernel,median_call,140604122,137705482,148885229,5,7,35,7112.167,7380.875,7386.250,7386.250,23.91,clear_pass,,,pass,PASS,
cpython-3.11.14,3.11.14,False,True,2.4.6,4d5a9f3,stacked_histogram,bins=5;bin_us=10000,346,260,1000000,0,uniform,engine,sustained,112711814,111661223,117580200,5,7,35,8827.208,9064.334,9064.667,9064.667,23.91,clear_pass,,,pass,PASS,
cpython-3.11.14,3.11.14,False,True,2.4.6,4d5a9f3,stacked_histogram,bins=5;bin_us=10000,346,260,1000000,0,clustered,kernel,median_call,149189713,146892295,156388453,5,7,35,6702.875,7053.333,7104.458,7104.458,23.91,clear_pass,,,pass,PASS,
cpython-3.11.14,3.11.14,False,True,2.4.6,4d5a9f3,stacked_histogram,bins=5;bin_us=10000,346,260,1000000,0,clustered,engine,sustained,118397071,117918984,118891927,5,7,35,8428.041,8705.292,8767.417,8767.417,23.91,clear_pass,,,pass,PASS,
cpython-3.11.14,3.11.14,False,True,2.4.6,4d5a9f3,stacked_histogram,bins=5;bin_us=10000,346,260,1000000,16,uniform,kernel,median_call,139677816,137693632,146726165,5,7,35,7150.708,7349.041,7401.084,7401.084,23.91,clear_pass,,,pass,PASS,
cpython-3.11.14,3.11.14,False,True,2.4.6,4d5a9f3,stacked_histogram,bins=5;bin_us=10000,346,260,1000000,16,uniform,engine,sustained,112050676,110112908,118133488,5,10,50,8846.250,9482.250,10000.917,10000.917,23.91,clear_pass,,,pass,PASS,
cpython-3.11.14,3.11.14,False,True,2.4.6,4d5a9f3,stacked_histogram,bins=5;bin_us=10000,346,260,1000000,16,clustered,kernel,median_call,148038490,136154769,155553267,5,7,35,6730.334,7449.625,7538.667,7538.667,23.91,clear_pass,,,pass,PASS,
cpython-3.11.14,3.11.14,False,True,2.4.6,4d5a9f3,stacked_histogram,bins=5;bin_us=10000,346,260,1000000,16,clustered,engine,sustained,118009304,116799178,121933996,5,10,50,8399.750,8712.125,8762.708,8762.708,23.91,clear_pass,,,pass,PASS,
cpython-3.11.14,3.11.14,False,True,2.4.6,4d5a9f3,stacked_histogram,bins=5;bin_us=10000,640,480,10000,16,uniform,kernel,median_call,55274118,52752911,78023204,5,50,250,183.125,218.125,250.625,455.292,0.30,clear_pass,,,pass,PASS,
cpython-3.11.14,3.11.14,False,True,2.4.6,4d5a9f3,stacked_histogram,bins=5;bin_us=10000,640,480,10000,16,uniform,engine,sustained,48658290,34226157,112236902,5,320,1600,193.875,295.416,471.333,1020.083,0.30,clear_pass,,,pass,PASS,
cpython-3.11.14,3.11.14,False,True,2.4.6,4d5a9f3,stacked_histogram,bins=5;bin_us=10000,640,480,10000,16,clustered,kernel,median_call,180857990,44358094,202359512,5,50,250,55.750,228.500,274.917,388.209,0.30,clear_pass,,,pass,PASS,
cpython-3.11.14,3.11.14,False,True,2.4.6,4d5a9f3,stacked_histogram,bins=5;bin_us=10000,640,480,10000,16,clustered,engine,sustained,49649502,46127213,89644738,5,320,1600,189.000,231.334,487.166,964.625,0.30,clear_pass,,,pass,PASS,
cpython-3.11.14,3.11.14,False,True,2.4.6,4d5a9f3,stacked_histogram,bins=5;bin_us=10000,640,480,100000,0,uniform,kernel,median_call,132827879,122730785,161501968,5,20,100,711.375,846.541,854.167,870.208,2.45,clear_pass,,,pass,PASS,
cpython-3.11.14,3.11.14,False,True,2.4.6,4d5a9f3,stacked_histogram,bins=5;bin_us=10000,640,480,100000,0,uniform,engine,sustained,78754377,77111538,93483447,5,20,100,1219.125,1474.209,1691.125,1753.625,11.72,clear_pass,,,pass,PASS,
cpython-3.11.14,3.11.14,False,True,2.4.6,4d5a9f3,stacked_histogram,bins=5;bin_us=10000,640,480,100000,0,clustered,kernel,median_call,144010150,137626548,151472120,5,20,100,698.834,842.666,859.208,890.084,2.45,clear_pass,,,pass,PASS,
cpython-3.11.14,3.11.14,False,True,2.4.6,4d5a9f3,stacked_histogram,bins=5;bin_us=10000,640,480,100000,0,clustered,engine,sustained,81474828,68236965,87623708,5,20,100,1234.416,1526.375,1883.500,1919.292,11.72,clear_pass,,,pass,PASS,
cpython-3.11.14,3.11.14,False,True,2.4.6,4d5a9f3,stacked_histogram,bins=5;bin_us=10000,640,480,100000,16,uniform,kernel,median_call,133730781,126438874,169563374,5,20,100,681.958,880.375,894.042,906.917,2.45,clear_pass,,,pass,PASS,
cpython-3.11.14,3.11.14,False,True,2.4.6,4d5a9f3,stacked_histogram,bins=5;bin_us=10000,640,480,100000,16,uniform,engine,sustained,107336325,87050120,132758969,5,40,200,886.500,1353.167,1619.500,1853.875,2.45,clear_pass,,,pass,PASS,
cpython-3.11.14,3.11.14,False,True,2.4.6,4d5a9f3,stacked_histogram,bins=5;bin_us=10000,640,480,100000,16,clustered,kernel,median_call,144196107,136830165,147988211,5,20,100,699.375,810.000,908.625,932.791,2.45,clear_pass,,,pass,PASS,
cpython-3.11.14,3.11.14,False,True,2.4.6,4d5a9f3,stacked_histogram,bins=5;bin_us=10000,640,480,100000,16,clustered,engine,sustained,95165769,86539110,103935705,5,40,200,988.625,1379.208,1736.625,1785.375,2.45,clear_pass,,,pass,PASS,
cpython-3.11.14,3.11.14,False,True,2.4.6,4d5a9f3,stacked_histogram,bins=5;bin_us=10000,640,480,1000000,0,uniform,kernel,median_call,129376567,128452828,137218125,5,7,35,7694.250,8046.958,8276.041,8276.041,23.91,clear_pass,,,pass,PASS,
cpython-3.11.14,3.11.14,False,True,2.4.6,4d5a9f3,stacked_histogram,bins=5;bin_us=10000,640,480,1000000,0,uniform,engine,sustained,104960246,100204106,106812948,5,7,35,9461.500,10525.333,10917.625,10917.625,23.91,clear_pass,,,pass,PASS,
cpython-3.11.14,3.11.14,False,True,2.4.6,4d5a9f3,stacked_histogram,bins=5;bin_us=10000,640,480,1000000,0,clustered,kernel,median_call,142392658,136992550,150160499,5,7,35,7022.834,7377.417,7389.917,7389.917,23.91,clear_pass,,,pass,PASS,
cpython-3.11.14,3.11.14,False,True,2.4.6,4d5a9f3,stacked_histogram,bins=5;bin_us=10000,640,480,1000000,0,clustered,engine,sustained,105301953,98072009,106622869,5,7,35,9429.417,10284.792,10900.875,10900.875,23.91,clear_pass,,,pass,PASS,
cpython-3.11.14,3.11.14,False,True,2.4.6,4d5a9f3,stacked_histogram,bins=5;bin_us=10000,640,480,1000000,16,uniform,kernel,median_call,130341985,127113920,135283673,5,7,35,7672.125,8348.916,8836.375,8836.375,23.91,clear_pass,,,pass,PASS,
cpython-3.11.14,3.11.14,False,True,2.4.6,4d5a9f3,stacked_histogram,bins=5;bin_us=10000,640,480,1000000,16,uniform,engine,sustained,98988094,95704807,102612076,5,10,50,10045.250,10759.500,11823.167,11823.167,23.91,clear_pass,,,pass,PASS,
cpython-3.11.14,3.11.14,False,True,2.4.6,4d5a9f3,stacked_histogram,bins=5;bin_us=10000,640,480,1000000,16,clustered,kernel,median_call,143294703,141598755,148805826,5,7,35,6977.166,7399.208,7763.791,7763.791,23.91,clear_pass,,,pass,PASS,
cpython-3.11.14,3.11.14,False,True,2.4.6,4d5a9f3,stacked_histogram,bins=5;bin_us=10000,640,480,1000000,16,clustered,engine,sustained,105715835,102187666,109773397,5,10,50,9385.709,9982.583,10341.458,10341.458,23.91,clear_pass,,,pass,PASS,
cpython-3.11.14,3.11.14,False,True,2.4.6,4d5a9f3,stacked_histogram,bins=5;bin_us=10000,1280,720,10000,16,uniform,kernel,median_call,51441520,43915892,73170821,5,50,250,198.291,251.792,350.333,367.083,0.30,clear_pass,,,pass,PASS,
cpython-3.11.14,3.11.14,False,True,2.4.6,4d5a9f3,stacked_histogram,bins=5;bin_us=10000,1280,720,10000,16,uniform,engine,sustained,39110957,31572235,52068115,5,320,1600,231.958,374.584,2383.125,3560.917,0.30,clear_pass,,,pass,PASS,
cpython-3.11.14,3.11.14,False,True,2.4.6,4d5a9f3,stacked_histogram,bins=5;bin_us=10000,1280,720,10000,16,clustered,kernel,median_call,56959772,53303768,191769263,5,50,250,176.791,197.917,313.917,321.958,0.30,clear_pass,,,pass,PASS,
cpython-3.11.14,3.11.14,False,True,2.4.6,4d5a9f3,stacked_histogram,bins=5;bin_us=10000,1280,720,10000,16,clustered,engine,sustained,40554947,30903743,73040745,5,320,1600,180.709,295.834,2121.375,3724.166,0.30,clear_pass,,,pass,PASS,
cpython-3.11.14,3.11.14,False,True,2.4.6,4d5a9f3,stacked_histogram,bins=5;bin_us=10000,1280,720,100000,0,uniform,kernel,median_call,107013848,100309304,126682422,5,20,100,917.875,1194.875,1231.583,1276.666,2.45,clear_pass,,,pass,PASS,
cpython-3.11.14,3.11.14,False,True,2.4.6,4d5a9f3,stacked_histogram,bins=5;bin_us=10000,1280,720,100000,0,uniform,engine,sustained,32183165,31207171,33238121,5,20,100,3023.875,3325.542,4675.625,4733.750,35.16,clear_pass,,,pass,PASS,
cpython-3.11.14,3.11.14,False,True,2.4.6,4d5a9f3,stacked_histogram,bins=5;bin_us=10000,1280,720,100000,0,clustered,kernel,median_call,132831496,123253878,146806985,5,20,100,731.709,915.584,934.875,2857.167,2.45,clear_pass,,,pass,PASS,
cpython-3.11.14,3.11.14,False,True,2.4.6,4d5a9f3,stacked_histogram,bins=5;bin_us=10000,1280,720,100000,0,clustered,engine,sustained,32811607,31762731,37967175,5,20,100,2897.042,3356.709,4671.459,5059.708,35.16,clear_pass,,,pass,PASS,
cpython-3.11.14,3.11.14,False,True,2.4.6,4d5a9f3,stacked_histogram,bins=5;bin_us=10000,1280,720,100000,16,uniform,kernel,median_call,101428468,94506793,131842806,5,20,100,888.041,1207.250,1317.083,1328.084,2.45,clear_pass,,,pass,PASS,
cpython-3.11.14,3.11.14,False,True,2.4.6,4d5a9f3,stacked_histogram,bins=5;bin_us=10000,1280,720,100000,16,uniform,engine,sustained,55935711,53613316,70746848,5,40,200,1227.042,3653.416,4691.667,4998.958,2.45,clear_pass,,,pass,PASS,
cpython-3.11.14,3.11.14,False,True,2.4.6,4d5a9f3,stacked_histogram,bins=5;bin_us=10000,1280,720,100000,16,clustered,kernel,median_call,130303771,122620999,148961922,5,20,100,754.583,929.209,942.833,943.292,2.45,clear_pass,,,pass,PASS,
cpython-3.11.14,3.11.14,False,True,2.4.6,4d5a9f3,stacked_histogram,bins=5;bin_us=10000,1280,720,100000,16,clustered,engine,sustained,65606215,61484468,71512638,5,40,200,1055.375,3127.291,4341.584,4731.750,2.45,clear_pass,,,pass,PASS,
cpython-3.11.14,3.11.14,False,True,2.4.6,4d5a9f3,stacked_histogram,bins=5;bin_us=10000,1280,720,1000000,0,uniform,kernel,median_call,107899122,106619754,110278922,5,7,35,9266.583,9502.000,9736.667,9736.667,23.91,clear_pass,,,pass,PASS,
cpython-3.11.14,3.11.14,False,True,2.4.6,4d5a9f3,stacked_histogram,bins=5;bin_us=10000,1280,720,1000000,0,uniform,engine,sustained,73330136,68169010,77720209,5,7,35,13605.917,15549.208,15779.667,15779.667,35.16,clear_pass,,,pass,PASS,
cpython-3.11.14,3.11.14,False,True,2.4.6,4d5a9f3,stacked_histogram,bins=5;bin_us=10000,1280,720,1000000,0,clustered,kernel,median_call,131232872,127984306,136666483,5,7,35,7630.333,7944.167,8109.583,8109.583,23.91,clear_pass,,,pass,PASS,
cpython-3.11.14,3.11.14,False,True,2.4.6,4d5a9f3,stacked_histogram,bins=5;bin_us=10000,1280,720,1000000,0,clustered,engine,sustained,86204951,82961120,90909876,5,7,35,11334.958,13090.208,13446.333,13446.333,35.16,clear_pass,,,pass,PASS,
cpython-3.11.14,3.11.14,False,True,2.4.6,4d5a9f3,stacked_histogram,bins=5;bin_us=10000,1280,720,1000000,16,uniform,kernel,median_call,108513326,106394297,111688167,5,7,35,9244.042,9834.667,9930.834,9930.834,23.91,clear_pass,,,pass,PASS,
cpython-3.11.14,3.11.14,False,True,2.4.6,4d5a9f3,stacked_histogram,bins=5;bin_us=10000,1280,720,1000000,16,uniform,engine,sustained,74319466,71006589,78276049,5,10,50,13421.250,14495.166,15634.791,15634.791,35.16,clear_pass,,,pass,PASS,
cpython-3.11.14,3.11.14,False,True,2.4.6,4d5a9f3,stacked_histogram,bins=5;bin_us=10000,1280,720,1000000,16,clustered,kernel,median_call,130139840,129156565,133381493,5,7,35,7684.042,7961.834,8124.250,8124.250,23.91,clear_pass,,,pass,PASS,
cpython-3.11.14,3.11.14,False,True,2.4.6,4d5a9f3,stacked_histogram,bins=5;bin_us=10000,1280,720,1000000,16,clustered,engine,sustained,87064438,82599291,91753081,5,10,50,11428.542,12257.875,12597.416,12597.416,35.16,clear_pass,,,pass,PASS,
cpython-3.11.14,3.11.14,False,True,2.4.6,4d5a9f3,stacked_histogram,bins=15;bin_us=3333,346,260,10000,16,uniform,kernel,median_call,85378869,53209179,178903678,5,50,250,66.542,195.666,206.834,302.709,0.30,clear_pass,,,pass,PASS,
cpython-3.11.14,3.11.14,False,True,2.4.6,4d5a9f3,stacked_histogram,bins=15;bin_us=3333,346,260,10000,16,uniform,engine,sustained,39938553,36366582,45964322,5,320,1600,239.292,279.458,463.334,1275.625,0.30,clear_pass,,,pass,PASS,
cpython-3.11.14,3.11.14,False,True,2.4.6,4d5a9f3,stacked_histogram,bins=15;bin_us=3333,346,260,10000,16,clustered,kernel,median_call,55408108,45053467,140720206,5,50,250,181.167,228.083,244.292,257.625,0.30,clear_pass,,,pass,PASS,
cpython-3.11.14,3.11.14,False,True,2.4.6,4d5a9f3,stacked_histogram,bins=15;bin_us=3333,346,260,10000,16,clustered,engine,sustained,44101494,30033326,105656052,5,320,1600,207.209,324.166,836.166,1388.875,0.30,clear_pass,,,pass,PASS,
cpython-3.11.14,3.11.14,False,True,2.4.6,4d5a9f3,stacked_histogram,bins=15;bin_us=3333,346,260,100000,0,uniform,kernel,median_call,136806672,120642469,163755369,5,20,100,701.125,904.208,916.958,944.333,2.45,clear_pass,,,pass,PASS,
cpython-3.11.14,3.11.14,False,True,2.4.6,4d5a9f3,stacked_histogram,bins=15;bin_us=3333,346,260,100000,0,uniform,engine,sustained,67017762,60023637,73713693,5,20,100,1448.583,1824.375,2056.959,2070.791,10.30,clear_pass,,,pass,PASS,
cpython-3.11.14,3.11.14,False,True,2.4.6,4d5a9f3,stacked_histogram,bins=15;bin_us=3333,346,260,100000,0,clustered,kernel,median_call,146203319,125267524,156816746,5,20,100,694.292,840.959,858.416,883.209,2.45,clear_pass,,,pass,PASS,
cpython-3.11.14,3.11.14,False,True,2.4.6,4d5a9f3,stacked_histogram,bins=15;bin_us=3333,346,260,100000,0,clustered,engine,sustained,67860067,62406065,69761963,5,20,100,1449.583,1750.500,1988.209,2006.958,10.30,clear_pass,,,pass,PASS,
cpython-3.11.14,3.11.14,False,True,2.4.6,4d5a9f3,stacked_histogram,bins=15;bin_us=3333,346,260,100000,16,uniform,kernel,median_call,138676252,120279626,145454545,5,20,100,719.042,871.375,880.041,889.209,2.45,clear_pass,,,pass,PASS,
cpython-3.11.14,3.11.14,False,True,2.4.6,4d5a9f3,stacked_histogram,bins=15;bin_us=3333,346,260,100000,16,uniform,engine,sustained,81972325,77067213,94222402,5,40,200,1093.583,1746.625,2031.417,2206.000,2.45,clear_pass,,,pass,PASS,
cpython-3.11.14,3.11.14,False,True,2.4.6,4d5a9f3,stacked_histogram,bins=15;bin_us=3333,346,260,100000,16,clustered,kernel,median_call,128562301,125500039,147049849,5,20,100,690.042,840.125,855.917,881.875,2.45,clear_pass,,,pass,PASS,
cpython-3.11.14,3.11.14,False,True,2.4.6,4d5a9f3,stacked_histogram,bins=15;bin_us=3333,346,260,100000,16,clustered,engine,sustained,96793718,91678366,112664035,5,40,200,872.541,1504.250,1860.583,1937.291,2.45,clear_pass,,,pass,PASS,
cpython-3.11.14,3.11.14,False,True,2.4.6,4d5a9f3,stacked_histogram,bins=15;bin_us=3333,346,260,1000000,0,uniform,kernel,median_call,134193658,132869036,139363111,5,7,35,7446.792,7762.875,7788.667,7788.667,23.91,clear_pass,,,pass,PASS,
cpython-3.11.14,3.11.14,False,True,2.4.6,4d5a9f3,stacked_histogram,bins=15;bin_us=3333,346,260,1000000,0,uniform,engine,sustained,105678522,102831161,108149308,5,7,35,9455.459,10183.083,10191.708,10191.708,23.91,clear_pass,,,pass,PASS,
cpython-3.11.14,3.11.14,False,True,2.4.6,4d5a9f3,stacked_histogram,bins=15;bin_us=3333,346,260,1000000,0,clustered,kernel,median_call,143052982,142489053,147312461,5,7,35,6990.417,7216.875,7339.167,7339.167,23.91,clear_pass,,,pass,PASS,
cpython-3.11.14,3.11.14,False,True,2.4.6,4d5a9f3,stacked_histogram,bins=15;bin_us=3333,346,260,1000000,0,clustered,engine,sustained,105774202,99667891,111306263,5,7,35,9405.625,10111.125,10527.417,10527.417,23.91,clear_pass,,,pass,PASS,
cpython-3.11.14,3.11.14,False,True,2.4.6,4d5a9f3,stacked_histogram,bins=15;bin_us=3333,346,260,1000000,16,uniform,kernel,median_call,131545767,129668756,137264422,5,7,35,7582.167,7934.959,8156.500,8156.500,23.91,clear_pass,,,pass,PASS,
cpython-3.11.14,3.11.14,False,True,2.4.6,4d5a9f3,stacked_histogram,bins=15;bin_us=3333,346,260,1000000,16,uniform,engine,sustained,102982503,99491721,103653615,5,10,50,9872.166,10445.209,10871.833,10871.833,23.91,clear_pass,,,pass,PASS,
cpython-3.11.14,3.11.14,False,True,2.4.6,4d5a9f3,stacked_histogram,bins=15;bin_us=3333,346,260,1000000,16,clustered,kernel,median_call,143041053,139228103,150141696,5,7,35,6991.000,7310.292,7398.084,7398.084,23.91,clear_pass,,,pass,PASS,
cpython-3.11.14,3.11.14,False,True,2.4.6,4d5a9f3,stacked_histogram,bins=15;bin_us=3333,346,260,1000000,16,clustered,engine,sustained,108846650,107487008,111452226,5,10,50,9108.917,9841.083,10228.708,10228.708,23.91,clear_pass,,,pass,PASS,
cpython-3.11.14,3.11.14,False,True,2.4.6,4d5a9f3,stacked_histogram,bins=15;bin_us=3333,640,480,10000,16,uniform,kernel,median_call,54317125,51629558,150423442,5,50,250,183.792,227.500,234.875,274.958,0.30,clear_pass,,,pass,PASS,
cpython-3.11.14,3.11.14,False,True,2.4.6,4d5a9f3,stacked_histogram,bins=15;bin_us=3333,640,480,10000,16,uniform,engine,sustained,40830278,28343731,50791598,5,320,1600,178.041,317.000,2258.542,3145.625,0.30,clear_pass,,,pass,PASS,
cpython-3.11.14,3.11.14,False,True,2.4.6,4d5a9f3,stacked_histogram,bins=15;bin_us=3333,640,480,10000,16,clustered,kernel,median_call,55134390,53715213,56272087,5,50,250,182.750,222.375,232.416,233.833,0.30,clear_pass,,,pass,PASS,
cpython-3.11.14,3.11.14,False,True,2.4.6,4d5a9f3,stacked_histogram,bins=15;bin_us=3333,640,480,10000,16,clustered,engine,sustained,36634304,24705314,73453395,5,320,1600,210.750,371.000,2179.166,3723.583,0.30,clear_pass,,,pass,PASS,
cpython-3.11.14,3.11.14,False,True,2.4.6,4d5a9f3,stacked_histogram,bins=15;bin_us=3333,640,480,100000,0,uniform,kernel,median_call,110857125,101763925,117670108,5,20,100,894.000,1036.709,1080.583,1105.625,2.45,clear_pass,,,pass,PASS,
cpython-3.11.14,3.11.14,False,True,2.4.6,4d5a9f3,stacked_histogram,bins=15;bin_us=3333,640,480,100000,0,uniform,engine,sustained,33154369,32704432,34667955,5,20,100,2905.125,3243.209,4333.875,5055.209,35.16,clear_pass,,,pass,PASS,
cpython-3.11.14,3.11.14,False,True,2.4.6,4d5a9f3,stacked_histogram,bins=15;bin_us=3333,640,480,100000,0,clustered,kernel,median_call,154236848,119581465,172086088,5,20,100,659.250,871.583,894.125,896.208,2.45,clear_pass,,,pass,PASS,
cpython-3.11.14,3.11.14,False,True,2.4.6,4d5a9f3,stacked_histogram,bins=15;bin_us=3333,640,480,100000,0,clustered,engine,sustained,35501674,32513496,39017666,5,20,100,2743.541,3185.500,4438.583,4562.041,35.16,clear_pass,,,pass,PASS,
cpython-3.11.14,3.11.14,False,True,2.4.6,4d5a9f3,stacked_histogram,bins=15;bin_us=3333,640,480,100000,16,uniform,kernel,median_call,116208669,109566527,125058543,5,20,100,862.916,1036.292,1085.125,1085.792,2.45,clear_pass,,,pass,PASS,
cpython-3.11.14,3.11.14,False,True,2.4.6,4d5a9f3,stacked_histogram,bins=15;bin_us=3333,640,480,100000,16,uniform,engine,sustained,68287793,49631256,72428993,5,40,200,1217.292,3495.916,4321.417,5283.084,2.45,clear_pass,,,pass,PASS,
cpython-3.11.14,3.11.14,False,True,2.4.6,4d5a9f3,stacked_histogram,bins=15;bin_us=3333,640,480,100000,16,clustered,kernel,median_call,121056215,108459870,133693593,5,20,100,819.334,947.916,965.958,971.125,2.45,clear_pass,,,pass,PASS,
cpython-3.11.14,3.11.14,False,True,2.4.6,4d5a9f3,stacked_histogram,bins=15;bin_us=3333,640,480,100000,16,clustered,engine,sustained,63576578,59077505,69595172,5,40,200,1141.958,3113.583,4358.708,4654.708,2.45,clear_pass,,,pass,PASS,
cpython-3.11.14,3.11.14,False,True,2.4.6,4d5a9f3,stacked_histogram,bins=15;bin_us=3333,640,480,1000000,0,uniform,kernel,median_call,112756517,108715836,114545897,5,7,35,8885.334,9478.416,9921.041,9921.041,23.91,clear_pass,,,pass,PASS,
cpython-3.11.14,3.11.14,False,True,2.4.6,4d5a9f3,stacked_histogram,bins=15;bin_us=3333,640,480,1000000,0,uniform,engine,sustained,76965825,74913849,79901379,5,7,35,12950.666,14418.000,14558.000,14558.000,35.16,clear_pass,,,pass,PASS,
cpython-3.11.14,3.11.14,False,True,2.4.6,4d5a9f3,stacked_histogram,bins=15;bin_us=3333,640,480,1000000,0,clustered,kernel,median_call,130815861,129333346,138584926,5,7,35,7638.209,8012.042,8124.083,8124.083,23.91,clear_pass,,,pass,PASS,
cpython-3.11.14,3.11.14,False,True,2.4.6,4d5a9f3,stacked_histogram,bins=15;bin_us=3333,640,480,1000000,0,clustered,engine,sustained,85751912,81526485,89137010,5,7,35,11436.667,12904.666,13591.000,13591.000,35.16,clear_pass,,,pass,PASS,
cpython-3.11.14,3.11.14,False,True,2.4.6,4d5a9f3,stacked_histogram,bins=15;bin_us=3333,640,480,1000000,16,uniform,kernel,median_call,113100320,110358527,115507893,5,7,35,8867.958,9286.792,9369.459,9369.459,23.91,clear_pass,,,pass,PASS,
cpython-3.11.14,3.11.14,False,True,2.4.6,4d5a9f3,stacked_histogram,bins=15;bin_us=3333,640,480,1000000,16,uniform,engine,sustained,77539668,76905552,79347788,5,10,50,12750.792,14367.250,14485.208,14485.208,35.16,clear_pass,,,pass,PASS,
cpython-3.11.14,3.11.14,False,True,2.4.6,4d5a9f3,stacked_histogram,bins=15;bin_us=3333,640,480,1000000,16,clustered,kernel,median_call,131919595,124083596,136229741,5,7,35,7583.750,8114.667,8135.375,8135.375,23.91,clear_pass,,,pass,PASS,
cpython-3.11.14,3.11.14,False,True,2.4.6,4d5a9f3,stacked_histogram,bins=15;bin_us=3333,640,480,1000000,16,clustered,engine,sustained,89370965,82217459,89439304,5,10,50,11295.791,12246.292,12295.083,12295.083,35.16,clear_pass,,,pass,PASS,
cpython-3.11.14,3.11.14,False,True,2.4.6,4d5a9f3,stacked_histogram,bins=15;bin_us=3333,1280,720,10000,16,uniform,kernel,median_call,54310783,48105833,127220798,5,50,250,187.791,561.708,588.417,612.250,0.30,clear_pass,,,pass,PASS,
cpython-3.11.14,3.11.14,False,True,2.4.6,4d5a9f3,stacked_histogram,bins=15;bin_us=3333,1280,720,10000,16,uniform,engine,sustained,30065252,18524661,31939549,5,320,1600,113.042,585.875,6618.500,9135.250,0.30,clear_pass,,,pass,PASS,
cpython-3.11.14,3.11.14,False,True,2.4.6,4d5a9f3,stacked_histogram,bins=15;bin_us=3333,1280,720,10000,16,clustered,kernel,median_call,55891994,52591305,127659303,5,50,250,178.917,287.833,295.167,300.334,0.30,clear_pass,,,pass,PASS,
cpython-3.11.14,3.11.14,False,True,2.4.6,4d5a9f3,stacked_histogram,bins=15;bin_us=3333,1280,720,10000,16,clustered,engine,sustained,22167361,18355798,38026146,5,320,1600,270.542,441.458,5934.375,10670.708,0.30,clear_pass,,,pass,PASS,
cpython-3.11.14,3.11.14,False,True,2.4.6,4d5a9f3,stacked_histogram,bins=15;bin_us=3333,1280,720,100000,0,uniform,kernel,median_call,93770146,88718038,102713379,5,20,100,1067.000,1186.250,1323.625,1328.250,2.45,clear_pass,,,pass,NOT MET,
cpython-3.11.14,3.11.14,False,True,2.4.6,4d5a9f3,stacked_histogram,bins=15;bin_us=3333,1280,720,100000,0,uniform,engine,sustained,14314117,13209243,14657514,5,20,100,6885.250,7964.209,11526.875,11558.500,105.47,clear_miss,,,miss,NOT MET,
cpython-3.11.14,3.11.14,False,True,2.4.6,4d5a9f3,stacked_histogram,bins=15;bin_us=3333,1280,720,100000,0,clustered,kernel,median_call,106574302,103934330,123714529,5,20,100,886.750,1047.584,1059.875,1061.375,2.45,clear_pass,,,pass,NOT MET,
cpython-3.11.14,3.11.14,False,True,2.4.6,4d5a9f3,stacked_histogram,bins=15;bin_us=3333,1280,720,100000,0,clustered,engine,sustained,15469175,13300463,16585261,5,20,100,6311.250,8017.333,11010.041,12181.209,105.47,clear_miss,,,miss,NOT MET,
cpython-3.11.14,3.11.14,False,True,2.4.6,4d5a9f3,stacked_histogram,bins=15;bin_us=3333,1280,720,100000,16,uniform,kernel,median_call,92352092,78917504,104320648,5,20,100,1086.750,1340.708,1371.042,1371.917,2.45,clear_pass,,,pass,PASS,
cpython-3.11.14,3.11.14,False,True,2.4.6,4d5a9f3,stacked_histogram,bins=15;bin_us=3333,1280,720,100000,16,uniform,engine,sustained,31893878,31214934,32619875,5,40,200,1558.042,8004.500,10795.708,11866.167,2.45,clear_pass,,,pass,PASS,
cpython-3.11.14,3.11.14,False,True,2.4.6,4d5a9f3,stacked_histogram,bins=15;bin_us=3333,1280,720,100000,16,clustered,kernel,median_call,115620838,104363708,123568078,5,20,100,846.541,1043.125,1062.250,1067.792,2.45,clear_pass,,,pass,PASS,
cpython-3.11.14,3.11.14,False,True,2.4.6,4d5a9f3,stacked_histogram,bins=15;bin_us=3333,1280,720,100000,16,clustered,engine,sustained,39299583,33024100,41579953,5,40,200,1190.083,7267.042,10278.334,11789.375,2.45,clear_pass,,,pass,PASS,
cpython-3.11.14,3.11.14,False,True,2.4.6,4d5a9f3,stacked_histogram,bins=15;bin_us=3333,1280,720,1000000,0,uniform,kernel,median_call,85052094,80787954,88139701,5,7,35,11745.875,12521.125,12532.042,12532.042,23.91,clear_pass,,,pass,PASS,
cpython-3.11.14,3.11.14,False,True,2.4.6,4d5a9f3,stacked_histogram,bins=15;bin_us=3333,1280,720,1000000,0,uniform,engine,sustained,49688647,48041316,50094659,5,7,35,19937.208,23669.542,24105.583,24105.583,105.47,clear_pass,,,pass,PASS,
cpython-3.11.14,3.11.14,False,True,2.4.6,4d5a9f3,stacked_histogram,bins=15;bin_us=3333,1280,720,1000000,0,clustered,kernel,median_call,110729194,108795188,114659728,5,7,35,9046.083,9680.125,9768.958,9768.958,23.91,clear_pass,,,pass,PASS,
cpython-3.11.14,3.11.14,False,True,2.4.6,4d5a9f3,stacked_histogram,bins=15;bin_us=3333,1280,720,1000000,0,clustered,engine,sustained,58965741,56740846,60375340,5,7,35,16453.708,20339.500,20846.750,20846.750,105.47,clear_pass,,,pass,PASS,
cpython-3.11.14,3.11.14,False,True,2.4.6,4d5a9f3,stacked_histogram,bins=15;bin_us=3333,1280,720,1000000,16,uniform,kernel,median_call,85670533,84277359,88167553,5,7,35,11638.959,11917.333,12002.125,12002.125,23.91,clear_pass,,,pass,PASS,
cpython-3.11.14,3.11.14,False,True,2.4.6,4d5a9f3,stacked_histogram,bins=15;bin_us=3333,1280,720,1000000,16,uniform,engine,sustained,50881932,47883576,51455107,5,10,50,19407.209,22730.042,24413.083,24413.083,105.47,clear_pass,,,pass,PASS,
cpython-3.11.14,3.11.14,False,True,2.4.6,4d5a9f3,stacked_histogram,bins=15;bin_us=3333,1280,720,1000000,16,clustered,kernel,median_call,112026517,110927772,114057599,5,7,35,8926.458,9345.083,9814.833,9814.833,23.91,clear_pass,,,pass,PASS,
cpython-3.11.14,3.11.14,False,True,2.4.6,4d5a9f3,stacked_histogram,bins=15;bin_us=3333,1280,720,1000000,16,clustered,engine,sustained,60197598,58588887,62436556,5,10,50,16422.334,17540.417,17771.708,17771.708,105.47,clear_pass,,,pass,PASS,
cpython-3.11.14,3.11.14,False,True,2.4.6,4d5a9f3,stacked_histogram,bins=10;bin_us=5000,346,260,10000,16,uniform,kernel,median_call,176731527,59354578,179639643,5,50,250,56.500,172.541,200.000,276.042,0.30,clear_pass,,,pass,PASS,
cpython-3.11.14,3.11.14,False,True,2.4.6,4d5a9f3,stacked_histogram,bins=10;bin_us=5000,346,260,10000,16,uniform,engine,sustained,106875187,55912072,110547392,5,320,1600,78.083,242.083,473.458,932.500,0.30,clear_pass,,,pass,PASS,
cpython-3.11.14,3.11.14,False,True,2.4.6,4d5a9f3,stacked_histogram,bins=10;bin_us=5000,346,260,10000,16,clustered,kernel,median_call,59406058,58794824,66206970,5,50,250,168.209,183.125,250.333,287.375,0.30,clear_pass,,,pass,PASS,
cpython-3.11.14,3.11.14,False,True,2.4.6,4d5a9f3,stacked_histogram,bins=10;bin_us=5000,346,260,10000,16,clustered,engine,sustained,59086005,49095776,112603284,5,320,1600,93.208,297.083,546.959,833.083,0.30,clear_pass,,,pass,PASS,
cpython-3.11.14,3.11.14,False,True,2.4.6,4d5a9f3,stacked_histogram,bins=10;bin_us=5000,346,260,100000,0,uniform,kernel,median_call,131622331,117857955,179647388,5,20,100,734.584,930.209,941.791,942.500,2.45,clear_pass,,,pass,PASS,
cpython-3.11.14,3.11.14,False,True,2.4.6,4d5a9f3,stacked_histogram,bins=10;bin_us=5000,346,260,100000,0,uniform,engine,sustained,82069794,77540168,92511572,5,20,100,1101.000,1479.292,1520.375,1640.958,6.86,clear_pass,,,pass,PASS,
cpython-3.11.14,3.11.14,False,True,2.4.6,4d5a9f3,stacked_histogram,bins=10;bin_us=5000,346,260,100000,0,clustered,kernel,median_call,141122545,135838835,157651000,5,20,100,652.792,807.750,829.625,861.125,2.45,clear_pass,,,pass,PASS,
cpython-3.11.14,3.11.14,False,True,2.4.6,4d5a9f3,stacked_histogram,bins=10;bin_us=5000,346,260,100000,0,clustered,engine,sustained,81314028,78024930,89833466,5,20,100,1153.167,1488.042,1547.459,1556.709,6.86,clear_pass,,,pass,PASS,
cpython-3.11.14,3.11.14,False,True,2.4.6,4d5a9f3,stacked_histogram,bins=10;bin_us=5000,346,260,100000,16,uniform,kernel,median_call,130293244,129352217,145980926,5,20,100,702.667,849.666,857.208,859.875,2.45,clear_pass,,,pass,PASS,
cpython-3.11.14,3.11.14,False,True,2.4.6,4d5a9f3,stacked_histogram,bins=10;bin_us=5000,346,260,100000,16,uniform,engine,sustained,111135796,103364299,113810821,5,40,200,855.500,1216.167,1369.458,1470.791,2.45,clear_pass,,,pass,PASS,
cpython-3.11.14,3.11.14,False,True,2.4.6,4d5a9f3,stacked_histogram,bins=10;bin_us=5000,346,260,100000,16,clustered,kernel,median_call,140141894,138026320,158872009,5,20,100,659.625,790.875,815.833,828.542,2.45,clear_pass,,,pass,PASS,
cpython-3.11.14,3.11.14,False,True,2.4.6,4d5a9f3,stacked_histogram,bins=10;bin_us=5000,346,260,100000,16,clustered,engine,sustained,110900342,109270224,115850802,5,40,200,842.292,1237.375,1398.166,1470.333,2.45,clear_pass,,,pass,PASS,
cpython-3.11.14,3.11.14,False,True,2.4.6,4d5a9f3,stacked_histogram,bins=10;bin_us=5000,346,260,1000000,0,uniform,kernel,median_call,135898037,131859444,138389150,5,7,35,7358.458,7840.125,8098.000,8098.000,23.91,clear_pass,,,pass,PASS,
cpython-3.11.14,3.11.14,False,True,2.4.6,4d5a9f3,stacked_histogram,bins=10;bin_us=5000,346,260,1000000,0,uniform,engine,sustained,109862801,104092120,111798166,5,7,35,9155.625,9704.125,9867.834,9867.834,23.91,clear_pass,,,pass,PASS,
cpython-3.11.14,3.11.14,False,True,2.4.6,4d5a9f3,stacked_histogram,bins=10;bin_us=5000,346,260,1000000,0,clustered,kernel,median_call,145230099,141891772,152047895,5,7,35,6862.667,7155.958,7170.292,7170.292,23.91,clear_pass,,,pass,PASS,
cpython-3.11.14,3.11.14,False,True,2.4.6,4d5a9f3,stacked_histogram,bins=10;bin_us=5000,346,260,1000000,0,clustered,engine,sustained,113005217,108108315,115632320,5,7,35,8884.916,9653.083,9757.500,9757.500,23.91,clear_pass,,,pass,PASS,
cpython-3.11.14,3.11.14,False,True,2.4.6,4d5a9f3,stacked_histogram,bins=10;bin_us=5000,346,260,1000000,16,uniform,kernel,median_call,138306216,134380751,140030703,5,7,35,7287.750,7606.125,7655.583,7655.583,23.91,clear_pass,,,pass,PASS,
cpython-3.11.14,3.11.14,False,True,2.4.6,4d5a9f3,stacked_histogram,bins=10;bin_us=5000,346,260,1000000,16,uniform,engine,sustained,109545374,105308701,111240736,5,10,50,9167.583,9771.875,9891.417,9891.417,23.91,clear_pass,,,pass,PASS,
cpython-3.11.14,3.11.14,False,True,2.4.6,4d5a9f3,stacked_histogram,bins=10;bin_us=5000,346,260,1000000,16,clustered,kernel,median_call,145909081,143489192,147661412,5,7,35,6855.542,7060.209,7111.292,7111.292,23.91,clear_pass,,,pass,PASS,
cpython-3.11.14,3.11.14,False,True,2.4.6,4d5a9f3,stacked_histogram,bins=10;bin_us=5000,346,260,1000000,16,clustered,engine,sustained,115023893,111398426,116381014,5,10,50,8734.833,9110.041,9211.709,9211.709,23.91,clear_pass,,,pass,PASS,
cpython-3.11.14,3.11.14,False,True,2.4.6,4d5a9f3,stacked_histogram,bins=10;bin_us=5000,640,480,10000,16,uniform,kernel,median_call,52962595,52145664,173097229,5,50,250,189.042,324.917,348.667,354.666,0.30,clear_pass,,,pass,PASS,
cpython-3.11.14,3.11.14,False,True,2.4.6,4d5a9f3,stacked_histogram,bins=10;bin_us=5000,640,480,10000,16,uniform,engine,sustained,49981489,25663120,77801209,5,320,1600,222.459,389.042,1595.125,2367.709,0.30,clear_pass,,,pass,PASS,
cpython-3.11.14,3.11.14,False,True,2.4.6,4d5a9f3,stacked_histogram,bins=10;bin_us=5000,640,480,10000,16,clustered,kernel,median_call,52758894,46047724,182718486,5,50,250,189.083,236.250,283.792,309.791,0.30,clear_pass,,,pass,PASS,
cpython-3.11.14,3.11.14,False,True,2.4.6,4d5a9f3,stacked_histogram,bins=10;bin_us=5000,640,480,10000,16,clustered,engine,sustained,83774272,32818029,86133222,5,320,1600,77.500,294.709,1394.625,2486.209,0.30,clear_pass,,,pass,PASS,
cpython-3.11.14,3.11.14,False,True,2.4.6,4d5a9f3,stacked_histogram,bins=10;bin_us=5000,640,480,100000,0,uniform,kernel,median_call,120309798,113164865,154127852,5,20,100,799.375,970.916,1006.750,1007.208,2.45,clear_pass,,,pass,PASS,
cpython-3.11.14,3.11.14,False,True,2.4.6,4d5a9f3,stacked_histogram,bins=10;bin_us=5000,640,480,100000,0,uniform,engine,sustained,45228275,42805204,48170616,5,20,100,2151.375,2358.750,3319.291,3366.666,23.44,clear_pass,,,pass,PASS,
cpython-3.11.14,3.11.14,False,True,2.4.6,4d5a9f3,stacked_histogram,bins=10;bin_us=5000,640,480,100000,0,clustered,kernel,median_call,140252454,128287446,146524655,5,20,100,710.958,838.958,852.958,853.000,2.45,clear_pass,,,pass,PASS,
cpython-3.11.14,3.11.14,False,True,2.4.6,4d5a9f3,stacked_histogram,bins=10;bin_us=5000,640,480,100000,0,clustered,engine,sustained,43327323,41620530,48525483,5,20,100,2236.542,2535.625,3364.458,3533.708,23.44,clear_pass,,,pass,PASS,
cpython-3.11.14,3.11.14,False,True,2.4.6,4d5a9f3,stacked_histogram,bins=10;bin_us=5000,640,480,100000,16,uniform,kernel,median_call,129032258,120757706,139320201,5,20,100,768.042,911.042,959.375,991.875,2.45,clear_pass,,,pass,PASS,
cpython-3.11.14,3.11.14,False,True,2.4.6,4d5a9f3,stacked_histogram,bins=10;bin_us=5000,640,480,100000,16,uniform,engine,sustained,71784716,61611329,78567714,5,40,200,1149.334,2505.834,3174.750,3350.958,2.45,clear_pass,,,pass,PASS,
cpython-3.11.14,3.11.14,False,True,2.4.6,4d5a9f3,stacked_histogram,bins=10;bin_us=5000,640,480,100000,16,clustered,kernel,median_call,141772683,125878474,159035102,5,20,100,693.625,838.958,847.584,850.375,2.45,clear_pass,,,pass,PASS,
cpython-3.11.14,3.11.14,False,True,2.4.6,4d5a9f3,stacked_histogram,bins=10;bin_us=5000,640,480,100000,16,clustered,engine,sustained,72948997,63596627,82823093,5,40,200,1207.083,2519.125,3082.291,3511.125,2.45,clear_pass,,,pass,PASS,
cpython-3.11.14,3.11.14,False,True,2.4.6,4d5a9f3,stacked_histogram,bins=10;bin_us=5000,640,480,1000000,0,uniform,kernel,median_call,120541225,120206756,121019590,5,7,35,8312.084,8632.334,9215.958,9215.958,23.91,clear_pass,,,pass,PASS,
cpython-3.11.14,3.11.14,False,True,2.4.6,4d5a9f3,stacked_histogram,bins=10;bin_us=5000,640,480,1000000,0,uniform,engine,sustained,88071132,84186136,89430109,5,7,35,11323.000,12440.042,12856.833,12856.833,23.91,clear_pass,,,pass,PASS,
cpython-3.11.14,3.11.14,False,True,2.4.6,4d5a9f3,stacked_histogram,bins=10;bin_us=5000,640,480,1000000,0,clustered,kernel,median_call,136461318,133653353,142215467,5,7,35,7337.791,7707.750,7787.583,7787.583,23.91,clear_pass,,,pass,PASS,
cpython-3.11.14,3.11.14,False,True,2.4.6,4d5a9f3,stacked_histogram,bins=10;bin_us=5000,640,480,1000000,0,clustered,engine,sustained,94257580,93668302,96465460,5,7,35,10464.709,11630.959,11646.000,11646.000,23.91,clear_pass,,,pass,PASS,
cpython-3.11.14,3.11.14,False,True,2.4.6,4d5a9f3,stacked_histogram,bins=10;bin_us=5000,640,480,1000000,16,uniform,kernel,median_call,120807599,119206078,125339451,5,7,35,8277.625,8529.125,8730.625,8730.625,23.91,clear_pass,,,pass,PASS,
cpython-3.11.14,3.11.14,False,True,2.4.6,4d5a9f3,stacked_histogram,bins=10;bin_us=5000,640,480,1000000,16,uniform,engine,sustained,85248162,84793879,90201996,5,10,50,11581.500,12166.666,12240.292,12240.292,23.91,clear_pass,,,pass,PASS,
cpython-3.11.14,3.11.14,False,True,2.4.6,4d5a9f3,stacked_histogram,bins=10;bin_us=5000,640,480,1000000,16,clustered,kernel,median_call,136387672,135787318,139077223,5,7,35,7326.542,7724.958,7761.000,7761.000,23.91,clear_pass,,,pass,PASS,
cpython-3.11.14,3.11.14,False,True,2.4.6,4d5a9f3,stacked_histogram,bins=10;bin_us=5000,640,480,1000000,16,clustered,engine,sustained,94459629,91950994,97398130,5,10,50,10471.125,11460.084,12073.167,12073.167,23.91,clear_pass,,,pass,PASS,
cpython-3.11.14,3.11.14,False,True,2.4.6,4d5a9f3,stacked_histogram,bins=10;bin_us=5000,1280,720,10000,16,uniform,kernel,median_call,52793851,49808114,148975791,5,50,250,192.500,571.750,585.042,590.416,0.30,clear_pass,,,pass,PASS,
cpython-3.11.14,3.11.14,False,True,2.4.6,4d5a9f3,stacked_histogram,bins=10;bin_us=5000,1280,720,10000,16,uniform,engine,sustained,29489793,23950818,41542680,5,320,1600,225.917,528.167,4426.375,6439.958,0.30,clear_pass,,,pass,PASS,
cpython-3.11.14,3.11.14,False,True,2.4.6,4d5a9f3,stacked_histogram,bins=10;bin_us=5000,1280,720,10000,16,clustered,kernel,median_call,55001870,46167199,56959772,5,50,250,186.584,302.167,337.125,444.584,0.30,clear_pass,,,pass,PASS,
cpython-3.11.14,3.11.14,False,True,2.4.6,4d5a9f3,stacked_histogram,bins=10;bin_us=5000,1280,720,10000,16,clustered,engine,sustained,27654631,22439073,50530799,5,320,1600,236.334,429.042,3738.583,6852.000,0.30,clear_pass,,,pass,PASS,
cpython-3.11.14,3.11.14,False,True,2.4.6,4d5a9f3,stacked_histogram,bins=10;bin_us=5000,1280,720,100000,0,uniform,kernel,median_call,92692752,87466719,104744013,5,20,100,1051.917,1227.708,1256.000,1275.000,2.45,clear_pass,,,pass,PASS,
cpython-3.11.14,3.11.14,False,True,2.4.6,4d5a9f3,stacked_histogram,bins=10;bin_us=5000,1280,720,100000,0,uniform,engine,sustained,20391647,19569878,21704813,5,20,100,4785.333,5133.125,7600.625,8108.000,70.31,borderline,21669196,20,pass,PASS,
cpython-3.11.14,3.11.14,False,True,2.4.6,4d5a9f3,stacked_histogram,bins=10;bin_us=5000,1280,720,100000,0,clustered,kernel,median_call,118468814,111940278,124015011,5,20,100,819.000,936.916,946.375,971.042,2.45,clear_pass,,,pass,PASS,
cpython-3.11.14,3.11.14,False,True,2.4.6,4d5a9f3,stacked_histogram,bins=10;bin_us=5000,1280,720,100000,0,clustered,engine,sustained,21822308,20789039,23051500,5,20,100,4407.583,4989.334,7510.708,8028.459,70.31,borderline,24092713,20,pass,PASS,
cpython-3.11.14,3.11.14,False,True,2.4.6,4d5a9f3,stacked_histogram,bins=10;bin_us=5000,1280,720,100000,16,uniform,kernel,median_call,102238617,92075690,105048858,5,20,100,982.416,1240.500,1288.500,1303.791,2.45,clear_pass,,,pass,PASS,
cpython-3.11.14,3.11.14,False,True,2.4.6,4d5a9f3,stacked_histogram,bins=10;bin_us=5000,1280,720,100000,16,uniform,engine,sustained,41039058,38209215,50134055,5,40,200,1422.250,5583.792,7495.208,8198.959,2.45,clear_pass,,,pass,PASS,
cpython-3.11.14,3.11.14,False,True,2.4.6,4d5a9f3,stacked_histogram,bins=10;bin_us=5000,1280,720,100000,16,clustered,kernel,median_call,111971613,111275923,135762025,5,20,100,805.208,954.834,987.000,996.333,2.45,clear_pass,,,pass,PASS,
cpython-3.11.14,3.11.14,False,True,2.4.6,4d5a9f3,stacked_histogram,bins=10;bin_us=5000,1280,720,100000,16,clustered,engine,sustained,49547901,43109779,52381561,5,40,200,1314.042,5008.000,6977.125,7833.167,2.45,clear_pass,,,pass,PASS,
cpython-3.11.14,3.11.14,False,True,2.4.6,4d5a9f3,stacked_histogram,bins=10;bin_us=5000,1280,720,1000000,0,uniform,kernel,median_call,94068590,92451706,95935142,5,7,35,10650.166,10870.750,10910.375,10910.375,23.91,clear_pass,,,pass,PASS,
cpython-3.11.14,3.11.14,False,True,2.4.6,4d5a9f3,stacked_histogram,bins=10;bin_us=5000,1280,720,1000000,0,uniform,engine,sustained,59540052,57597090,59817856,5,7,35,16545.084,18862.750,19363.375,19363.375,70.31,clear_pass,,,pass,PASS,
cpython-3.11.14,3.11.14,False,True,2.4.6,4d5a9f3,stacked_histogram,bins=10;bin_us=5000,1280,720,1000000,0,clustered,kernel,median_call,120603010,119664948,121026913,5,7,35,8325.208,8635.209,8812.750,8812.750,23.91,clear_pass,,,pass,PASS,
cpython-3.11.14,3.11.14,False,True,2.4.6,4d5a9f3,stacked_histogram,bins=10;bin_us=5000,1280,720,1000000,0,clustered,engine,sustained,69955460,69348243,72996157,5,7,35,13841.750,16947.417,17130.667,17130.667,70.31,clear_pass,,,pass,PASS,
cpython-3.11.14,3.11.14,False,True,2.4.6,4d5a9f3,stacked_histogram,bins=10;bin_us=5000,1280,720,1000000,16,uniform,kernel,median_call,93050669,92180061,95658309,5,7,35,10724.375,10935.459,11037.542,11037.542,23.91,clear_pass,,,pass,PASS,
cpython-3.11.14,3.11.14,False,True,2.4.6,4d5a9f3,stacked_histogram,bins=10;bin_us=5000,1280,720,1000000,16,uniform,engine,sustained,59089433,56627626,59685709,5,10,50,16719.750,19220.042,19945.417,19945.417,70.31,clear_pass,,,pass,PASS,
cpython-3.11.14,3.11.14,False,True,2.4.6,4d5a9f3,stacked_histogram,bins=10;bin_us=5000,1280,720,1000000,16,clustered,kernel,median_call,121130149,120453498,123500625,5,7,35,8252.291,8516.166,8563.500,8563.500,23.91,clear_pass,,,pass,PASS,
cpython-3.11.14,3.11.14,False,True,2.4.6,4d5a9f3,stacked_histogram,bins=10;bin_us=5000,1280,720,1000000,16,clustered,engine,sustained,73099862,68351454,74091659,5,10,50,13680.125,15078.625,15309.666,15309.666,70.31,clear_pass,,,pass,PASS,
cpython-3.11.14,3.11.14,False,True,2.4.6,4d5a9f3,voxel_grid,bins=5;bin_us=12500,346,260,10000,16,uniform,kernel,median_call,48411498,45116988,75925532,5,50,250,138.791,279.334,326.417,423.417,0.37,clear_pass,,,pass,PASS,
cpython-3.11.14,3.11.14,False,True,2.4.6,4d5a9f3,voxel_grid,bins=5;bin_us=12500,346,260,10000,16,uniform,engine,sustained,54516021,42607413,60307712,5,320,1600,153.875,384.250,661.458,856.750,0.37,clear_pass,,,pass,PASS,
cpython-3.11.14,3.11.14,False,True,2.4.6,4d5a9f3,voxel_grid,bins=5;bin_us=12500,346,260,10000,16,clustered,kernel,median_call,79893582,51540945,82177709,5,50,250,127.250,240.833,250.000,345.667,0.37,clear_pass,,,pass,PASS,
cpython-3.11.14,3.11.14,False,True,2.4.6,4d5a9f3,voxel_grid,bins=5;bin_us=12500,346,260,10000,16,clustered,engine,sustained,44405390,43955018,61188089,5,320,1600,151.833,379.625,776.458,973.209,0.37,clear_pass,,,pass,PASS,
cpython-3.11.14,3.11.14,False,True,2.4.6,4d5a9f3,voxel_grid,bins=5;bin_us=12500,346,260,100000,0,uniform,kernel,median_call,64354392,63049218,65603346,5,20,100,1553.041,1620.709,1645.959,1694.958,3.15,clear_pass,,,pass,PASS,
cpython-3.11.14,3.11.14,False,True,2.4.6,4d5a9f3,voxel_grid,bins=5;bin_us=12500,346,260,100000,0,uniform,engine,sustained,47467367,46953916,52982763,5,20,100,2005.625,2387.250,2486.042,2771.667,3.15,clear_pass,,,pass,PASS,
cpython-3.11.14,3.11.14,False,True,2.4.6,4d5a9f3,voxel_grid,bins=5;bin_us=12500,346,260,100000,0,clustered,kernel,median_call,68002161,67436567,71259940,5,20,100,1462.875,1534.500,1593.875,1633.083,3.15,clear_pass,,,pass,PASS,
cpython-3.11.14,3.11.14,False,True,2.4.6,4d5a9f3,voxel_grid,bins=5;bin_us=12500,346,260,100000,0,clustered,engine,sustained,45811755,43975575,50311829,5,20,100,2156.542,2570.250,2585.917,2604.292,3.15,clear_pass,,,pass,PASS,
cpython-3.11.14,3.11.14,False,True,2.4.6,4d5a9f3,voxel_grid,bins=5;bin_us=12500,346,260,100000,16,uniform,kernel,median_call,64987815,64001700,65069747,5,20,100,1548.167,1602.459,1666.583,1727.334,3.15,clear_pass,,,pass,PASS,
cpython-3.11.14,3.11.14,False,True,2.4.6,4d5a9f3,voxel_grid,bins=5;bin_us=12500,346,260,100000,16,uniform,engine,sustained,53858905,53410894,60399395,5,40,200,1767.666,2208.542,2606.459,2640.500,3.15,clear_pass,,,pass,PASS,
cpython-3.11.14,3.11.14,False,True,2.4.6,4d5a9f3,voxel_grid,bins=5;bin_us=12500,346,260,100000,16,clustered,kernel,median_call,68474602,67321186,69819189,5,20,100,1461.708,1514.375,1552.791,1568.125,3.15,clear_pass,,,pass,PASS,
cpython-3.11.14,3.11.14,False,True,2.4.6,4d5a9f3,voxel_grid,bins=5;bin_us=12500,346,260,100000,16,clustered,engine,sustained,58673969,56202995,58927883,5,40,200,1644.125,2183.625,2554.125,2581.375,3.15,clear_pass,,,pass,PASS,
cpython-3.11.14,3.11.14,False,True,2.4.6,4d5a9f3,voxel_grid,bins=5;bin_us=12500,346,260,1000000,0,uniform,kernel,median_call,62788273,61783218,63749084,5,7,35,15986.542,16361.250,16410.250,16410.250,31.48,clear_pass,,,pass,PASS,
cpython-3.11.14,3.11.14,False,True,2.4.6,4d5a9f3,voxel_grid,bins=5;bin_us=12500,346,260,1000000,0,uniform,engine,sustained,54968912,54713627,56147951,5,7,35,18133.375,18803.833,18832.375,18832.375,31.48,clear_pass,,,pass,PASS,
cpython-3.11.14,3.11.14,False,True,2.4.6,4d5a9f3,voxel_grid,bins=5;bin_us=12500,346,260,1000000,0,clustered,kernel,median_call,66747320,66026212,67429178,5,7,35,14970.333,15427.792,15443.916,15443.916,31.48,clear_pass,,,pass,PASS,
cpython-3.11.14,3.11.14,False,True,2.4.6,4d5a9f3,voxel_grid,bins=5;bin_us=12500,346,260,1000000,0,clustered,engine,sustained,58838837,58496921,59625763,5,7,35,16994.167,17369.458,17398.125,17398.125,31.48,clear_pass,,,pass,PASS,
cpython-3.11.14,3.11.14,False,True,2.4.6,4d5a9f3,voxel_grid,bins=5;bin_us=12500,346,260,1000000,16,uniform,kernel,median_call,62527680,62248896,65141806,5,7,35,15964.583,16285.875,17029.042,17029.042,31.48,clear_pass,,,pass,PASS,
cpython-3.11.14,3.11.14,False,True,2.4.6,4d5a9f3,voxel_grid,bins=5;bin_us=12500,346,260,1000000,16,uniform,engine,sustained,55921296,54115385,56226907,5,10,50,17901.208,18714.959,18954.417,18954.417,31.48,clear_pass,,,pass,PASS,
cpython-3.11.14,3.11.14,False,True,2.4.6,4d5a9f3,voxel_grid,bins=5;bin_us=12500,346,260,1000000,16,clustered,kernel,median_call,66652039,66277652,68564180,5,7,35,15053.333,15364.917,15370.250,15370.250,31.48,clear_pass,,,pass,PASS,
cpython-3.11.14,3.11.14,False,True,2.4.6,4d5a9f3,voxel_grid,bins=5;bin_us=12500,346,260,1000000,16,clustered,engine,sustained,59193153,57666537,59516931,5,10,50,16876.125,17230.042,18625.250,18625.250,31.48,clear_pass,,,pass,PASS,
cpython-3.11.14,3.11.14,False,True,2.4.6,4d5a9f3,voxel_grid,bins=5;bin_us=12500,640,480,10000,16,uniform,kernel,median_call,38055950,33826638,77009268,5,50,250,137.333,364.166,548.833,598.709,0.37,clear_pass,,,pass,PASS,
cpython-3.11.14,3.11.14,False,True,2.4.6,4d5a9f3,voxel_grid,bins=5;bin_us=12500,640,480,10000,16,uniform,engine,sustained,36972809,33061606,44900914,5,320,1600,169.917,435.083,2041.417,2457.084,0.37,clear_pass,,,pass,PASS,
cpython-3.11.14,3.11.14,False,True,2.4.6,4d5a9f3,voxel_grid,bins=5;bin_us=12500,640,480,10000,16,clustered,kernel,median_call,40194218,39113454,40657348,5,50,250,228.875,304.875,389.167,480.041,0.37,clear_pass,,,pass,PASS,
cpython-3.11.14,3.11.14,False,True,2.4.6,4d5a9f3,voxel_grid,bins=5;bin_us=12500,640,480,10000,16,clustered,engine,sustained,39906468,35733190,49968715,5,320,1600,161.958,390.917,1968.709,2336.917,0.37,clear_pass,,,pass,PASS,
cpython-3.11.14,3.11.14,False,True,2.4.6,4d5a9f3,voxel_grid,bins=5;bin_us=12500,640,480,100000,0,uniform,kernel,median_call,63865443,58501633,65137753,5,20,100,1638.000,1861.625,1889.125,1910.125,3.15,clear_pass,,,pass,PASS,
cpython-3.11.14,3.11.14,False,True,2.4.6,4d5a9f3,voxel_grid,bins=5;bin_us=12500,640,480,100000,0,uniform,engine,sustained,29158628,27721262,31199766,5,20,100,3396.708,3817.250,4022.375,4175.208,8.33,clear_pass,,,pass,PASS,
cpython-3.11.14,3.11.14,False,True,2.4.6,4d5a9f3,voxel_grid,bins=5;bin_us=12500,640,480,100000,0,clustered,kernel,median_call,65366591,62716411,70034142,5,20,100,1536.208,1665.750,1688.584,1696.542,3.15,clear_pass,,,pass,PASS,
cpython-3.11.14,3.11.14,False,True,2.4.6,4d5a9f3,voxel_grid,bins=5;bin_us=12500,640,480,100000,0,clustered,engine,sustained,32545375,29191842,33219511,5,20,100,3140.458,3619.333,3717.666,3904.958,8.33,clear_pass,,,pass,PASS,
cpython-3.11.14,3.11.14,False,True,2.4.6,4d5a9f3,voxel_grid,bins=5;bin_us=12500,640,480,100000,16,uniform,kernel,median_call,58357255,57984309,60085628,5,20,100,1707.250,1931.292,1959.292,1984.167,3.15,clear_pass,,,pass,PASS,
cpython-3.11.14,3.11.14,False,True,2.4.6,4d5a9f3,voxel_grid,bins=5;bin_us=12500,640,480,100000,16,uniform,engine,sustained,45465934,44485779,48768643,5,40,200,1861.167,3336.459,3483.417,3743.375,3.15,clear_pass,,,pass,PASS,
cpython-3.11.14,3.11.14,False,True,2.4.6,4d5a9f3,voxel_grid,bins=5;bin_us=12500,640,480,100000,16,clustered,kernel,median_call,64529139,63307828,67969414,5,20,100,1549.875,1664.166,1717.042,1723.708,3.15,clear_pass,,,pass,PASS,
cpython-3.11.14,3.11.14,False,True,2.4.6,4d5a9f3,voxel_grid,bins=5;bin_us=12500,640,480,100000,16,clustered,engine,sustained,49268162,46859122,52373985,5,40,200,1679.417,3290.542,3468.833,3627.750,3.15,clear_pass,,,pass,PASS,
cpython-3.11.14,3.11.14,False,True,2.4.6,4d5a9f3,voxel_grid,bins=5;bin_us=12500,640,480,1000000,0,uniform,kernel,median_call,58814448,57929735,59772270,5,7,35,16998.333,17376.791,17472.208,17472.208,31.48,clear_pass,,,pass,PASS,
cpython-3.11.14,3.11.14,False,True,2.4.6,4d5a9f3,voxel_grid,bins=5;bin_us=12500,640,480,1000000,0,uniform,engine,sustained,47810425,47356000,49173562,5,7,35,20802.084,21538.542,22536.208,22536.208,31.48,clear_pass,,,pass,PASS,
cpython-3.11.14,3.11.14,False,True,2.4.6,4d5a9f3,voxel_grid,bins=5;bin_us=12500,640,480,1000000,0,clustered,kernel,median_call,63841501,62902972,65614645,5,7,35,15663.792,15992.084,16248.833,16248.833,31.48,clear_pass,,,pass,PASS,
cpython-3.11.14,3.11.14,False,True,2.4.6,4d5a9f3,voxel_grid,bins=5;bin_us=12500,640,480,1000000,0,clustered,engine,sustained,52172665,50973920,53801699,5,7,35,19132.833,20120.500,20309.375,20309.375,31.48,clear_pass,,,pass,PASS,
cpython-3.11.14,3.11.14,False,True,2.4.6,4d5a9f3,voxel_grid,bins=5;bin_us=12500,640,480,1000000,16,uniform,kernel,median_call,58777572,55467089,61186404,5,7,35,17013.292,18156.791,18246.625,18246.625,31.48,clear_pass,,,pass,PASS,
cpython-3.11.14,3.11.14,False,True,2.4.6,4d5a9f3,voxel_grid,bins=5;bin_us=12500,640,480,1000000,16,uniform,engine,sustained,48507770,47978928,50186390,5,10,50,20509.708,21486.500,21579.375,21579.375,31.48,clear_pass,,,pass,PASS,
cpython-3.11.14,3.11.14,False,True,2.4.6,4d5a9f3,voxel_grid,bins=5;bin_us=12500,640,480,1000000,16,clustered,kernel,median_call,63510040,61132321,65100988,5,7,35,15748.041,16412.458,16584.209,16584.209,31.48,clear_pass,,,pass,PASS,
cpython-3.11.14,3.11.14,False,True,2.4.6,4d5a9f3,voxel_grid,bins=5;bin_us=12500,640,480,1000000,16,clustered,engine,sustained,52299694,50782505,52905574,5,10,50,19115.250,20280.917,21464.959,21464.959,31.48,clear_pass,,,pass,PASS,
cpython-3.11.14,3.11.14,False,True,2.4.6,4d5a9f3,voxel_grid,bins=5;bin_us=12500,1280,720,10000,16,uniform,kernel,median_call,31985057,26910367,34914129,5,50,250,294.333,423.834,613.250,648.167,0.37,clear_pass,,,pass,NOT MET,
cpython-3.11.14,3.11.14,False,True,2.4.6,4d5a9f3,voxel_grid,bins=5;bin_us=12500,1280,720,10000,16,uniform,engine,sustained,16272307,15435222,27546659,5,320,1600,448.834,721.958,5044.708,5381.209,0.37,clear_miss,,,miss,NOT MET,
cpython-3.11.14,3.11.14,False,True,2.4.6,4d5a9f3,voxel_grid,bins=5;bin_us=12500,1280,720,10000,16,clustered,kernel,median_call,33781387,30804775,36451983,5,50,250,279.542,362.292,547.625,572.458,0.37,clear_pass,,,pass,PASS,
cpython-3.11.14,3.11.14,False,True,2.4.6,4d5a9f3,voxel_grid,bins=5;bin_us=12500,1280,720,10000,16,clustered,engine,sustained,18161192,17454200,32635922,5,320,1600,400.000,639.166,4741.666,5478.208,0.37,borderline,31292518,20,pass,PASS,
cpython-3.11.14,3.11.14,False,True,2.4.6,4d5a9f3,voxel_grid,bins=5;bin_us=12500,1280,720,100000,0,uniform,kernel,median_call,46570729,45660360,48959608,5,20,100,2157.166,2489.291,2529.916,2751.250,3.15,clear_pass,,,pass,NOT MET,
cpython-3.11.14,3.11.14,False,True,2.4.6,4d5a9f3,voxel_grid,bins=5;bin_us=12500,1280,720,100000,0,uniform,engine,sustained,14429954,14249078,14685591,5,20,100,6863.834,7438.833,7580.791,7644.042,24.74,clear_miss,,,miss,NOT MET,
cpython-3.11.14,3.11.14,False,True,2.4.6,4d5a9f3,voxel_grid,bins=5;bin_us=12500,1280,720,100000,0,clustered,kernel,median_call,61140278,57656261,65765136,5,20,100,1685.750,1942.459,1994.625,2003.291,3.15,clear_pass,,,pass,NOT MET,
cpython-3.11.14,3.11.14,False,True,2.4.6,4d5a9f3,voxel_grid,bins=5;bin_us=12500,1280,720,100000,0,clustered,engine,sustained,15279311,15012996,15885671,5,20,100,6494.625,7137.291,7395.833,7436.417,24.74,clear_miss,,,miss,NOT MET,
cpython-3.11.14,3.11.14,False,True,2.4.6,4d5a9f3,voxel_grid,bins=5;bin_us=12500,1280,720,100000,16,uniform,kernel,median_call,46871800,44560371,49154131,5,20,100,2143.209,2527.000,2564.750,2617.750,3.15,clear_pass,,,pass,PASS,
cpython-3.11.14,3.11.14,False,True,2.4.6,4d5a9f3,voxel_grid,bins=5;bin_us=12500,1280,720,100000,16,uniform,engine,sustained,27938066,26430219,30702904,5,40,200,2602.458,7166.000,7431.208,7604.833,3.15,clear_pass,,,pass,PASS,
cpython-3.11.14,3.11.14,False,True,2.4.6,4d5a9f3,voxel_grid,bins=5;bin_us=12500,1280,720,100000,16,clustered,kernel,median_call,61222928,60293939,63940336,5,20,100,1644.458,1907.875,1935.417,1943.917,3.15,clear_pass,,,pass,PASS,
cpython-3.11.14,3.11.14,False,True,2.4.6,4d5a9f3,voxel_grid,bins=5;bin_us=12500,1280,720,100000,16,clustered,engine,sustained,32689119,31407220,34475020,5,40,200,2095.041,6419.750,6796.750,7087.833,3.15,clear_pass,,,pass,PASS,
cpython-3.11.14,3.11.14,False,True,2.4.6,4d5a9f3,voxel_grid,bins=5;bin_us=12500,1280,720,1000000,0,uniform,kernel,median_call,48706933,47159336,50248941,5,7,35,20523.834,21314.333,21322.333,21322.333,31.48,clear_pass,,,pass,PASS,
cpython-3.11.14,3.11.14,False,True,2.4.6,4d5a9f3,voxel_grid,bins=5;bin_us=12500,1280,720,1000000,0,uniform,engine,sustained,37059521,36210096,37572613,5,7,35,27082.583,27740.541,28267.083,28267.083,31.48,clear_pass,,,pass,PASS,
cpython-3.11.14,3.11.14,False,True,2.4.6,4d5a9f3,voxel_grid,bins=5;bin_us=12500,1280,720,1000000,0,clustered,kernel,median_call,59494887,56590694,60856557,5,7,35,16871.042,17736.875,17974.209,17974.209,31.48,clear_pass,,,pass,PASS,
cpython-3.11.14,3.11.14,False,True,2.4.6,4d5a9f3,voxel_grid,bins=5;bin_us=12500,1280,720,1000000,0,clustered,engine,sustained,42554183,42353152,43445115,5,7,35,23186.958,24515.750,24548.500,24548.500,31.48,clear_pass,,,pass,PASS,
cpython-3.11.14,3.11.14,False,True,2.4.6,4d5a9f3,voxel_grid,bins=5;bin_us=12500,1280,720,1000000,16,uniform,kernel,median_call,48846710,47758439,49325170,5,7,35,20583.958,21194.375,21462.000,21462.000,31.48,clear_pass,,,pass,PASS,
cpython-3.11.14,3.11.14,False,True,2.4.6,4d5a9f3,voxel_grid,bins=5;bin_us=12500,1280,720,1000000,16,uniform,engine,sustained,37021012,36417833,38019025,5,10,50,27097.000,27942.750,28448.375,28448.375,31.48,clear_pass,,,pass,PASS,
cpython-3.11.14,3.11.14,False,True,2.4.6,4d5a9f3,voxel_grid,bins=5;bin_us=12500,1280,720,1000000,16,clustered,kernel,median_call,59353197,57387986,59758575,5,7,35,16902.459,17655.500,17666.084,17666.084,31.48,clear_pass,,,pass,PASS,
cpython-3.11.14,3.11.14,False,True,2.4.6,4d5a9f3,voxel_grid,bins=5;bin_us=12500,1280,720,1000000,16,clustered,engine,sustained,42569880,40812988,43406106,5,10,50,23581.292,24874.542,26101.958,26101.958,31.48,clear_pass,,,pass,PASS,
cpython-3.11.14,3.11.14,False,True,2.4.6,4d5a9f3,voxel_grid,bins=15;bin_us=3571,346,260,10000,16,uniform,kernel,median_call,42803730,40254975,43142127,5,50,250,187.250,347.250,374.833,421.417,0.37,clear_pass,,,pass,PASS,
cpython-3.11.14,3.11.14,False,True,2.4.6,4d5a9f3,voxel_grid,bins=15;bin_us=3571,346,260,10000,16,uniform,engine,sustained,39870135,35197942,49877522,5,320,1600,164.500,431.625,1659.750,2007.958,0.37,clear_pass,,,pass,PASS,
cpython-3.11.14,3.11.14,False,True,2.4.6,4d5a9f3,voxel_grid,bins=15;bin_us=3571,346,260,10000,16,clustered,kernel,median_call,47709013,41731960,78125000,5,50,250,138.042,331.666,360.667,402.792,0.37,clear_pass,,,pass,PASS,
cpython-3.11.14,3.11.14,False,True,2.4.6,4d5a9f3,voxel_grid,bins=15;bin_us=3571,346,260,10000,16,clustered,engine,sustained,38087846,36265447,53139381,5,320,1600,157.250,400.959,1668.750,2265.375,0.37,clear_pass,,,pass,PASS,
cpython-3.11.14,3.11.14,False,True,2.4.6,4d5a9f3,voxel_grid,bins=15;bin_us=3571,346,260,100000,0,uniform,kernel,median_call,58303378,55912120,64938565,5,20,100,1727.042,1859.042,1946.000,1973.166,3.15,clear_pass,,,pass,PASS,
cpython-3.11.14,3.11.14,False,True,2.4.6,4d5a9f3,voxel_grid,bins=15;bin_us=3571,346,260,100000,0,uniform,engine,sustained,31445305,31204454,32938300,5,20,100,3102.875,3410.584,3605.375,3847.500,5.96,clear_pass,,,pass,PASS,
cpython-3.11.14,3.11.14,False,True,2.4.6,4d5a9f3,voxel_grid,bins=15;bin_us=3571,346,260,100000,0,clustered,kernel,median_call,64691757,62251170,67180779,5,20,100,1553.959,1621.542,1688.208,1789.125,3.15,clear_pass,,,pass,PASS,
cpython-3.11.14,3.11.14,False,True,2.4.6,4d5a9f3,voxel_grid,bins=15;bin_us=3571,346,260,100000,0,clustered,engine,sustained,33657544,32984045,35867497,5,20,100,2917.583,3160.583,3425.584,3522.959,5.96,clear_pass,,,pass,PASS,
cpython-3.11.14,3.11.14,False,True,2.4.6,4d5a9f3,voxel_grid,bins=15;bin_us=3571,346,260,100000,16,uniform,kernel,median_call,58202966,56716817,60186578,5,20,100,1711.500,1789.542,1871.958,1885.083,3.15,clear_pass,,,pass,PASS,
cpython-3.11.14,3.11.14,False,True,2.4.6,4d5a9f3,voxel_grid,bins=15;bin_us=3571,346,260,100000,16,uniform,engine,sustained,49407546,47578571,50162532,5,40,200,1701.709,2978.500,3215.958,3411.750,3.15,clear_pass,,,pass,PASS,
cpython-3.11.14,3.11.14,False,True,2.4.6,4d5a9f3,voxel_grid,bins=15;bin_us=3571,346,260,100000,16,clustered,kernel,median_call,63200299,61836533,64452903,5,20,100,1586.083,1717.958,1765.500,1768.583,3.15,clear_pass,,,pass,PASS,
cpython-3.11.14,3.11.14,False,True,2.4.6,4d5a9f3,voxel_grid,bins=15;bin_us=3571,346,260,100000,16,clustered,engine,sustained,51975921,48751878,53684969,5,40,200,1579.333,3039.625,3128.750,3331.333,3.15,clear_pass,,,pass,PASS,
cpython-3.11.14,3.11.14,False,True,2.4.6,4d5a9f3,voxel_grid,bins=15;bin_us=3571,346,260,1000000,0,uniform,kernel,median_call,58760590,56390711,60484940,5,7,35,17018.209,17842.417,17930.042,17930.042,31.48,clear_pass,,,pass,PASS,
cpython-3.11.14,3.11.14,False,True,2.4.6,4d5a9f3,voxel_grid,bins=15;bin_us=3571,346,260,1000000,0,uniform,engine,sustained,49090626,48272727,50569813,5,7,35,20082.375,21324.000,21456.333,21456.333,31.48,clear_pass,,,pass,PASS,
cpython-3.11.14,3.11.14,False,True,2.4.6,4d5a9f3,voxel_grid,bins=15;bin_us=3571,346,260,1000000,0,clustered,kernel,median_call,64103250,61914712,65374966,5,7,35,15664.584,16257.459,16437.792,16437.792,31.48,clear_pass,,,pass,PASS,
cpython-3.11.14,3.11.14,False,True,2.4.6,4d5a9f3,voxel_grid,bins=15;bin_us=3571,346,260,1000000,0,clustered,engine,sustained,53578502,53442084,55171308,5,7,35,18294.000,19569.125,19717.208,19717.208,31.48,clear_pass,,,pass,PASS,
cpython-3.11.14,3.11.14,False,True,2.4.6,4d5a9f3,voxel_grid,bins=15;bin_us=3571,346,260,1000000,16,uniform,kernel,median_call,58842567,56837287,59149285,5,7,35,17086.250,17652.167,18522.500,18522.500,31.48,clear_pass,,,pass,PASS,
cpython-3.11.14,3.11.14,False,True,2.4.6,4d5a9f3,voxel_grid,bins=15;bin_us=3571,346,260,1000000,16,uniform,engine,sustained,49179118,47199951,50777391,5,10,50,20076.334,21734.625,22286.959,22286.959,31.48,clear_pass,,,pass,PASS,
cpython-3.11.14,3.11.14,False,True,2.4.6,4d5a9f3,voxel_grid,bins=15;bin_us=3571,346,260,1000000,16,clustered,kernel,median_call,64354032,62639145,66146863,5,7,35,15591.292,16188.000,16490.042,16490.042,31.48,clear_pass,,,pass,PASS,
cpython-3.11.14,3.11.14,False,True,2.4.6,4d5a9f3,voxel_grid,bins=15;bin_us=3571,346,260,1000000,16,clustered,engine,sustained,53283117,53259184,54507919,5,10,50,18459.541,19375.666,19703.000,19703.000,31.48,clear_pass,,,pass,PASS,
cpython-3.11.14,3.11.14,False,True,2.4.6,4d5a9f3,voxel_grid,bins=15;bin_us=3571,640,480,10000,16,uniform,kernel,median_call,33677177,32137136,35054448,5,50,250,282.375,439.500,495.625,574.292,0.37,clear_pass,,,pass,PASS,
cpython-3.11.14,3.11.14,False,True,2.4.6,4d5a9f3,voxel_grid,bins=15;bin_us=3571,640,480,10000,16,uniform,engine,sustained,21792286,16378081,29401306,5,320,1600,311.292,692.500,4788.708,4980.375,0.37,borderline,29374221,20,pass,PASS,
cpython-3.11.14,3.11.14,False,True,2.4.6,4d5a9f3,voxel_grid,bins=15;bin_us=3571,640,480,10000,16,clustered,kernel,median_call,39018071,35751569,71524363,5,50,250,153.083,372.000,432.292,503.791,0.37,clear_pass,,,pass,PASS,
cpython-3.11.14,3.11.14,False,True,2.4.6,4d5a9f3,voxel_grid,bins=15;bin_us=3571,640,480,10000,16,clustered,engine,sustained,18960820,17245742,32314798,5,320,1600,390.250,661.667,4934.667,6536.542,0.37,borderline,28694821,20,pass,PASS,
cpython-3.11.14,3.11.14,False,True,2.4.6,4d5a9f3,voxel_grid,bins=15;bin_us=3571,640,480,100000,0,uniform,kernel,median_call,49137538,47760715,52893723,5,20,100,2017.833,2173.708,2233.583,2279.792,3.15,clear_pass,,,pass,NOT MET,
cpython-3.11.14,3.11.14,False,True,2.4.6,4d5a9f3,voxel_grid,bins=15;bin_us=3571,640,480,100000,0,uniform,engine,sustained,13607186,12724248,14211830,5,20,100,7406.916,7964.208,8426.917,8721.625,20.05,clear_miss,,,miss,NOT MET,
cpython-3.11.14,3.11.14,False,True,2.4.6,4d5a9f3,voxel_grid,bins=15;bin_us=3571,640,480,100000,0,clustered,kernel,median_call,58246767,56814825,63705243,5,20,100,1714.250,1827.375,1928.042,1929.541,3.15,clear_pass,,,pass,NOT MET,
cpython-3.11.14,3.11.14,False,True,2.4.6,4d5a9f3,voxel_grid,bins=15;bin_us=3571,640,480,100000,0,clustered,engine,sustained,14684944,13359815,14963718,5,20,100,6772.875,7526.667,7549.000,8071.000,20.05,clear_miss,,,miss,NOT MET,
cpython-3.11.14,3.11.14,False,True,2.4.6,4d5a9f3,voxel_grid,bins=15;bin_us=3571,640,480,100000,16,uniform,kernel,median_call,47629912,46326237,49810099,5,20,100,2091.708,2225.583,2271.625,2311.584,3.15,clear_pass,,,pass,PASS,
cpython-3.11.14,3.11.14,False,True,2.4.6,4d5a9f3,voxel_grid,bins=15;bin_us=3571,640,480,100000,16,uniform,engine,sustained,30228519,27665029,31818645,5,40,200,2255.292,7308.708,7852.042,8531.042,3.15,clear_pass,,,pass,PASS,
cpython-3.11.14,3.11.14,False,True,2.4.6,4d5a9f3,voxel_grid,bins=15;bin_us=3571,640,480,100000,16,clustered,kernel,median_call,58641001,56418810,64594267,5,20,100,1711.125,1812.416,1833.125,1843.166,3.15,clear_pass,,,pass,PASS,
cpython-3.11.14,3.11.14,False,True,2.4.6,4d5a9f3,voxel_grid,bins=15;bin_us=3571,640,480,100000,16,clustered,engine,sustained,30094110,29681858,32398841,5,40,200,1906.708,7671.041,8264.792,8388.791,3.15,clear_pass,,,pass,PASS,
cpython-3.11.14,3.11.14,False,True,2.4.6,4d5a9f3,voxel_grid,bins=15;bin_us=3571,640,480,1000000,0,uniform,kernel,median_call,50305607,48305485,51871366,5,7,35,19850.167,20786.666,20954.542,20954.542,31.48,clear_pass,,,pass,PASS,
cpython-3.11.14,3.11.14,False,True,2.4.6,4d5a9f3,voxel_grid,bins=15;bin_us=3571,640,480,1000000,0,uniform,engine,sustained,37332661,36954257,37648999,5,7,35,26481.916,28253.708,28341.917,28341.917,31.48,clear_pass,,,pass,PASS,
cpython-3.11.14,3.11.14,False,True,2.4.6,4d5a9f3,voxel_grid,bins=15;bin_us=3571,640,480,1000000,0,clustered,kernel,median_call,59257503,56662039,59913874,5,7,35,16931.792,17850.167,17912.041,17912.041,31.48,clear_pass,,,pass,PASS,
cpython-3.11.14,3.11.14,False,True,2.4.6,4d5a9f3,voxel_grid,bins=15;bin_us=3571,640,480,1000000,0,clustered,engine,sustained,42660838,41605950,43429751,5,7,35,23441.167,24657.792,25509.792,25509.792,31.48,clear_pass,,,pass,PASS,
cpython-3.11.14,3.11.14,False,True,2.4.6,4d5a9f3,voxel_grid,bins=15;bin_us=3571,640,480,1000000,16,uniform,kernel,median_call,50320689,49090597,52013689,5,7,35,19872.542,20544.916,20834.959,20834.959,31.48,clear_pass,,,pass,PASS,
cpython-3.11.14,3.11.14,False,True,2.4.6,4d5a9f3,voxel_grid,bins=15;bin_us=3571,640,480,1000000,16,uniform,engine,sustained,37287827,36482603,38277127,5,10,50,26361.500,28397.791,28877.458,28877.458,31.48,clear_pass,,,pass,PASS,
cpython-3.11.14,3.11.14,False,True,2.4.6,4d5a9f3,voxel_grid,bins=15;bin_us=3571,640,480,1000000,16,clustered,kernel,median_call,59096999,56633159,59963571,5,7,35,16955.584,17769.834,18117.834,18117.834,31.48,clear_pass,,,pass,PASS,
cpython-3.11.14,3.11.14,False,True,2.4.6,4d5a9f3,voxel_grid,bins=15;bin_us=3571,640,480,1000000,16,clustered,engine,sustained,42130127,41383855,43022457,5,10,50,23732.458,24662.458,26225.833,26225.833,31.48,clear_pass,,,pass,PASS,
cpython-3.11.14,3.11.14,False,True,2.4.6,4d5a9f3,voxel_grid,bins=15;bin_us=3571,1280,720,10000,16,uniform,kernel,median_call,28127773,27001157,57047832,5,50,250,212.917,1091.167,1174.291,1232.375,0.37,clear_pass,,,pass,NOT MET,
cpython-3.11.14,3.11.14,False,True,2.4.6,4d5a9f3,voxel_grid,bins=15;bin_us=3571,1280,720,10000,16,uniform,engine,sustained,12000161,10410280,13177831,5,320,1600,413.041,1107.375,14203.750,15266.042,0.37,clear_miss,,,miss,NOT MET,
cpython-3.11.14,3.11.14,False,True,2.4.6,4d5a9f3,voxel_grid,bins=15;bin_us=3571,1280,720,10000,16,clustered,kernel,median_call,30834458,29723203,72948240,5,50,250,183.583,946.542,1120.333,1138.209,0.37,clear_pass,,,pass,NOT MET,
cpython-3.11.14,3.11.14,False,True,2.4.6,4d5a9f3,voxel_grid,bins=15;bin_us=3571,1280,720,10000,16,clustered,engine,sustained,11938439,11058871,12524176,5,320,1600,398.125,1051.875,13797.458,16696.500,0.37,clear_miss,,,miss,NOT MET,
cpython-3.11.14,3.11.14,False,True,2.4.6,4d5a9f3,voxel_grid,bins=15;bin_us=3571,1280,720,100000,0,uniform,kernel,median_call,35262485,34616300,36009266,5,20,100,2852.125,4004.042,4162.209,4204.541,3.15,clear_pass,,,pass,NOT MET,
cpython-3.11.14,3.11.14,False,True,2.4.6,4d5a9f3,voxel_grid,bins=15;bin_us=3571,1280,720,100000,0,uniform,engine,sustained,5948546,5785246,6038019,5,20,100,16654.625,18357.416,20804.291,20905.291,59.89,clear_miss,,,miss,NOT MET,
cpython-3.11.14,3.11.14,False,True,2.4.6,4d5a9f3,voxel_grid,bins=15;bin_us=3571,1280,720,100000,0,clustered,kernel,median_call,45715163,45121263,46887370,5,20,100,2176.000,3217.542,3250.042,3251.625,3.15,clear_pass,,,pass,NOT MET,
cpython-3.11.14,3.11.14,False,True,2.4.6,4d5a9f3,voxel_grid,bins=15;bin_us=3571,1280,720,100000,0,clustered,engine,sustained,6218801,5998130,6303291,5,20,100,15942.375,17311.792,19657.833,20580.583,59.89,clear_miss,,,miss,NOT MET,
cpython-3.11.14,3.11.14,False,True,2.4.6,4d5a9f3,voxel_grid,bins=15;bin_us=3571,1280,720,100000,16,uniform,kernel,median_call,36013318,35674470,37479798,5,20,100,2765.583,3860.459,3902.833,3919.500,3.15,clear_pass,,,pass,NOT MET,
cpython-3.11.14,3.11.14,False,True,2.4.6,4d5a9f3,voxel_grid,bins=15;bin_us=3571,1280,720,100000,16,uniform,engine,sustained,15324560,15184047,16154885,5,40,200,3078.000,16836.000,19578.000,20414.584,3.15,clear_miss,,,miss,NOT MET,
cpython-3.11.14,3.11.14,False,True,2.4.6,4d5a9f3,voxel_grid,bins=15;bin_us=3571,1280,720,100000,16,clustered,kernel,median_call,46015358,43935930,46311026,5,20,100,2210.834,3293.875,3386.750,3390.458,3.15,clear_pass,,,pass,NOT MET,
cpython-3.11.14,3.11.14,False,True,2.4.6,4d5a9f3,voxel_grid,bins=15;bin_us=3571,1280,720,100000,16,clustered,engine,sustained,17410633,16654104,18273104,5,40,200,2448.625,15712.000,18933.958,19923.084,3.15,clear_miss,,,miss,NOT MET,
cpython-3.11.14,3.11.14,False,True,2.4.6,4d5a9f3,voxel_grid,bins=15;bin_us=3571,1280,720,1000000,0,uniform,kernel,median_call,39756887,38305860,40519118,5,7,35,25152.875,26867.042,28678.958,28678.958,31.48,clear_pass,,,pass,PASS,
cpython-3.11.14,3.11.14,False,True,2.4.6,4d5a9f3,voxel_grid,bins=15;bin_us=3571,1280,720,1000000,0,uniform,engine,sustained,23734020,23211409,24196604,5,7,35,41761.667,44436.167,44869.125,44869.125,59.89,clear_pass,,,pass,PASS,
cpython-3.11.14,3.11.14,False,True,2.4.6,4d5a9f3,voxel_grid,bins=15;bin_us=3571,1280,720,1000000,0,clustered,kernel,median_call,50638144,48538487,51268028,5,7,35,19929.584,25224.084,26003.250,26003.250,31.48,clear_pass,,,pass,PASS,
cpython-3.11.14,3.11.14,False,True,2.4.6,4d5a9f3,voxel_grid,bins=15;bin_us=3571,1280,720,1000000,0,clustered,engine,sustained,27399932,26457651,27779528,5,7,35,35996.083,42066.500,42883.333,42883.333,59.89,clear_pass,,,pass,PASS,
cpython-3.11.14,3.11.14,False,True,2.4.6,4d5a9f3,voxel_grid,bins=15;bin_us=3571,1280,720,1000000,16,uniform,kernel,median_call,39726220,39101002,40260891,5,7,35,25181.250,27573.667,27903.417,27903.417,31.48,clear_pass,,,pass,PASS,
cpython-3.11.14,3.11.14,False,True,2.4.6,4d5a9f3,voxel_grid,bins=15;bin_us=3571,1280,720,1000000,16,uniform,engine,sustained,23610117,22879052,24422758,5,10,50,41763.375,44788.125,45727.667,45727.667,59.89,clear_pass,,,pass,PASS,
cpython-3.11.14,3.11.14,False,True,2.4.6,4d5a9f3,voxel_grid,bins=15;bin_us=3571,1280,720,1000000,16,clustered,kernel,median_call,50367474,46679076,51346672,5,7,35,20231.209,25520.000,26865.875,26865.875,31.48,clear_pass,,,pass,PASS,
cpython-3.11.14,3.11.14,False,True,2.4.6,4d5a9f3,voxel_grid,bins=15;bin_us=3571,1280,720,1000000,16,clustered,engine,sustained,27145790,26621440,27669581,5,10,50,37159.667,41983.125,43955.250,43955.250,59.89,clear_pass,,,pass,PASS,
cpython-3.14.2t-gil-disabled,3.14.2,True,False,2.4.6,4d5a9f3,stacked_histogram,bins=5;bin_us=10000,346,260,10000,16,uniform,kernel,median_call,176731527,173599056,177251538,5,50,250,56.666,95.125,108.958,116.250,0.30,clear_pass,,,pass,PASS,
cpython-3.14.2t-gil-disabled,3.14.2,True,False,2.4.6,4d5a9f3,stacked_histogram,bins=5;bin_us=10000,346,260,10000,16,uniform,engine,sustained,108958017,107456937,123840543,5,320,1600,87.459,102.708,250.958,349.958,0.30,clear_pass,,,pass,PASS,
cpython-3.14.2t-gil-disabled,3.14.2,True,False,2.4.6,4d5a9f3,stacked_histogram,bins=5;bin_us=10000,346,260,10000,16,clustered,kernel,median_call,183908046,78856580,188014101,5,50,250,55.417,176.667,185.625,362.667,0.30,clear_pass,,,pass,PASS,
cpython-3.14.2t-gil-disabled,3.14.2,True,False,2.4.6,4d5a9f3,stacked_histogram,bins=5;bin_us=10000,346,260,10000,16,clustered,engine,sustained,110193308,88239663,112645955,5,320,1600,85.333,180.084,277.791,458.416,0.30,clear_pass,,,pass,PASS,
cpython-3.14.2t-gil-disabled,3.14.2,True,False,2.4.6,4d5a9f3,stacked_histogram,bins=5;bin_us=10000,346,260,100000,0,uniform,kernel,median_call,169377985,137942926,175291290,5,20,100,598.417,752.834,915.333,939.833,2.45,clear_pass,,,pass,PASS,
cpython-3.14.2t-gil-disabled,3.14.2,True,False,2.4.6,4d5a9f3,stacked_histogram,bins=5;bin_us=10000,346,260,100000,0,uniform,engine,sustained,115877655,107852073,138749176,5,20,100,866.417,1004.667,1096.500,1173.208,3.43,clear_pass,,,pass,PASS,
cpython-3.14.2t-gil-disabled,3.14.2,True,False,2.4.6,4d5a9f3,stacked_histogram,bins=5;bin_us=10000,346,260,100000,0,clustered,kernel,median_call,153423296,145834670,189918373,5,20,100,624.750,709.334,730.958,841.959,2.45,clear_pass,,,pass,PASS,
cpython-3.14.2t-gil-disabled,3.14.2,True,False,2.4.6,4d5a9f3,stacked_histogram,bins=5;bin_us=10000,346,260,100000,0,clustered,engine,sustained,112588054,109962353,122075267,5,20,100,854.375,991.542,1226.334,1247.667,3.43,clear_pass,,,pass,PASS,
cpython-3.14.2t-gil-disabled,3.14.2,True,False,2.4.6,4d5a9f3,stacked_histogram,bins=5;bin_us=10000,346,260,100000,16,uniform,kernel,median_call,169689257,138868734,181474535,5,20,100,585.875,735.708,770.875,772.167,2.45,clear_pass,,,pass,PASS,
cpython-3.14.2t-gil-disabled,3.14.2,True,False,2.4.6,4d5a9f3,stacked_histogram,bins=5;bin_us=10000,346,260,100000,16,uniform,engine,sustained,124123706,119417098,124823663,5,40,200,792.375,985.500,1034.417,1090.959,2.45,clear_pass,,,pass,PASS,
cpython-3.14.2t-gil-disabled,3.14.2,True,False,2.4.6,4d5a9f3,stacked_histogram,bins=5;bin_us=10000,346,260,100000,16,clustered,kernel,median_call,163839346,153393760,175304043,5,20,100,610.958,687.833,745.959,759.458,2.45,clear_pass,,,pass,PASS,
cpython-3.14.2t-gil-disabled,3.14.2,True,False,2.4.6,4d5a9f3,stacked_histogram,bins=5;bin_us=10000,346,260,100000,16,clustered,engine,sustained,124039496,122430550,128979905,5,40,200,776.000,988.291,1052.750,1064.125,2.45,clear_pass,,,pass,PASS,
cpython-3.14.2t-gil-disabled,3.14.2,True,False,2.4.6,4d5a9f3,stacked_histogram,bins=5;bin_us=10000,346,260,1000000,0,uniform,kernel,median_call,140620612,139009557,140817799,5,7,35,7123.917,7395.417,7507.375,7507.375,23.91,clear_pass,,,pass,PASS,
cpython-3.14.2t-gil-disabled,3.14.2,True,False,2.4.6,4d5a9f3,stacked_histogram,bins=5;bin_us=10000,346,260,1000000,0,uniform,engine,sustained,115667586,111781357,117882412,5,7,35,8595.083,9307.166,9308.083,9308.083,23.91,clear_pass,,,pass,PASS,
cpython-3.14.2t-gil-disabled,3.14.2,True,False,2.4.6,4d5a9f3,stacked_histogram,bins=5;bin_us=10000,346,260,1000000,0,clustered,kernel,median_call,148783708,142770461,151974737,5,7,35,6738.667,7751.916,8249.542,8249.542,23.91,clear_pass,,,pass,PASS,
cpython-3.14.2t-gil-disabled,3.14.2,True,False,2.4.6,4d5a9f3,stacked_histogram,bins=5;bin_us=10000,346,260,1000000,0,clustered,engine,sustained,121005295,115567888,122803519,5,7,35,8330.167,8878.792,8922.375,8922.375,23.91,clear_pass,,,pass,PASS,
cpython-3.14.2t-gil-disabled,3.14.2,True,False,2.4.6,4d5a9f3,stacked_histogram,bins=5;bin_us=10000,346,260,1000000,16,uniform,kernel,median_call,141091822,135964241,143673000,5,7,35,7113.209,7632.125,7676.500,7676.500,23.91,clear_pass,,,pass,PASS,
cpython-3.14.2t-gil-disabled,3.14.2,True,False,2.4.6,4d5a9f3,stacked_histogram,bins=5;bin_us=10000,346,260,1000000,16,uniform,engine,sustained,115866577,113774378,116041758,5,10,50,8678.333,9027.583,9206.417,9206.417,23.91,clear_pass,,,pass,PASS,
cpython-3.14.2t-gil-disabled,3.14.2,True,False,2.4.6,4d5a9f3,stacked_histogram,bins=5;bin_us=10000,346,260,1000000,16,clustered,kernel,median_call,148949918,147293475,152097038,5,7,35,6719.500,6924.000,7063.334,7063.334,23.91,clear_pass,,,pass,PASS,
cpython-3.14.2t-gil-disabled,3.14.2,True,False,2.4.6,4d5a9f3,stacked_histogram,bins=5;bin_us=10000,346,260,1000000,16,clustered,engine,sustained,120871057,114739593,122771756,5,10,50,8275.500,8754.166,9382.458,9382.458,23.91,clear_pass,,,pass,PASS,
cpython-3.14.2t-gil-disabled,3.14.2,True,False,2.4.6,4d5a9f3,stacked_histogram,bins=5;bin_us=10000,640,480,10000,16,uniform,kernel,median_call,71290573,44759351,79430641,5,50,250,126.084,233.958,292.917,374.875,0.30,clear_pass,,,pass,PASS,
cpython-3.14.2t-gil-disabled,3.14.2,True,False,2.4.6,4d5a9f3,stacked_histogram,bins=5;bin_us=10000,640,480,10000,16,uniform,engine,sustained,59004761,37276686,64668711,5,320,1600,148.042,259.750,808.583,1303.917,0.30,clear_pass,,,pass,PASS,
cpython-3.14.2t-gil-disabled,3.14.2,True,False,2.4.6,4d5a9f3,stacked_histogram,bins=5;bin_us=10000,640,480,10000,16,clustered,kernel,median_call,84358642,74824536,142474497,5,50,250,70.583,166.083,201.500,233.250,0.30,clear_pass,,,pass,PASS,
cpython-3.14.2t-gil-disabled,3.14.2,True,False,2.4.6,4d5a9f3,stacked_histogram,bins=5;bin_us=10000,640,480,10000,16,clustered,engine,sustained,39209520,36568191,115444259,5,320,1600,241.042,283.625,530.291,1255.125,0.30,clear_pass,,,pass,PASS,
cpython-3.14.2t-gil-disabled,3.14.2,True,False,2.4.6,4d5a9f3,stacked_histogram,bins=5;bin_us=10000,640,480,100000,0,uniform,kernel,median_call,144752784,134168217,162965981,5,20,100,685.958,771.625,790.625,900.917,2.45,clear_pass,,,pass,PASS,
cpython-3.14.2t-gil-disabled,3.14.2,True,False,2.4.6,4d5a9f3,stacked_histogram,bins=5;bin_us=10000,640,480,100000,0,uniform,engine,sustained,68814735,66355162,73666526,5,20,100,1416.375,1610.459,2044.375,2078.792,11.72,clear_pass,,,pass,PASS,
cpython-3.14.2t-gil-disabled,3.14.2,True,False,2.4.6,4d5a9f3,stacked_histogram,bins=5;bin_us=10000,640,480,100000,0,clustered,kernel,median_call,147510683,141039646,177252637,5,20,100,625.792,749.208,787.750,790.833,2.45,clear_pass,,,pass,PASS,
cpython-3.14.2t-gil-disabled,3.14.2,True,False,2.4.6,4d5a9f3,stacked_histogram,bins=5;bin_us=10000,640,480,100000,0,clustered,engine,sustained,68990006,66466980,75203989,5,20,100,1415.166,1671.083,2040.375,2043.250,11.72,clear_pass,,,pass,PASS,
cpython-3.14.2t-gil-disabled,3.14.2,True,False,2.4.6,4d5a9f3,stacked_histogram,bins=5;bin_us=10000,640,480,100000,16,uniform,kernel,median_call,132093155,121654501,160315244,5,20,100,713.125,840.625,906.417,939.333,2.45,clear_pass,,,pass,PASS,
cpython-3.14.2t-gil-disabled,3.14.2,True,False,2.4.6,4d5a9f3,stacked_histogram,bins=5;bin_us=10000,640,480,100000,16,uniform,engine,sustained,92403653,89122255,112837910,5,40,200,915.791,1622.750,1985.167,2039.208,2.45,clear_pass,,,pass,PASS,
cpython-3.14.2t-gil-disabled,3.14.2,True,False,2.4.6,4d5a9f3,stacked_histogram,bins=5;bin_us=10000,640,480,100000,16,clustered,kernel,median_call,143919267,138872880,177929136,5,20,100,684.833,742.667,836.459,836.750,2.45,clear_pass,,,pass,PASS,
cpython-3.14.2t-gil-disabled,3.14.2,True,False,2.4.6,4d5a9f3,stacked_histogram,bins=5;bin_us=10000,640,480,100000,16,clustered,engine,sustained,95339775,94375969,111892685,5,40,200,879.458,1547.250,1961.792,1974.167,2.45,clear_pass,,,pass,PASS,
cpython-3.14.2t-gil-disabled,3.14.2,True,False,2.4.6,4d5a9f3,stacked_histogram,bins=5;bin_us=10000,640,480,1000000,0,uniform,kernel,median_call,130538351,126208175,131372244,5,7,35,7708.000,8052.542,8107.250,8107.250,23.91,clear_pass,,,pass,PASS,
cpython-3.14.2t-gil-disabled,3.14.2,True,False,2.4.6,4d5a9f3,stacked_histogram,bins=5;bin_us=10000,640,480,1000000,0,uniform,engine,sustained,105843305,103296890,107900779,5,7,35,9396.750,10226.167,10235.291,10235.291,23.91,clear_pass,,,pass,PASS,
cpython-3.14.2t-gil-disabled,3.14.2,True,False,2.4.6,4d5a9f3,stacked_histogram,bins=5;bin_us=10000,640,480,1000000,0,clustered,kernel,median_call,141381903,140474100,143115261,5,7,35,7073.041,7434.500,7447.875,7447.875,23.91,clear_pass,,,pass,PASS,
cpython-3.14.2t-gil-disabled,3.14.2,True,False,2.4.6,4d5a9f3,stacked_histogram,bins=5;bin_us=10000,640,480,1000000,0,clustered,engine,sustained,109568459,108863005,111302136,5,7,35,9052.583,9631.916,9643.209,9643.209,23.91,clear_pass,,,pass,PASS,
cpython-3.14.2t-gil-disabled,3.14.2,True,False,2.4.6,4d5a9f3,stacked_histogram,bins=5;bin_us=10000,640,480,1000000,16,uniform,kernel,median_call,129849759,128584287,131381598,5,7,35,7694.834,7920.125,8017.208,8017.208,23.91,clear_pass,,,pass,PASS,
cpython-3.14.2t-gil-disabled,3.14.2,True,False,2.4.6,4d5a9f3,stacked_histogram,bins=5;bin_us=10000,640,480,1000000,16,uniform,engine,sustained,102749533,100590299,104354948,5,10,50,9694.250,10299.084,10499.041,10499.041,23.91,clear_pass,,,pass,PASS,
cpython-3.14.2t-gil-disabled,3.14.2,True,False,2.4.6,4d5a9f3,stacked_histogram,bins=5;bin_us=10000,640,480,1000000,16,clustered,kernel,median_call,142007633,139944948,142789991,5,7,35,7041.875,7366.500,7372.083,7372.083,23.91,clear_pass,,,pass,PASS,
cpython-3.14.2t-gil-disabled,3.14.2,True,False,2.4.6,4d5a9f3,stacked_histogram,bins=5;bin_us=10000,640,480,1000000,16,clustered,engine,sustained,109810266,108460019,112462431,5,10,50,9049.125,9600.125,9761.875,9761.875,23.91,clear_pass,,,pass,PASS,
cpython-3.14.2t-gil-disabled,3.14.2,True,False,2.4.6,4d5a9f3,stacked_histogram,bins=5;bin_us=10000,1280,720,10000,16,uniform,kernel,median_call,52298930,43537415,68876690,5,50,250,184.625,260.625,353.834,373.625,0.30,clear_pass,,,pass,PASS,
cpython-3.14.2t-gil-disabled,3.14.2,True,False,2.4.6,4d5a9f3,stacked_histogram,bins=5;bin_us=10000,1280,720,10000,16,uniform,engine,sustained,36322654,24115233,54916412,5,320,1600,212.333,369.542,2198.084,2730.541,0.30,clear_pass,,,pass,PASS,
cpython-3.14.2t-gil-disabled,3.14.2,True,False,2.4.6,4d5a9f3,stacked_histogram,bins=5;bin_us=10000,1280,720,10000,16,clustered,kernel,median_call,84506923,54970275,139332042,5,50,250,72.291,191.583,299.125,309.041,0.30,clear_pass,,,pass,PASS,
cpython-3.14.2t-gil-disabled,3.14.2,True,False,2.4.6,4d5a9f3,stacked_histogram,bins=5;bin_us=10000,1280,720,10000,16,clustered,engine,sustained,30930566,25706872,52887885,5,320,1600,260.667,377.083,2007.750,3376.542,0.30,clear_pass,,,pass,PASS,
cpython-3.14.2t-gil-disabled,3.14.2,True,False,2.4.6,4d5a9f3,stacked_histogram,bins=5;bin_us=10000,1280,720,100000,0,uniform,kernel,median_call,109339448,99142860,117287744,5,20,100,907.750,1109.834,1126.625,1194.042,2.45,clear_pass,,,pass,PASS,
cpython-3.14.2t-gil-disabled,3.14.2,True,False,2.4.6,4d5a9f3,stacked_histogram,bins=5;bin_us=10000,1280,720,100000,0,uniform,engine,sustained,34616600,34134547,36802534,5,20,100,2748.709,3083.708,4216.417,4344.916,35.16,clear_pass,,,pass,PASS,
cpython-3.14.2t-gil-disabled,3.14.2,True,False,2.4.6,4d5a9f3,stacked_histogram,bins=5;bin_us=10000,1280,720,100000,0,clustered,kernel,median_call,126452225,121793408,158966843,5,20,100,729.250,907.541,941.750,955.459,2.45,clear_pass,,,pass,PASS,
cpython-3.14.2t-gil-disabled,3.14.2,True,False,2.4.6,4d5a9f3,stacked_histogram,bins=5;bin_us=10000,1280,720,100000,0,clustered,engine,sustained,40120429,38223925,40904534,5,20,100,2460.084,2788.583,3888.208,4063.291,35.16,clear_pass,,,pass,PASS,
cpython-3.14.2t-gil-disabled,3.14.2,True,False,2.4.6,4d5a9f3,stacked_histogram,bins=5;bin_us=10000,1280,720,100000,16,uniform,kernel,median_call,118177188,96053821,121657535,5,20,100,905.666,1146.792,1160.250,1166.833,2.45,clear_pass,,,pass,PASS,
cpython-3.14.2t-gil-disabled,3.14.2,True,False,2.4.6,4d5a9f3,stacked_histogram,bins=5;bin_us=10000,1280,720,100000,16,uniform,engine,sustained,59613554,56900351,66378662,5,40,200,1176.250,3280.958,4408.958,4454.041,2.45,clear_pass,,,pass,PASS,
cpython-3.14.2t-gil-disabled,3.14.2,True,False,2.4.6,4d5a9f3,stacked_histogram,bins=5;bin_us=10000,1280,720,100000,16,clustered,kernel,median_call,134190723,125769711,158118266,5,20,100,719.667,870.750,890.333,905.917,2.45,clear_pass,,,pass,PASS,
cpython-3.14.2t-gil-disabled,3.14.2,True,False,2.4.6,4d5a9f3,stacked_histogram,bins=5;bin_us=10000,1280,720,100000,16,clustered,engine,sustained,70067109,68306501,73110604,5,40,200,963.000,2850.083,4048.292,4217.000,2.45,clear_pass,,,pass,PASS,
cpython-3.14.2t-gil-disabled,3.14.2,True,False,2.4.6,4d5a9f3,stacked_histogram,bins=5;bin_us=10000,1280,720,1000000,0,uniform,kernel,median_call,106937106,106311818,107565443,5,7,35,9351.291,9670.708,9711.333,9711.333,23.91,clear_pass,,,pass,PASS,
cpython-3.14.2t-gil-disabled,3.14.2,True,False,2.4.6,4d5a9f3,stacked_histogram,bins=5;bin_us=10000,1280,720,1000000,0,uniform,engine,sustained,76406285,73779216,78019858,5,7,35,12951.708,14187.791,14265.917,14265.917,35.16,clear_pass,,,pass,PASS,
cpython-3.14.2t-gil-disabled,3.14.2,True,False,2.4.6,4d5a9f3,stacked_histogram,bins=5;bin_us=10000,1280,720,1000000,0,clustered,kernel,median_call,130139840,122919329,131275235,5,7,35,7715.333,8198.583,8329.167,8329.167,23.91,clear_pass,,,pass,PASS,
cpython-3.14.2t-gil-disabled,3.14.2,True,False,2.4.6,4d5a9f3,stacked_histogram,bins=5;bin_us=10000,1280,720,1000000,0,clustered,engine,sustained,89767568,87104626,90853537,5,7,35,11025.042,12561.208,12596.625,12596.625,35.16,clear_pass,,,pass,PASS,
cpython-3.14.2t-gil-disabled,3.14.2,True,False,2.4.6,4d5a9f3,stacked_histogram,bins=5;bin_us=10000,1280,720,1000000,16,uniform,kernel,median_call,105988802,105621716,106772015,5,7,35,9424.708,9595.375,9776.000,9776.000,23.91,clear_pass,,,pass,PASS,
cpython-3.14.2t-gil-disabled,3.14.2,True,False,2.4.6,4d5a9f3,stacked_histogram,bins=5;bin_us=10000,1280,720,1000000,16,uniform,engine,sustained,76942781,76053555,77999242,5,10,50,12866.792,14080.917,14421.084,14421.084,35.16,clear_pass,,,pass,PASS,
cpython-3.14.2t-gil-disabled,3.14.2,True,False,2.4.6,4d5a9f3,stacked_histogram,bins=5;bin_us=10000,1280,720,1000000,16,clustered,kernel,median_call,130204095,129102373,131377991,5,7,35,7680.250,7917.125,7951.583,7951.583,23.91,clear_pass,,,pass,PASS,
cpython-3.14.2t-gil-disabled,3.14.2,True,False,2.4.6,4d5a9f3,stacked_histogram,bins=5;bin_us=10000,1280,720,1000000,16,clustered,engine,sustained,92011910,91496610,92763482,5,10,50,10813.292,11459.833,11692.750,11692.750,35.16,clear_pass,,,pass,PASS,
cpython-3.14.2t-gil-disabled,3.14.2,True,False,2.4.6,4d5a9f3,stacked_histogram,bins=15;bin_us=3333,346,260,10000,16,uniform,kernel,median_call,73338516,50874533,76226775,5,50,250,173.417,207.208,227.959,328.958,0.30,clear_pass,,,pass,PASS,
cpython-3.14.2t-gil-disabled,3.14.2,True,False,2.4.6,4d5a9f3,stacked_histogram,bins=15;bin_us=3333,346,260,10000,16,uniform,engine,sustained,38284305,34351056,92042836,5,320,1600,240.750,339.541,798.083,2573.291,0.30,clear_pass,,,pass,PASS,
cpython-3.14.2t-gil-disabled,3.14.2,True,False,2.4.6,4d5a9f3,stacked_histogram,bins=15;bin_us=3333,346,260,10000,16,clustered,kernel,median_call,72738117,51513200,156505544,5,50,250,68.333,203.292,224.833,288.416,0.30,clear_pass,,,pass,PASS,
cpython-3.14.2t-gil-disabled,3.14.2,True,False,2.4.6,4d5a9f3,stacked_histogram,bins=15;bin_us=3333,346,260,10000,16,clustered,engine,sustained,29128964,28838562,93741655,5,320,1600,321.417,342.083,855.875,1302.583,0.30,clear_pass,,,pass,PASS,
cpython-3.14.2t-gil-disabled,3.14.2,True,False,2.4.6,4d5a9f3,stacked_histogram,bins=15;bin_us=3333,346,260,100000,0,uniform,kernel,median_call,161176589,129600158,163526816,5,20,100,626.167,831.209,853.000,939.833,2.45,clear_pass,,,pass,PASS,
cpython-3.14.2t-gil-disabled,3.14.2,True,False,2.4.6,4d5a9f3,stacked_histogram,bins=15;bin_us=3333,346,260,100000,0,uniform,engine,sustained,68179009,65730558,76922340,5,20,100,1424.041,1662.000,2034.708,2167.666,10.30,clear_pass,,,pass,PASS,
cpython-3.14.2t-gil-disabled,3.14.2,True,False,2.4.6,4d5a9f3,stacked_histogram,bins=15;bin_us=3333,346,260,100000,0,clustered,kernel,median_call,143772770,140994008,170842776,5,20,100,691.083,763.958,860.250,864.375,2.45,clear_pass,,,pass,PASS,
cpython-3.14.2t-gil-disabled,3.14.2,True,False,2.4.6,4d5a9f3,stacked_histogram,bins=15;bin_us=3333,346,260,100000,0,clustered,engine,sustained,85795334,85227420,100080885,5,20,100,1125.459,1182.375,1911.000,1968.125,10.30,clear_pass,,,pass,PASS,
cpython-3.14.2t-gil-disabled,3.14.2,True,False,2.4.6,4d5a9f3,stacked_histogram,bins=15;bin_us=3333,346,260,100000,16,uniform,kernel,median_call,133533723,131835419,149700599,5,20,100,733.000,832.042,894.875,943.667,2.45,clear_pass,,,pass,PASS,
cpython-3.14.2t-gil-disabled,3.14.2,True,False,2.4.6,4d5a9f3,stacked_histogram,bins=15;bin_us=3333,346,260,100000,16,uniform,engine,sustained,92197320,87178341,112006115,5,40,200,954.958,1562.458,1876.042,2084.334,2.45,clear_pass,,,pass,PASS,
cpython-3.14.2t-gil-disabled,3.14.2,True,False,2.4.6,4d5a9f3,stacked_histogram,bins=15;bin_us=3333,346,260,100000,16,clustered,kernel,median_call,146609616,137095790,171907555,5,20,100,604.459,794.208,835.958,907.959,2.45,clear_pass,,,pass,PASS,
cpython-3.14.2t-gil-disabled,3.14.2,True,False,2.4.6,4d5a9f3,stacked_histogram,bins=15;bin_us=3333,346,260,100000,16,clustered,engine,sustained,97478856,95363639,114719192,5,40,200,888.292,1441.625,1804.916,1816.416,2.45,clear_pass,,,pass,PASS,
cpython-3.14.2t-gil-disabled,3.14.2,True,False,2.4.6,4d5a9f3,stacked_histogram,bins=15;bin_us=3333,346,260,1000000,0,uniform,kernel,median_call,133138809,132053872,133674203,5,7,35,7518.000,7753.750,7872.917,7872.917,23.91,clear_pass,,,pass,PASS,
cpython-3.14.2t-gil-disabled,3.14.2,True,False,2.4.6,4d5a9f3,stacked_histogram,bins=15;bin_us=3333,346,260,1000000,0,uniform,engine,sustained,108179323,106305092,110824594,5,7,35,9216.375,9988.042,10144.917,10144.917,23.91,clear_pass,,,pass,PASS,
cpython-3.14.2t-gil-disabled,3.14.2,True,False,2.4.6,4d5a9f3,stacked_histogram,bins=15;bin_us=3333,346,260,1000000,0,clustered,kernel,median_call,144364369,142269448,145842561,5,7,35,6937.125,7387.167,7730.750,7730.750,23.91,clear_pass,,,pass,PASS,
cpython-3.14.2t-gil-disabled,3.14.2,True,False,2.4.6,4d5a9f3,stacked_histogram,bins=15;bin_us=3333,346,260,1000000,0,clustered,engine,sustained,110084095,108900190,111134336,5,7,35,9013.041,9550.500,9732.792,9732.792,23.91,clear_pass,,,pass,PASS,
cpython-3.14.2t-gil-disabled,3.14.2,True,False,2.4.6,4d5a9f3,stacked_histogram,bins=15;bin_us=3333,346,260,1000000,16,uniform,kernel,median_call,131862330,128025253,132717665,5,7,35,7606.084,8075.458,8096.584,8096.584,23.91,clear_pass,,,pass,PASS,
cpython-3.14.2t-gil-disabled,3.14.2,True,False,2.4.6,4d5a9f3,stacked_histogram,bins=15;bin_us=3333,346,260,1000000,16,uniform,engine,sustained,103914052,101712456,104961898,5,10,50,9577.416,10203.792,10341.083,10341.083,23.91,clear_pass,,,pass,PASS,
cpython-3.14.2t-gil-disabled,3.14.2,True,False,2.4.6,4d5a9f3,stacked_histogram,bins=15;bin_us=3333,346,260,1000000,16,clustered,kernel,median_call,143602501,140800451,145834585,5,7,35,6963.667,7381.459,7638.459,7638.459,23.91,clear_pass,,,pass,PASS,
cpython-3.14.2t-gil-disabled,3.14.2,True,False,2.4.6,4d5a9f3,stacked_histogram,bins=15;bin_us=3333,346,260,1000000,16,clustered,engine,sustained,112785453,111450882,113800005,5,10,50,8798.000,9480.000,9718.708,9718.708,23.91,clear_pass,,,pass,PASS,
cpython-3.14.2t-gil-disabled,3.14.2,True,False,2.4.6,4d5a9f3,stacked_histogram,bins=15;bin_us=3333,640,480,10000,16,uniform,kernel,median_call,63391442,56022409,127084988,5,50,250,91.333,248.375,313.375,470.250,0.30,clear_pass,,,pass,PASS,
cpython-3.14.2t-gil-disabled,3.14.2,True,False,2.4.6,4d5a9f3,stacked_histogram,bins=15;bin_us=3333,640,480,10000,16,uniform,engine,sustained,41727808,24371824,60197434,5,320,1600,203.916,380.083,2157.000,3603.083,0.30,clear_pass,,,pass,PASS,
cpython-3.14.2t-gil-disabled,3.14.2,True,False,2.4.6,4d5a9f3,stacked_histogram,bins=15;bin_us=3333,640,480,10000,16,clustered,kernel,median_call,68104118,51463626,151658768,5,50,250,71.125,224.500,277.250,304.583,0.30,clear_pass,,,pass,PASS,
cpython-3.14.2t-gil-disabled,3.14.2,True,False,2.4.6,4d5a9f3,stacked_histogram,bins=15;bin_us=3333,640,480,10000,16,clustered,engine,sustained,32966343,29120128,62426080,5,320,1600,238.583,351.167,1934.875,3461.083,0.30,clear_pass,,,pass,PASS,
cpython-3.14.2t-gil-disabled,3.14.2,True,False,2.4.6,4d5a9f3,stacked_histogram,bins=15;bin_us=3333,640,480,100000,0,uniform,kernel,median_call,124107974,123029528,128027367,5,20,100,798.250,843.291,863.625,871.000,2.45,clear_pass,,,pass,PASS,
cpython-3.14.2t-gil-disabled,3.14.2,True,False,2.4.6,4d5a9f3,stacked_histogram,bins=15;bin_us=3333,640,480,100000,0,uniform,engine,sustained,34403153,34340364,37460433,5,20,100,2787.083,3176.834,4390.792,4641.250,35.16,clear_pass,,,pass,PASS,
cpython-3.14.2t-gil-disabled,3.14.2,True,False,2.4.6,4d5a9f3,stacked_histogram,bins=15;bin_us=3333,640,480,100000,0,clustered,kernel,median_call,131499615,123797539,163437549,5,20,100,705.542,876.375,937.500,954.667,2.45,clear_pass,,,pass,PASS,
cpython-3.14.2t-gil-disabled,3.14.2,True,False,2.4.6,4d5a9f3,stacked_histogram,bins=15;bin_us=3333,640,480,100000,0,clustered,engine,sustained,39111037,37571295,40438966,5,20,100,2494.917,2973.625,4120.208,4188.375,35.16,clear_pass,,,pass,PASS,
cpython-3.14.2t-gil-disabled,3.14.2,True,False,2.4.6,4d5a9f3,stacked_histogram,bins=15;bin_us=3333,640,480,100000,16,uniform,kernel,median_call,117250545,105302341,127747856,5,20,100,821.250,1011.500,1030.250,1074.834,2.45,clear_pass,,,pass,PASS,
cpython-3.14.2t-gil-disabled,3.14.2,True,False,2.4.6,4d5a9f3,stacked_histogram,bins=15;bin_us=3333,640,480,100000,16,uniform,engine,sustained,61455181,59026509,68580197,5,40,200,1141.042,3117.750,4171.208,4231.833,2.45,clear_pass,,,pass,PASS,
cpython-3.14.2t-gil-disabled,3.14.2,True,False,2.4.6,4d5a9f3,stacked_histogram,bins=15;bin_us=3333,640,480,100000,16,clustered,kernel,median_call,145883390,124188274,155003794,5,20,100,691.333,899.625,983.708,1031.167,2.45,clear_pass,,,pass,PASS,
cpython-3.14.2t-gil-disabled,3.14.2,True,False,2.4.6,4d5a9f3,stacked_histogram,bins=15;bin_us=3333,640,480,100000,16,clustered,engine,sustained,71115961,69387373,81373033,5,40,200,962.458,2766.458,3974.458,4037.792,2.45,clear_pass,,,pass,PASS,
cpython-3.14.2t-gil-disabled,3.14.2,True,False,2.4.6,4d5a9f3,stacked_histogram,bins=15;bin_us=3333,640,480,1000000,0,uniform,kernel,median_call,112155818,109665152,113253490,5,7,35,8969.041,9429.458,10531.875,10531.875,23.91,clear_pass,,,pass,PASS,
cpython-3.14.2t-gil-disabled,3.14.2,True,False,2.4.6,4d5a9f3,stacked_histogram,bins=15;bin_us=3333,640,480,1000000,0,uniform,engine,sustained,78341914,76812816,81142566,5,7,35,12620.458,13996.958,14173.125,14173.125,35.16,clear_pass,,,pass,PASS,
cpython-3.14.2t-gil-disabled,3.14.2,True,False,2.4.6,4d5a9f3,stacked_histogram,bins=15;bin_us=3333,640,480,1000000,0,clustered,kernel,median_call,131336286,130800889,132600354,5,7,35,7617.667,7982.583,8197.208,8197.208,23.91,clear_pass,,,pass,PASS,
cpython-3.14.2t-gil-disabled,3.14.2,True,False,2.4.6,4d5a9f3,stacked_histogram,bins=15;bin_us=3333,640,480,1000000,0,clustered,engine,sustained,88320738,87909557,89605924,5,7,35,11124.875,12535.250,12607.500,12607.500,35.16,clear_pass,,,pass,PASS,
cpython-3.14.2t-gil-disabled,3.14.2,True,False,2.4.6,4d5a9f3,stacked_histogram,bins=15;bin_us=3333,640,480,1000000,16,uniform,kernel,median_call,111886021,110749637,112520214,5,7,35,8946.666,9326.917,9369.875,9369.875,23.91,clear_pass,,,pass,PASS,
cpython-3.14.2t-gil-disabled,3.14.2,True,False,2.4.6,4d5a9f3,stacked_histogram,bins=15;bin_us=3333,640,480,1000000,16,uniform,engine,sustained,78446446,78236421,80140834,5,10,50,12538.875,13841.959,14272.417,14272.417,35.16,clear_pass,,,pass,PASS,
cpython-3.14.2t-gil-disabled,3.14.2,True,False,2.4.6,4d5a9f3,stacked_histogram,bins=15;bin_us=3333,640,480,1000000,16,clustered,kernel,median_call,132337870,125404288,133084182,5,7,35,7565.000,8102.125,8317.459,8317.459,23.91,clear_pass,,,pass,PASS,
cpython-3.14.2t-gil-disabled,3.14.2,True,False,2.4.6,4d5a9f3,stacked_histogram,bins=15;bin_us=3333,640,480,1000000,16,clustered,engine,sustained,89964836,88683014,90978738,5,10,50,11053.125,11614.542,11753.667,11753.667,35.16,clear_pass,,,pass,PASS,
cpython-3.14.2t-gil-disabled,3.14.2,True,False,2.4.6,4d5a9f3,stacked_histogram,bins=15;bin_us=3333,1280,720,10000,16,uniform,kernel,median_call,48284803,46861235,123871223,5,50,250,127.250,601.500,627.333,636.791,0.30,clear_pass,,,pass,NOT MET,
cpython-3.14.2t-gil-disabled,3.14.2,True,False,2.4.6,4d5a9f3,stacked_histogram,bins=15;bin_us=3333,1280,720,10000,16,uniform,engine,sustained,17470126,17289997,19973682,5,320,1600,350.208,685.250,6369.000,8215.333,0.30,clear_miss,,,miss,NOT MET,
cpython-3.14.2t-gil-disabled,3.14.2,True,False,2.4.6,4d5a9f3,stacked_histogram,bins=15;bin_us=3333,1280,720,10000,16,clustered,kernel,median_call,55185049,51216389,144839373,5,50,250,75.125,228.000,323.458,509.750,0.30,clear_pass,,,pass,PASS,
cpython-3.14.2t-gil-disabled,3.14.2,True,False,2.4.6,4d5a9f3,stacked_histogram,bins=15;bin_us=3333,1280,720,10000,16,clustered,engine,sustained,33688895,22050432,38107454,5,320,1600,181.167,373.125,5258.625,10672.417,0.30,clear_pass,,,pass,PASS,
cpython-3.14.2t-gil-disabled,3.14.2,True,False,2.4.6,4d5a9f3,stacked_histogram,bins=15;bin_us=3333,1280,720,100000,0,uniform,kernel,median_call,87520917,79615172,94521711,5,20,100,1141.666,1304.000,1414.416,1439.292,2.45,clear_pass,,,pass,NOT MET,
cpython-3.14.2t-gil-disabled,3.14.2,True,False,2.4.6,4d5a9f3,stacked_histogram,bins=15;bin_us=3333,1280,720,100000,0,uniform,engine,sustained,14533511,14338755,14953471,5,20,100,6613.542,7697.666,10556.459,10804.917,105.47,clear_miss,,,miss,NOT MET,
cpython-3.14.2t-gil-disabled,3.14.2,True,False,2.4.6,4d5a9f3,stacked_histogram,bins=15;bin_us=3333,1280,720,100000,0,clustered,kernel,median_call,109839777,105564127,128044416,5,20,100,877.291,1085.083,1110.875,1121.250,2.45,clear_pass,,,pass,NOT MET,
cpython-3.14.2t-gil-disabled,3.14.2,True,False,2.4.6,4d5a9f3,stacked_histogram,bins=15;bin_us=3333,1280,720,100000,0,clustered,engine,sustained,16076525,15775022,17023637,5,20,100,5958.083,7028.084,10450.542,10622.375,105.47,clear_miss,,,miss,NOT MET,
cpython-3.14.2t-gil-disabled,3.14.2,True,False,2.4.6,4d5a9f3,stacked_histogram,bins=15;bin_us=3333,1280,720,100000,16,uniform,kernel,median_call,91123064,79141317,95336473,5,20,100,1095.500,1293.250,1325.500,1328.375,2.45,clear_pass,,,pass,PASS,
cpython-3.14.2t-gil-disabled,3.14.2,True,False,2.4.6,4d5a9f3,stacked_histogram,bins=15;bin_us=3333,1280,720,100000,16,uniform,engine,sustained,33790954,33526811,35755828,5,40,200,1412.208,7416.750,10614.375,10682.709,2.45,clear_pass,,,pass,PASS,
cpython-3.14.2t-gil-disabled,3.14.2,True,False,2.4.6,4d5a9f3,stacked_histogram,bins=15;bin_us=3333,1280,720,100000,16,clustered,kernel,median_call,117976700,107531738,128600162,5,20,100,853.042,1019.667,1047.958,1055.625,2.45,clear_pass,,,pass,PASS,
cpython-3.14.2t-gil-disabled,3.14.2,True,False,2.4.6,4d5a9f3,stacked_histogram,bins=15;bin_us=3333,1280,720,100000,16,clustered,engine,sustained,39626456,39183914,43101222,5,40,200,1185.459,6348.500,10082.417,10102.042,2.45,clear_pass,,,pass,PASS,
cpython-3.14.2t-gil-disabled,3.14.2,True,False,2.4.6,4d5a9f3,stacked_histogram,bins=15;bin_us=3333,1280,720,1000000,0,uniform,kernel,median_call,85751041,85230900,86240039,5,7,35,11674.167,12430.125,12743.875,12743.875,23.91,clear_pass,,,pass,PASS,
cpython-3.14.2t-gil-disabled,3.14.2,True,False,2.4.6,4d5a9f3,stacked_histogram,bins=15;bin_us=3333,1280,720,1000000,0,uniform,engine,sustained,49900036,48869315,50421954,5,7,35,19711.750,22791.000,23218.500,23218.500,105.47,clear_pass,,,pass,PASS,
cpython-3.14.2t-gil-disabled,3.14.2,True,False,2.4.6,4d5a9f3,stacked_histogram,bins=15;bin_us=3333,1280,720,1000000,0,clustered,kernel,median_call,111017573,106677579,112012388,5,7,35,9009.708,9470.167,9538.250,9538.250,23.91,clear_pass,,,pass,PASS,
cpython-3.14.2t-gil-disabled,3.14.2,True,False,2.4.6,4d5a9f3,stacked_histogram,bins=15;bin_us=3333,1280,720,1000000,0,clustered,engine,sustained,60725979,60181426,61279114,5,7,35,15899.167,19979.458,20100.042,20100.042,105.47,clear_pass,,,pass,PASS,
cpython-3.14.2t-gil-disabled,3.14.2,True,False,2.4.6,4d5a9f3,stacked_histogram,bins=15;bin_us=3333,1280,720,1000000,16,uniform,kernel,median_call,85475565,82674241,86156146,5,7,35,11733.583,12177.917,12283.292,12283.292,23.91,clear_pass,,,pass,PASS,
cpython-3.14.2t-gil-disabled,3.14.2,True,False,2.4.6,4d5a9f3,stacked_histogram,bins=15;bin_us=3333,1280,720,1000000,16,uniform,engine,sustained,50304035,50140006,51128055,5,10,50,19414.250,22528.917,22952.208,22952.208,105.47,clear_pass,,,pass,PASS,
cpython-3.14.2t-gil-disabled,3.14.2,True,False,2.4.6,4d5a9f3,stacked_histogram,bins=15;bin_us=3333,1280,720,1000000,16,clustered,kernel,median_call,111148160,109869476,111890716,5,7,35,8989.833,9324.500,9591.041,9591.041,23.91,clear_pass,,,pass,PASS,
cpython-3.14.2t-gil-disabled,3.14.2,True,False,2.4.6,4d5a9f3,stacked_histogram,bins=15;bin_us=3333,1280,720,1000000,16,clustered,engine,sustained,62025922,59791433,62651685,5,10,50,16087.458,17262.584,17424.541,17424.541,105.47,clear_pass,,,pass,PASS,
cpython-3.14.2t-gil-disabled,3.14.2,True,False,2.4.6,4d5a9f3,stacked_histogram,bins=10;bin_us=5000,346,260,10000,16,uniform,kernel,median_call,75211721,53458069,149999250,5,50,250,68.333,206.125,280.459,333.208,0.30,clear_pass,,,pass,PASS,
cpython-3.14.2t-gil-disabled,3.14.2,True,False,2.4.6,4d5a9f3,stacked_histogram,bins=10;bin_us=5000,346,260,10000,16,uniform,engine,sustained,76189125,64939934,95707151,5,320,1600,97.000,248.125,518.541,800.083,0.30,clear_pass,,,pass,PASS,
cpython-3.14.2t-gil-disabled,3.14.2,True,False,2.4.6,4d5a9f3,stacked_histogram,bins=10;bin_us=5000,346,260,10000,16,clustered,kernel,median_call,76996816,54066182,156505544,5,50,250,64.125,209.000,226.958,371.208,0.30,clear_pass,,,pass,PASS,
cpython-3.14.2t-gil-disabled,3.14.2,True,False,2.4.6,4d5a9f3,stacked_histogram,bins=10;bin_us=5000,346,260,10000,16,clustered,engine,sustained,73911670,62047357,111116104,5,320,1600,91.833,287.917,566.833,835.084,0.30,clear_pass,,,pass,PASS,
cpython-3.14.2t-gil-disabled,3.14.2,True,False,2.4.6,4d5a9f3,stacked_histogram,bins=10;bin_us=5000,346,260,100000,0,uniform,kernel,median_call,158201690,135954167,181022669,5,20,100,583.459,777.041,798.916,916.917,2.45,clear_pass,,,pass,PASS,
cpython-3.14.2t-gil-disabled,3.14.2,True,False,2.4.6,4d5a9f3,stacked_histogram,bins=10;bin_us=5000,346,260,100000,0,uniform,engine,sustained,86297252,82253469,93115462,5,20,100,1117.125,1387.584,1537.750,1709.500,6.86,clear_pass,,,pass,PASS,
cpython-3.14.2t-gil-disabled,3.14.2,True,False,2.4.6,4d5a9f3,stacked_histogram,bins=10;bin_us=5000,346,260,100000,0,clustered,kernel,median_call,142016103,137760876,152628064,5,20,100,698.584,799.042,898.167,972.334,2.45,clear_pass,,,pass,PASS,
cpython-3.14.2t-gil-disabled,3.14.2,True,False,2.4.6,4d5a9f3,stacked_histogram,bins=10;bin_us=5000,346,260,100000,0,clustered,engine,sustained,90292455,85363075,91698776,5,20,100,1101.208,1362.792,1606.000,1809.375,6.86,clear_pass,,,pass,PASS,
cpython-3.14.2t-gil-disabled,3.14.2,True,False,2.4.6,4d5a9f3,stacked_histogram,bins=10;bin_us=5000,346,260,100000,16,uniform,kernel,median_call,144148404,136410109,167329011,5,20,100,633.792,772.458,816.625,980.333,2.45,clear_pass,,,pass,PASS,
cpython-3.14.2t-gil-disabled,3.14.2,True,False,2.4.6,4d5a9f3,stacked_histogram,bins=10;bin_us=5000,346,260,100000,16,uniform,engine,sustained,110883185,108532703,130244002,5,40,200,805.291,1243.250,1301.375,1491.583,2.45,clear_pass,,,pass,PASS,
cpython-3.14.2t-gil-disabled,3.14.2,True,False,2.4.6,4d5a9f3,stacked_histogram,bins=10;bin_us=5000,346,260,100000,16,clustered,kernel,median_call,145525032,142243262,165974966,5,20,100,683.541,751.333,881.875,897.291,2.45,clear_pass,,,pass,PASS,
cpython-3.14.2t-gil-disabled,3.14.2,True,False,2.4.6,4d5a9f3,stacked_histogram,bins=10;bin_us=5000,346,260,100000,16,clustered,engine,sustained,117179193,116361372,123151765,5,40,200,805.250,1159.917,1296.458,1344.459,2.45,clear_pass,,,pass,PASS,
cpython-3.14.2t-gil-disabled,3.14.2,True,False,2.4.6,4d5a9f3,stacked_histogram,bins=10;bin_us=5000,346,260,1000000,0,uniform,kernel,median_call,136592578,134578182,137439721,5,7,35,7355.500,7716.209,7894.541,7894.541,23.91,clear_pass,,,pass,PASS,
cpython-3.14.2t-gil-disabled,3.14.2,True,False,2.4.6,4d5a9f3,stacked_histogram,bins=10;bin_us=5000,346,260,1000000,0,uniform,engine,sustained,110270300,108503510,111028207,5,7,35,9051.459,9495.917,9690.417,9690.417,23.91,clear_pass,,,pass,PASS,
cpython-3.14.2t-gil-disabled,3.14.2,True,False,2.4.6,4d5a9f3,stacked_histogram,bins=10;bin_us=5000,346,260,1000000,0,clustered,kernel,median_call,146217535,143889198,149258387,5,7,35,6822.208,7236.708,7554.291,7554.291,23.91,clear_pass,,,pass,PASS,
cpython-3.14.2t-gil-disabled,3.14.2,True,False,2.4.6,4d5a9f3,stacked_histogram,bins=10;bin_us=5000,346,260,1000000,0,clustered,engine,sustained,111961186,111042959,115527517,5,7,35,8848.625,9359.334,9371.667,9371.667,23.91,clear_pass,,,pass,PASS,
cpython-3.14.2t-gil-disabled,3.14.2,True,False,2.4.6,4d5a9f3,stacked_histogram,bins=10;bin_us=5000,346,260,1000000,16,uniform,kernel,median_call,136249824,135641500,137884287,5,7,35,7330.292,7557.000,7571.625,7571.625,23.91,clear_pass,,,pass,PASS,
cpython-3.14.2t-gil-disabled,3.14.2,True,False,2.4.6,4d5a9f3,stacked_histogram,bins=10;bin_us=5000,346,260,1000000,16,uniform,engine,sustained,110855578,105263159,111783520,5,10,50,9010.292,9709.417,10920.083,10920.083,23.91,clear_pass,,,pass,PASS,
cpython-3.14.2t-gil-disabled,3.14.2,True,False,2.4.6,4d5a9f3,stacked_histogram,bins=10;bin_us=5000,346,260,1000000,16,clustered,kernel,median_call,146158765,144782397,150476816,5,7,35,6815.916,7075.584,7239.167,7239.167,23.91,clear_pass,,,pass,PASS,
cpython-3.14.2t-gil-disabled,3.14.2,True,False,2.4.6,4d5a9f3,stacked_histogram,bins=10;bin_us=5000,346,260,1000000,16,clustered,engine,sustained,112848346,111759991,114947096,5,10,50,8787.458,9345.292,9373.416,9373.416,23.91,clear_pass,,,pass,PASS,
cpython-3.14.2t-gil-disabled,3.14.2,True,False,2.4.6,4d5a9f3,stacked_histogram,bins=10;bin_us=5000,640,480,10000,16,uniform,kernel,median_call,67921171,45757900,172105191,5,50,250,71.916,273.792,341.833,343.416,0.30,clear_pass,,,pass,PASS,
cpython-3.14.2t-gil-disabled,3.14.2,True,False,2.4.6,4d5a9f3,stacked_histogram,bins=10;bin_us=5000,640,480,10000,16,uniform,engine,sustained,33860074,27236518,65709713,5,320,1600,249.833,364.333,1516.000,2466.916,0.30,clear_pass,,,pass,PASS,
cpython-3.14.2t-gil-disabled,3.14.2,True,False,2.4.6,4d5a9f3,stacked_histogram,bins=10;bin_us=5000,640,480,10000,16,clustered,kernel,median_call,71385995,43891798,144275162,5,50,250,69.708,245.958,280.334,456.583,0.30,clear_pass,,,pass,PASS,
cpython-3.14.2t-gil-disabled,3.14.2,True,False,2.4.6,4d5a9f3,stacked_histogram,bins=10;bin_us=5000,640,480,10000,16,clustered,engine,sustained,33323322,26890155,71159856,5,320,1600,257.959,364.333,1441.833,2408.333,0.30,clear_pass,,,pass,PASS,
cpython-3.14.2t-gil-disabled,3.14.2,True,False,2.4.6,4d5a9f3,stacked_histogram,bins=10;bin_us=5000,640,480,100000,0,uniform,kernel,median_call,118046333,116403120,150659134,5,20,100,828.792,987.917,1051.875,1097.875,2.45,clear_pass,,,pass,PASS,
cpython-3.14.2t-gil-disabled,3.14.2,True,False,2.4.6,4d5a9f3,stacked_histogram,bins=10;bin_us=5000,640,480,100000,0,uniform,engine,sustained,45572188,44711516,46461611,5,20,100,2128.541,2306.042,3408.500,3482.208,23.44,clear_pass,,,pass,PASS,
cpython-3.14.2t-gil-disabled,3.14.2,True,False,2.4.6,4d5a9f3,stacked_histogram,bins=10;bin_us=5000,640,480,100000,0,clustered,kernel,median_call,134884505,130936583,164637238,5,20,100,738.208,856.875,974.041,979.458,2.45,clear_pass,,,pass,PASS,
cpython-3.14.2t-gil-disabled,3.14.2,True,False,2.4.6,4d5a9f3,stacked_histogram,bins=10;bin_us=5000,640,480,100000,0,clustered,engine,sustained,51384215,46777698,52573068,5,20,100,1906.333,2297.875,2977.666,3381.792,23.44,clear_pass,,,pass,PASS,
cpython-3.14.2t-gil-disabled,3.14.2,True,False,2.4.6,4d5a9f3,stacked_histogram,bins=10;bin_us=5000,640,480,100000,16,uniform,kernel,median_call,141284445,115442847,147983722,5,20,100,698.167,881.750,897.750,934.500,2.45,clear_pass,,,pass,PASS,
cpython-3.14.2t-gil-disabled,3.14.2,True,False,2.4.6,4d5a9f3,stacked_histogram,bins=10;bin_us=5000,640,480,100000,16,uniform,engine,sustained,83523295,68159117,84955378,5,40,200,1070.209,2389.875,2986.041,3172.833,2.45,clear_pass,,,pass,PASS,
cpython-3.14.2t-gil-disabled,3.14.2,True,False,2.4.6,4d5a9f3,stacked_histogram,bins=10;bin_us=5000,640,480,100000,16,clustered,kernel,median_call,132857261,129282482,134465172,5,20,100,752.375,853.916,929.667,968.208,2.45,clear_pass,,,pass,PASS,
cpython-3.14.2t-gil-disabled,3.14.2,True,False,2.4.6,4d5a9f3,stacked_histogram,bins=10;bin_us=5000,640,480,100000,16,clustered,engine,sustained,81947267,81270460,94819962,5,40,200,918.708,2055.500,2926.083,2987.917,2.45,clear_pass,,,pass,PASS,
cpython-3.14.2t-gil-disabled,3.14.2,True,False,2.4.6,4d5a9f3,stacked_histogram,bins=10;bin_us=5000,640,480,1000000,0,uniform,kernel,median_call,119264140,118185847,119941828,5,7,35,8397.625,8750.500,8843.416,8843.416,23.91,clear_pass,,,pass,PASS,
cpython-3.14.2t-gil-disabled,3.14.2,True,False,2.4.6,4d5a9f3,stacked_histogram,bins=10;bin_us=5000,640,480,1000000,0,uniform,engine,sustained,88827650,85040385,89321982,5,7,35,11203.583,12405.833,13188.041,13188.041,23.91,clear_pass,,,pass,PASS,
cpython-3.14.2t-gil-disabled,3.14.2,True,False,2.4.6,4d5a9f3,stacked_histogram,bins=10;bin_us=5000,640,480,1000000,0,clustered,kernel,median_call,137564979,136357451,138145398,5,7,35,7261.833,7622.542,7633.166,7633.166,23.91,clear_pass,,,pass,PASS,
cpython-3.14.2t-gil-disabled,3.14.2,True,False,2.4.6,4d5a9f3,stacked_histogram,bins=10;bin_us=5000,640,480,1000000,0,clustered,engine,sustained,96031443,94707861,97096187,5,7,35,10268.875,11534.583,11835.541,11835.541,23.91,clear_pass,,,pass,PASS,
cpython-3.14.2t-gil-disabled,3.14.2,True,False,2.4.6,4d5a9f3,stacked_histogram,bins=10;bin_us=5000,640,480,1000000,16,uniform,kernel,median_call,119492744,117788516,120167032,5,7,35,8393.959,8705.792,8956.750,8956.750,23.91,clear_pass,,,pass,PASS,
cpython-3.14.2t-gil-disabled,3.14.2,True,False,2.4.6,4d5a9f3,stacked_histogram,bins=10;bin_us=5000,640,480,1000000,16,uniform,engine,sustained,88840126,88010608,91121466,5,10,50,11057.500,11690.750,12361.459,12361.459,23.91,clear_pass,,,pass,PASS,
cpython-3.14.2t-gil-disabled,3.14.2,True,False,2.4.6,4d5a9f3,stacked_histogram,bins=10;bin_us=5000,640,480,1000000,16,clustered,kernel,median_call,136228182,135101670,137393306,5,7,35,7341.875,7775.750,8105.208,8105.208,23.91,clear_pass,,,pass,PASS,
cpython-3.14.2t-gil-disabled,3.14.2,True,False,2.4.6,4d5a9f3,stacked_histogram,bins=10;bin_us=5000,640,480,1000000,16,clustered,engine,sustained,96156426,94485140,98463680,5,10,50,10240.292,11409.750,11539.875,11539.875,23.91,clear_pass,,,pass,PASS,
cpython-3.14.2t-gil-disabled,3.14.2,True,False,2.4.6,4d5a9f3,stacked_histogram,bins=10;bin_us=5000,1280,720,10000,16,uniform,kernel,median_call,48392053,46012341,124320124,5,50,250,90.042,236.083,317.666,325.750,0.30,clear_pass,,,pass,PASS,
cpython-3.14.2t-gil-disabled,3.14.2,True,False,2.4.6,4d5a9f3,stacked_histogram,bins=10;bin_us=5000,1280,720,10000,16,uniform,engine,sustained,32277996,22653804,41459566,5,320,1600,248.334,408.250,4180.584,5073.042,0.30,clear_pass,,,pass,PASS,
cpython-3.14.2t-gil-disabled,3.14.2,True,False,2.4.6,4d5a9f3,stacked_histogram,bins=10;bin_us=5000,1280,720,10000,16,clustered,kernel,median_call,49974014,43976147,62557083,5,50,250,191.708,334.333,349.625,356.167,0.30,clear_pass,,,pass,PASS,
cpython-3.14.2t-gil-disabled,3.14.2,True,False,2.4.6,4d5a9f3,stacked_histogram,bins=10;bin_us=5000,1280,720,10000,16,clustered,engine,sustained,25917133,21178098,45030146,5,320,1600,265.791,445.000,3695.334,6953.833,0.30,clear_pass,,,pass,PASS,
cpython-3.14.2t-gil-disabled,3.14.2,True,False,2.4.6,4d5a9f3,stacked_histogram,bins=10;bin_us=5000,1280,720,100000,0,uniform,kernel,median_call,101932487,86775726,105918178,5,20,100,974.334,1178.041,1233.292,1328.750,2.45,clear_pass,,,pass,PASS,
cpython-3.14.2t-gil-disabled,3.14.2,True,False,2.4.6,4d5a9f3,stacked_histogram,bins=10;bin_us=5000,1280,720,100000,0,uniform,engine,sustained,21197275,19613612,21458959,5,20,100,4624.625,5261.417,7526.583,8057.458,70.31,borderline,21496255,19,pass,PASS,
cpython-3.14.2t-gil-disabled,3.14.2,True,False,2.4.6,4d5a9f3,stacked_histogram,bins=10;bin_us=5000,1280,720,100000,0,clustered,kernel,median_call,121212121,114062998,143480566,5,20,100,726.042,966.583,1002.792,1096.000,2.45,clear_pass,,,pass,PASS,
cpython-3.14.2t-gil-disabled,3.14.2,True,False,2.4.6,4d5a9f3,stacked_histogram,bins=10;bin_us=5000,1280,720,100000,0,clustered,engine,sustained,22693243,21705196,24391792,5,20,100,4243.083,5569.291,7160.459,7324.917,70.31,clear_pass,,,pass,PASS,
cpython-3.14.2t-gil-disabled,3.14.2,True,False,2.4.6,4d5a9f3,stacked_histogram,bins=10;bin_us=5000,1280,720,100000,16,uniform,kernel,median_call,89766647,88531497,91000422,5,20,100,1112.000,1192.958,1326.167,1331.833,2.45,clear_pass,,,pass,PASS,
cpython-3.14.2t-gil-disabled,3.14.2,True,False,2.4.6,4d5a9f3,stacked_histogram,bins=10;bin_us=5000,1280,720,100000,16,uniform,engine,sustained,45297120,42446771,46271217,5,40,200,1319.042,5139.208,7248.042,7321.417,2.45,clear_pass,,,pass,PASS,
cpython-3.14.2t-gil-disabled,3.14.2,True,False,2.4.6,4d5a9f3,stacked_histogram,bins=10;bin_us=5000,1280,720,100000,16,clustered,kernel,median_call,115462308,114155251,118014431,5,20,100,863.750,984.208,1085.541,1088.208,2.45,clear_pass,,,pass,PASS,
cpython-3.14.2t-gil-disabled,3.14.2,True,False,2.4.6,4d5a9f3,stacked_histogram,bins=10;bin_us=5000,1280,720,100000,16,clustered,engine,sustained,52457267,48480490,58256212,5,40,200,1048.333,4474.084,7014.666,7158.042,2.45,clear_pass,,,pass,PASS,
cpython-3.14.2t-gil-disabled,3.14.2,True,False,2.4.6,4d5a9f3,stacked_histogram,bins=10;bin_us=5000,1280,720,1000000,0,uniform,kernel,median_call,92604743,91341577,93756598,5,7,35,10798.583,10992.208,11081.667,11081.667,23.91,clear_pass,,,pass,PASS,
cpython-3.14.2t-gil-disabled,3.14.2,True,False,2.4.6,4d5a9f3,stacked_histogram,bins=10;bin_us=5000,1280,720,1000000,0,uniform,engine,sustained,58276149,57452083,59486166,5,7,35,16844.208,19079.291,19688.250,19688.250,70.31,clear_pass,,,pass,PASS,
cpython-3.14.2t-gil-disabled,3.14.2,True,False,2.4.6,4d5a9f3,stacked_histogram,bins=10;bin_us=5000,1280,720,1000000,0,clustered,kernel,median_call,119863361,115440115,120764429,5,7,35,8380.083,8933.125,9331.333,9331.333,23.91,clear_pass,,,pass,PASS,
cpython-3.14.2t-gil-disabled,3.14.2,True,False,2.4.6,4d5a9f3,stacked_histogram,bins=10;bin_us=5000,1280,720,1000000,0,clustered,engine,sustained,72690361,70404858,73377249,5,7,35,13448.250,16306.208,16657.541,16657.541,70.31,clear_pass,,,pass,PASS,
cpython-3.14.2t-gil-disabled,3.14.2,True,False,2.4.6,4d5a9f3,stacked_histogram,bins=10;bin_us=5000,1280,720,1000000,16,uniform,kernel,median_call,91485031,91284603,92864169,5,7,35,10930.750,11169.750,11214.916,11214.916,23.91,clear_pass,,,pass,PASS,
cpython-3.14.2t-gil-disabled,3.14.2,True,False,2.4.6,4d5a9f3,stacked_histogram,bins=10;bin_us=5000,1280,720,1000000,16,uniform,engine,sustained,59532033,58870279,60397217,5,10,50,16599.458,19009.125,19225.334,19225.334,70.31,clear_pass,,,pass,PASS,
cpython-3.14.2t-gil-disabled,3.14.2,True,False,2.4.6,4d5a9f3,stacked_histogram,bins=10;bin_us=5000,1280,720,1000000,16,clustered,kernel,median_call,119738381,118067811,121562073,5,7,35,8382.666,8772.750,8863.125,8863.125,23.91,clear_pass,,,pass,PASS,
cpython-3.14.2t-gil-disabled,3.14.2,True,False,2.4.6,4d5a9f3,stacked_histogram,bins=10;bin_us=5000,1280,720,1000000,16,clustered,engine,sustained,73132849,72701496,74028332,5,10,50,13523.875,14532.458,14583.750,14583.750,70.31,clear_pass,,,pass,PASS,
cpython-3.14.2t-gil-disabled,3.14.2,True,False,2.4.6,4d5a9f3,voxel_grid,bins=5;bin_us=12500,346,260,10000,16,uniform,kernel,median_call,36866291,34712218,38219652,5,50,250,278.167,314.250,411.542,430.083,0.37,clear_pass,,,pass,PASS,
cpython-3.14.2t-gil-disabled,3.14.2,True,False,2.4.6,4d5a9f3,voxel_grid,bins=5;bin_us=12500,346,260,10000,16,uniform,engine,sustained,36404835,33770519,58703922,5,320,1600,166.667,399.167,800.000,1081.417,0.37,clear_pass,,,pass,PASS,
cpython-3.14.2t-gil-disabled,3.14.2,True,False,2.4.6,4d5a9f3,voxel_grid,bins=5;bin_us=12500,346,260,10000,16,clustered,kernel,median_call,37567504,34423408,70588318,5,50,250,266.875,299.041,388.250,449.625,0.37,clear_pass,,,pass,PASS,
cpython-3.14.2t-gil-disabled,3.14.2,True,False,2.4.6,4d5a9f3,voxel_grid,bins=5;bin_us=12500,346,260,10000,16,clustered,engine,sustained,60446741,54056382,61545079,5,320,1600,149.708,205.416,592.875,937.875,0.37,clear_pass,,,pass,PASS,
cpython-3.14.2t-gil-disabled,3.14.2,True,False,2.4.6,4d5a9f3,voxel_grid,bins=5;bin_us=12500,346,260,100000,0,uniform,kernel,median_call,65222723,58658922,69573300,5,20,100,1533.083,1727.750,1760.208,1767.125,3.15,clear_pass,,,pass,PASS,
cpython-3.14.2t-gil-disabled,3.14.2,True,False,2.4.6,4d5a9f3,voxel_grid,bins=5;bin_us=12500,346,260,100000,0,uniform,engine,sustained,45307682,44902153,49836525,5,20,100,2078.167,2384.584,2580.708,2618.125,3.15,clear_pass,,,pass,PASS,
cpython-3.14.2t-gil-disabled,3.14.2,True,False,2.4.6,4d5a9f3,voxel_grid,bins=5;bin_us=12500,346,260,100000,0,clustered,kernel,median_call,66775176,66271797,77882894,5,20,100,1437.417,1669.416,1710.458,1713.125,3.15,clear_pass,,,pass,PASS,
cpython-3.14.2t-gil-disabled,3.14.2,True,False,2.4.6,4d5a9f3,voxel_grid,bins=5;bin_us=12500,346,260,100000,0,clustered,engine,sustained,44984805,43519613,51840723,5,20,100,2058.208,2535.125,2731.416,2765.542,3.15,clear_pass,,,pass,PASS,
cpython-3.14.2t-gil-disabled,3.14.2,True,False,2.4.6,4d5a9f3,voxel_grid,bins=5;bin_us=12500,346,260,100000,16,uniform,kernel,median_call,65011559,60372820,72062334,5,20,100,1492.417,1746.209,1782.333,2107.333,3.15,clear_pass,,,pass,PASS,
cpython-3.14.2t-gil-disabled,3.14.2,True,False,2.4.6,4d5a9f3,voxel_grid,bins=5;bin_us=12500,346,260,100000,16,uniform,engine,sustained,58072081,50875723,58653535,5,40,200,1656.250,2124.334,2549.125,2560.750,3.15,clear_pass,,,pass,PASS,
cpython-3.14.2t-gil-disabled,3.14.2,True,False,2.4.6,4d5a9f3,voxel_grid,bins=5;bin_us=12500,346,260,100000,16,clustered,kernel,median_call,69412293,60539559,75209176,5,20,100,1449.625,1677.959,1708.167,1736.250,3.15,clear_pass,,,pass,PASS,
cpython-3.14.2t-gil-disabled,3.14.2,True,False,2.4.6,4d5a9f3,voxel_grid,bins=5;bin_us=12500,346,260,100000,16,clustered,engine,sustained,56533170,53800590,59340801,5,40,200,1676.667,2265.542,2469.584,2530.125,3.15,clear_pass,,,pass,PASS,
cpython-3.14.2t-gil-disabled,3.14.2,True,False,2.4.6,4d5a9f3,voxel_grid,bins=5;bin_us=12500,346,260,1000000,0,uniform,kernel,median_call,61850730,61434024,62138335,5,7,35,16206.917,16567.125,16574.250,16574.250,31.48,clear_pass,,,pass,PASS,
cpython-3.14.2t-gil-disabled,3.14.2,True,False,2.4.6,4d5a9f3,voxel_grid,bins=5;bin_us=12500,346,260,1000000,0,uniform,engine,sustained,55669473,54694942,55791229,5,7,35,18005.666,18576.375,18678.292,18678.292,31.48,clear_pass,,,pass,PASS,
cpython-3.14.2t-gil-disabled,3.14.2,True,False,2.4.6,4d5a9f3,voxel_grid,bins=5;bin_us=12500,346,260,1000000,0,clustered,kernel,median_call,66121167,65071157,66248932,5,7,35,15174.958,15606.583,16815.666,16815.666,31.48,clear_pass,,,pass,PASS,
cpython-3.14.2t-gil-disabled,3.14.2,True,False,2.4.6,4d5a9f3,voxel_grid,bins=5;bin_us=12500,346,260,1000000,0,clustered,engine,sustained,58375797,57518055,59705926,5,7,35,17157.458,17431.250,17561.416,17561.416,31.48,clear_pass,,,pass,PASS,
cpython-3.14.2t-gil-disabled,3.14.2,True,False,2.4.6,4d5a9f3,voxel_grid,bins=5;bin_us=12500,346,260,1000000,16,uniform,kernel,median_call,61617142,60766569,61800717,5,7,35,16240.875,16953.875,17815.500,17815.500,31.48,clear_pass,,,pass,PASS,
cpython-3.14.2t-gil-disabled,3.14.2,True,False,2.4.6,4d5a9f3,voxel_grid,bins=5;bin_us=12500,346,260,1000000,16,uniform,engine,sustained,55437993,54691992,56362664,5,10,50,18020.458,18351.500,18516.500,18516.500,31.48,clear_pass,,,pass,PASS,
cpython-3.14.2t-gil-disabled,3.14.2,True,False,2.4.6,4d5a9f3,voxel_grid,bins=5;bin_us=12500,346,260,1000000,16,clustered,kernel,median_call,65867835,65277168,65982102,5,7,35,15236.625,15668.083,15859.958,15859.958,31.48,clear_pass,,,pass,PASS,
cpython-3.14.2t-gil-disabled,3.14.2,True,False,2.4.6,4d5a9f3,voxel_grid,bins=5;bin_us=12500,346,260,1000000,16,clustered,engine,sustained,59009627,58738329,59605427,5,10,50,16890.250,17296.833,17552.333,17552.333,31.48,clear_pass,,,pass,PASS,
cpython-3.14.2t-gil-disabled,3.14.2,True,False,2.4.6,4d5a9f3,voxel_grid,bins=5;bin_us=12500,640,480,10000,16,uniform,kernel,median_call,62500000,31823925,73349813,5,50,250,158.750,369.833,590.834,610.250,0.37,clear_pass,,,pass,PASS,
cpython-3.14.2t-gil-disabled,3.14.2,True,False,2.4.6,4d5a9f3,voxel_grid,bins=5;bin_us=12500,640,480,10000,16,uniform,engine,sustained,27957823,27707418,33620102,5,320,1600,296.125,474.041,2085.167,2472.208,0.37,clear_pass,,,pass,PASS,
cpython-3.14.2t-gil-disabled,3.14.2,True,False,2.4.6,4d5a9f3,voxel_grid,bins=5;bin_us=12500,640,480,10000,16,clustered,kernel,median_call,38207386,34008747,68748131,5,50,250,255.000,309.500,399.000,424.958,0.37,clear_pass,,,pass,PASS,
cpython-3.14.2t-gil-disabled,3.14.2,True,False,2.4.6,4d5a9f3,voxel_grid,bins=5;bin_us=12500,640,480,10000,16,clustered,engine,sustained,36455488,29881062,46999387,5,320,1600,170.041,398.750,1931.459,2418.667,0.37,clear_pass,,,pass,PASS,
cpython-3.14.2t-gil-disabled,3.14.2,True,False,2.4.6,4d5a9f3,voxel_grid,bins=5;bin_us=12500,640,480,100000,0,uniform,kernel,median_call,55075557,51621789,65078576,5,20,100,1773.625,2062.916,2130.583,2131.958,3.15,clear_pass,,,pass,PASS,
cpython-3.14.2t-gil-disabled,3.14.2,True,False,2.4.6,4d5a9f3,voxel_grid,bins=5;bin_us=12500,640,480,100000,0,uniform,engine,sustained,28061215,27054859,30585171,5,20,100,3515.917,4001.791,4074.250,4238.250,8.33,clear_pass,,,pass,PASS,
cpython-3.14.2t-gil-disabled,3.14.2,True,False,2.4.6,4d5a9f3,voxel_grid,bins=5;bin_us=12500,640,480,100000,0,clustered,kernel,median_call,59661421,59251938,71301273,5,20,100,1658.583,1768.791,1788.625,1791.833,3.15,clear_pass,,,pass,PASS,
cpython-3.14.2t-gil-disabled,3.14.2,True,False,2.4.6,4d5a9f3,voxel_grid,bins=5;bin_us=12500,640,480,100000,0,clustered,engine,sustained,29754654,28277992,33075323,5,20,100,3187.917,3741.792,4455.250,4461.667,8.33,clear_pass,,,pass,PASS,
cpython-3.14.2t-gil-disabled,3.14.2,True,False,2.4.6,4d5a9f3,voxel_grid,bins=5;bin_us=12500,640,480,100000,16,uniform,kernel,median_call,58628813,53272957,67901155,5,20,100,1766.667,2078.542,2136.584,2157.583,3.15,clear_pass,,,pass,PASS,
cpython-3.14.2t-gil-disabled,3.14.2,True,False,2.4.6,4d5a9f3,voxel_grid,bins=5;bin_us=12500,640,480,100000,16,uniform,engine,sustained,43535816,41122242,48576628,5,40,200,1938.208,3752.375,4094.542,4107.500,3.15,clear_pass,,,pass,PASS,
cpython-3.14.2t-gil-disabled,3.14.2,True,False,2.4.6,4d5a9f3,voxel_grid,bins=5;bin_us=12500,640,480,100000,16,clustered,kernel,median_call,59499478,59273907,68517578,5,20,100,1665.458,1776.792,1807.459,1876.417,3.15,clear_pass,,,pass,PASS,
cpython-3.14.2t-gil-disabled,3.14.2,True,False,2.4.6,4d5a9f3,voxel_grid,bins=5;bin_us=12500,640,480,100000,16,clustered,engine,sustained,47811050,46985396,52082798,5,40,200,1726.834,3402.042,3584.958,3710.792,3.15,clear_pass,,,pass,PASS,
cpython-3.14.2t-gil-disabled,3.14.2,True,False,2.4.6,4d5a9f3,voxel_grid,bins=5;bin_us=12500,640,480,1000000,0,uniform,kernel,median_call,57918971,57430970,58429703,5,7,35,17287.500,17712.375,17906.750,17906.750,31.48,clear_pass,,,pass,PASS,
cpython-3.14.2t-gil-disabled,3.14.2,True,False,2.4.6,4d5a9f3,voxel_grid,bins=5;bin_us=12500,640,480,1000000,0,uniform,engine,sustained,48938144,48252499,49535955,5,7,35,20212.041,21765.416,22306.750,22306.750,31.48,clear_pass,,,pass,PASS,
cpython-3.14.2t-gil-disabled,3.14.2,True,False,2.4.6,4d5a9f3,voxel_grid,bins=5;bin_us=12500,640,480,1000000,0,clustered,kernel,median_call,62349484,61978348,63045740,5,7,35,16039.375,16539.542,16577.792,16577.792,31.48,clear_pass,,,pass,PASS,
cpython-3.14.2t-gil-disabled,3.14.2,True,False,2.4.6,4d5a9f3,voxel_grid,bins=5;bin_us=12500,640,480,1000000,0,clustered,engine,sustained,52842053,52281805,53787436,5,7,35,18861.125,19513.375,19548.500,19548.500,31.48,clear_pass,,,pass,PASS,
cpython-3.14.2t-gil-disabled,3.14.2,True,False,2.4.6,4d5a9f3,voxel_grid,bins=5;bin_us=12500,640,480,1000000,16,uniform,kernel,median_call,57956315,57388948,58272793,5,7,35,17279.375,18122.833,18564.708,18564.708,31.48,clear_pass,,,pass,PASS,
cpython-3.14.2t-gil-disabled,3.14.2,True,False,2.4.6,4d5a9f3,voxel_grid,bins=5;bin_us=12500,640,480,1000000,16,uniform,engine,sustained,49054716,48289806,49925954,5,10,50,20371.875,21175.375,21664.166,21664.166,31.48,clear_pass,,,pass,PASS,
cpython-3.14.2t-gil-disabled,3.14.2,True,False,2.4.6,4d5a9f3,voxel_grid,bins=5;bin_us=12500,640,480,1000000,16,clustered,kernel,median_call,62409798,61798968,62945374,5,7,35,16084.125,16671.375,16808.917,16808.917,31.48,clear_pass,,,pass,PASS,
cpython-3.14.2t-gil-disabled,3.14.2,True,False,2.4.6,4d5a9f3,voxel_grid,bins=5;bin_us=12500,640,480,1000000,16,clustered,engine,sustained,52475258,52048454,53842141,5,10,50,18810.458,19796.875,20554.834,20554.834,31.48,clear_pass,,,pass,PASS,
cpython-3.14.2t-gil-disabled,3.14.2,True,False,2.4.6,4d5a9f3,voxel_grid,bins=5;bin_us=12500,1280,720,10000,16,uniform,kernel,median_call,27556104,25280455,50933743,5,50,250,356.375,454.042,643.500,653.417,0.37,clear_pass,,,pass,NOT MET,
cpython-3.14.2t-gil-disabled,3.14.2,True,False,2.4.6,4d5a9f3,voxel_grid,bins=5;bin_us=12500,1280,720,10000,16,uniform,engine,sustained,17548414,15063800,19102131,5,320,1600,446.333,705.750,5287.666,5761.667,0.37,clear_miss,,,miss,NOT MET,
cpython-3.14.2t-gil-disabled,3.14.2,True,False,2.4.6,4d5a9f3,voxel_grid,bins=5;bin_us=12500,1280,720,10000,16,clustered,kernel,median_call,32414963,31545741,74650264,5,50,250,306.708,369.667,549.917,551.417,0.37,clear_pass,,,pass,PASS,
cpython-3.14.2t-gil-disabled,3.14.2,True,False,2.4.6,4d5a9f3,voxel_grid,bins=5;bin_us=12500,1280,720,10000,16,clustered,engine,sustained,20129768,17779704,20313736,5,320,1600,351.750,604.917,4861.583,5614.000,0.37,borderline,31160631,20,pass,PASS,
cpython-3.14.2t-gil-disabled,3.14.2,True,False,2.4.6,4d5a9f3,voxel_grid,bins=5;bin_us=12500,1280,720,100000,0,uniform,kernel,median_call,43551247,42631034,48463795,5,20,100,2286.791,2663.750,2696.791,2713.750,3.15,clear_pass,,,pass,NOT MET,
cpython-3.14.2t-gil-disabled,3.14.2,True,False,2.4.6,4d5a9f3,voxel_grid,bins=5;bin_us=12500,1280,720,100000,0,uniform,engine,sustained,14240623,13660541,14299993,5,20,100,7079.416,7592.542,7724.916,8067.334,24.74,clear_miss,,,miss,NOT MET,
cpython-3.14.2t-gil-disabled,3.14.2,True,False,2.4.6,4d5a9f3,voxel_grid,bins=5;bin_us=12500,1280,720,100000,0,clustered,kernel,median_call,56754365,53392649,57087140,5,20,100,1843.125,2088.333,2108.958,2126.417,3.15,clear_pass,,,pass,NOT MET,
cpython-3.14.2t-gil-disabled,3.14.2,True,False,2.4.6,4d5a9f3,voxel_grid,bins=5;bin_us=12500,1280,720,100000,0,clustered,engine,sustained,14938816,14874229,16301485,5,20,100,6584.791,7026.333,7411.500,7561.750,24.74,clear_miss,,,miss,NOT MET,
cpython-3.14.2t-gil-disabled,3.14.2,True,False,2.4.6,4d5a9f3,voxel_grid,bins=5;bin_us=12500,1280,720,100000,16,uniform,kernel,median_call,50027628,48293139,51455231,5,20,100,2029.167,2349.000,2391.500,2403.708,3.15,clear_pass,,,pass,PASS,
cpython-3.14.2t-gil-disabled,3.14.2,True,False,2.4.6,4d5a9f3,voxel_grid,bins=5;bin_us=12500,1280,720,100000,16,uniform,engine,sustained,29395015,25418889,30187996,5,40,200,2453.834,7207.500,7691.167,8047.291,3.15,clear_pass,,,pass,PASS,
cpython-3.14.2t-gil-disabled,3.14.2,True,False,2.4.6,4d5a9f3,voxel_grid,bins=5;bin_us=12500,1280,720,100000,16,clustered,kernel,median_call,55931665,53715905,67379769,5,20,100,1786.417,2071.791,2086.458,2086.583,3.15,clear_pass,,,pass,PASS,
cpython-3.14.2t-gil-disabled,3.14.2,True,False,2.4.6,4d5a9f3,voxel_grid,bins=5;bin_us=12500,1280,720,100000,16,clustered,engine,sustained,31057478,30024405,34340881,5,40,200,2204.666,6691.792,7064.208,7201.416,3.15,clear_pass,,,pass,PASS,
cpython-3.14.2t-gil-disabled,3.14.2,True,False,2.4.6,4d5a9f3,voxel_grid,bins=5;bin_us=12500,1280,720,1000000,0,uniform,kernel,median_call,47975630,47575908,48219688,5,7,35,20843.916,21113.167,21115.833,21115.833,31.48,clear_pass,,,pass,PASS,
cpython-3.14.2t-gil-disabled,3.14.2,True,False,2.4.6,4d5a9f3,voxel_grid,bins=5;bin_us=12500,1280,720,1000000,0,uniform,engine,sustained,37088876,36586131,37194046,5,7,35,26992.292,27480.333,27813.000,27813.000,31.48,clear_pass,,,pass,PASS,
cpython-3.14.2t-gil-disabled,3.14.2,True,False,2.4.6,4d5a9f3,voxel_grid,bins=5;bin_us=12500,1280,720,1000000,0,clustered,kernel,median_call,58081986,57827562,58761743,5,7,35,17197.917,17570.583,17630.834,17630.834,31.48,clear_pass,,,pass,PASS,
cpython-3.14.2t-gil-disabled,3.14.2,True,False,2.4.6,4d5a9f3,voxel_grid,bins=5;bin_us=12500,1280,720,1000000,0,clustered,engine,sustained,42707384,42237003,42894150,5,7,35,23358.958,24308.958,24526.708,24526.708,31.48,clear_pass,,,pass,PASS,
cpython-3.14.2t-gil-disabled,3.14.2,True,False,2.4.6,4d5a9f3,voxel_grid,bins=5;bin_us=12500,1280,720,1000000,16,uniform,kernel,median_call,47813908,47613475,48122327,5,7,35,20911.166,21330.834,21545.375,21545.375,31.48,clear_pass,,,pass,PASS,
cpython-3.14.2t-gil-disabled,3.14.2,True,False,2.4.6,4d5a9f3,voxel_grid,bins=5;bin_us=12500,1280,720,1000000,16,uniform,engine,sustained,37166494,36855874,37662626,5,10,50,26863.042,27647.791,27683.417,27683.417,31.48,clear_pass,,,pass,PASS,
cpython-3.14.2t-gil-disabled,3.14.2,True,False,2.4.6,4d5a9f3,voxel_grid,bins=5;bin_us=12500,1280,720,1000000,16,clustered,kernel,median_call,58467709,57860466,58605483,5,7,35,17169.042,17569.958,17588.375,17588.375,31.48,clear_pass,,,pass,PASS,
cpython-3.14.2t-gil-disabled,3.14.2,True,False,2.4.6,4d5a9f3,voxel_grid,bins=5;bin_us=12500,1280,720,1000000,16,clustered,engine,sustained,42695198,41045041,43646275,5,10,50,23387.583,25110.458,26197.834,26197.834,31.48,clear_pass,,,pass,PASS,
cpython-3.14.2t-gil-disabled,3.14.2,True,False,2.4.6,4d5a9f3,voxel_grid,bins=15;bin_us=3571,346,260,10000,16,uniform,kernel,median_call,41906670,31752332,73484295,5,50,250,299.292,348.958,430.916,885.583,0.37,clear_pass,,,pass,PASS,
cpython-3.14.2t-gil-disabled,3.14.2,True,False,2.4.6,4d5a9f3,voxel_grid,bins=15;bin_us=3571,346,260,10000,16,uniform,engine,sustained,29748035,29050012,35916686,5,320,1600,282.625,440.750,1846.000,2102.292,0.37,clear_pass,,,pass,PASS,
cpython-3.14.2t-gil-disabled,3.14.2,True,False,2.4.6,4d5a9f3,voxel_grid,bins=15;bin_us=3571,346,260,10000,16,clustered,kernel,median_call,33252474,29393739,67911945,5,50,250,299.166,350.333,412.958,455.917,0.37,clear_pass,,,pass,PASS,
cpython-3.14.2t-gil-disabled,3.14.2,True,False,2.4.6,4d5a9f3,voxel_grid,bins=15;bin_us=3571,346,260,10000,16,clustered,engine,sustained,37536147,30356677,47503329,5,320,1600,171.625,405.084,1647.125,2065.125,0.37,clear_pass,,,pass,PASS,
cpython-3.14.2t-gil-disabled,3.14.2,True,False,2.4.6,4d5a9f3,voxel_grid,bins=15;bin_us=3571,346,260,100000,0,uniform,kernel,median_call,54306624,52475079,66251688,5,20,100,1834.708,1936.208,2016.709,2239.250,3.15,clear_pass,,,pass,PASS,
cpython-3.14.2t-gil-disabled,3.14.2,True,False,2.4.6,4d5a9f3,voxel_grid,bins=15;bin_us=3571,346,260,100000,0,uniform,engine,sustained,30252380,29900858,32626384,5,20,100,3167.250,3616.417,3717.458,3931.209,5.96,clear_pass,,,pass,PASS,
cpython-3.14.2t-gil-disabled,3.14.2,True,False,2.4.6,4d5a9f3,voxel_grid,bins=15;bin_us=3571,346,260,100000,0,clustered,kernel,median_call,69070719,58070627,72269557,5,20,100,1447.250,1739.417,1773.458,1814.291,3.15,clear_pass,,,pass,PASS,
cpython-3.14.2t-gil-disabled,3.14.2,True,False,2.4.6,4d5a9f3,voxel_grid,bins=15;bin_us=3571,346,260,100000,0,clustered,engine,sustained,32705813,30335933,36967554,5,20,100,2976.458,3542.958,3821.167,3871.833,5.96,clear_pass,,,pass,PASS,
cpython-3.14.2t-gil-disabled,3.14.2,True,False,2.4.6,4d5a9f3,voxel_grid,bins=15;bin_us=3571,346,260,100000,16,uniform,kernel,median_call,55039560,53258771,66476455,5,20,100,1805.625,1920.708,1959.083,1995.666,3.15,clear_pass,,,pass,PASS,
cpython-3.14.2t-gil-disabled,3.14.2,True,False,2.4.6,4d5a9f3,voxel_grid,bins=15;bin_us=3571,346,260,100000,16,uniform,engine,sustained,49620789,44469439,52234975,5,40,200,1731.542,3272.333,3492.291,3604.625,3.15,clear_pass,,,pass,PASS,
cpython-3.14.2t-gil-disabled,3.14.2,True,False,2.4.6,4d5a9f3,voxel_grid,bins=15;bin_us=3571,346,260,100000,16,clustered,kernel,median_call,57047100,56283188,72716246,5,20,100,1711.291,1801.834,1845.083,1846.417,3.15,clear_pass,,,pass,PASS,
cpython-3.14.2t-gil-disabled,3.14.2,True,False,2.4.6,4d5a9f3,voxel_grid,bins=15;bin_us=3571,346,260,100000,16,clustered,engine,sustained,50782529,47516825,51905891,5,40,200,1729.041,3241.708,3398.500,3517.292,3.15,clear_pass,,,pass,PASS,
cpython-3.14.2t-gil-disabled,3.14.2,True,False,2.4.6,4d5a9f3,voxel_grid,bins=15;bin_us=3571,346,260,1000000,0,uniform,kernel,median_call,57890749,57532848,58345893,5,7,35,17261.541,17603.167,17636.958,17636.958,31.48,clear_pass,,,pass,PASS,
cpython-3.14.2t-gil-disabled,3.14.2,True,False,2.4.6,4d5a9f3,voxel_grid,bins=15;bin_us=3571,346,260,1000000,0,uniform,engine,sustained,50100021,49145195,50261960,5,7,35,19975.000,20610.833,21107.541,21107.541,31.48,clear_pass,,,pass,PASS,
cpython-3.14.2t-gil-disabled,3.14.2,True,False,2.4.6,4d5a9f3,voxel_grid,bins=15;bin_us=3571,346,260,1000000,0,clustered,kernel,median_call,63494918,62287510,64486835,5,7,35,15753.375,16257.042,16271.917,16271.917,31.48,clear_pass,,,pass,PASS,
cpython-3.14.2t-gil-disabled,3.14.2,True,False,2.4.6,4d5a9f3,voxel_grid,bins=15;bin_us=3571,346,260,1000000,0,clustered,engine,sustained,54225506,52715755,54892579,5,7,35,18392.125,19272.084,19484.750,19484.750,31.48,clear_pass,,,pass,PASS,
cpython-3.14.2t-gil-disabled,3.14.2,True,False,2.4.6,4d5a9f3,voxel_grid,bins=15;bin_us=3571,346,260,1000000,16,uniform,kernel,median_call,57634811,57259559,58043780,5,7,35,17351.208,17656.750,17796.792,17796.792,31.48,clear_pass,,,pass,PASS,
cpython-3.14.2t-gil-disabled,3.14.2,True,False,2.4.6,4d5a9f3,voxel_grid,bins=15;bin_us=3571,346,260,1000000,16,uniform,engine,sustained,50336721,49686746,50508749,5,10,50,19863.834,20296.375,21259.958,21259.958,31.48,clear_pass,,,pass,PASS,
cpython-3.14.2t-gil-disabled,3.14.2,True,False,2.4.6,4d5a9f3,voxel_grid,bins=15;bin_us=3571,346,260,1000000,16,clustered,kernel,median_call,63512730,63042099,63810268,5,7,35,15750.833,16268.083,16447.416,16447.416,31.48,clear_pass,,,pass,PASS,
cpython-3.14.2t-gil-disabled,3.14.2,True,False,2.4.6,4d5a9f3,voxel_grid,bins=15;bin_us=3571,346,260,1000000,16,clustered,engine,sustained,54394214,53786406,54933924,5,10,50,18365.791,19053.208,19146.500,19146.500,31.48,clear_pass,,,pass,PASS,
cpython-3.14.2t-gil-disabled,3.14.2,True,False,2.4.6,4d5a9f3,voxel_grid,bins=15;bin_us=3571,640,480,10000,16,uniform,kernel,median_call,29819191,26170885,55781626,5,50,250,338.417,453.833,506.750,519.750,0.37,clear_pass,,,pass,PASS,
cpython-3.14.2t-gil-disabled,3.14.2,True,False,2.4.6,4d5a9f3,voxel_grid,bins=15;bin_us=3571,640,480,10000,16,uniform,engine,sustained,19243046,17002951,29703739,5,320,1600,358.792,583.042,5002.459,5167.083,0.37,borderline,28133334,20,pass,PASS,
cpython-3.14.2t-gil-disabled,3.14.2,True,False,2.4.6,4d5a9f3,voxel_grid,bins=15;bin_us=3571,640,480,10000,16,clustered,kernel,median_call,33493825,31545741,63948841,5,50,250,297.667,389.667,418.375,432.500,0.37,clear_pass,,,pass,NOT MET,
cpython-3.14.2t-gil-disabled,3.14.2,True,False,2.4.6,4d5a9f3,voxel_grid,bins=15;bin_us=3571,640,480,10000,16,clustered,engine,sustained,17905215,16398822,31236671,5,320,1600,397.291,689.750,5047.000,5690.083,0.37,clear_miss,,,miss,NOT MET,
cpython-3.14.2t-gil-disabled,3.14.2,True,False,2.4.6,4d5a9f3,voxel_grid,bins=15;bin_us=3571,640,480,100000,0,uniform,kernel,median_call,44547557,43833608,53440813,5,20,100,2175.625,2361.958,2382.917,2527.958,3.15,clear_pass,,,pass,NOT MET,
cpython-3.14.2t-gil-disabled,3.14.2,True,False,2.4.6,4d5a9f3,voxel_grid,bins=15;bin_us=3571,640,480,100000,0,uniform,engine,sustained,13815247,13193225,14129133,5,20,100,7265.167,7656.000,8123.125,8162.792,20.05,clear_miss,,,miss,NOT MET,
cpython-3.14.2t-gil-disabled,3.14.2,True,False,2.4.6,4d5a9f3,voxel_grid,bins=15;bin_us=3571,640,480,100000,0,clustered,kernel,median_call,53874477,50249160,54102790,5,20,100,1866.875,2025.167,2061.250,2080.125,3.15,clear_pass,,,pass,NOT MET,
cpython-3.14.2t-gil-disabled,3.14.2,True,False,2.4.6,4d5a9f3,voxel_grid,bins=15;bin_us=3571,640,480,100000,0,clustered,engine,sustained,14066519,13664181,16112589,5,20,100,7095.709,7411.458,7777.125,7857.541,20.05,clear_miss,,,miss,NOT MET,
cpython-3.14.2t-gil-disabled,3.14.2,True,False,2.4.6,4d5a9f3,voxel_grid,bins=15;bin_us=3571,640,480,100000,16,uniform,kernel,median_call,51480608,43259612,54155295,5,20,100,1954.583,2335.458,2407.875,2412.500,3.15,clear_pass,,,pass,PASS,
cpython-3.14.2t-gil-disabled,3.14.2,True,False,2.4.6,4d5a9f3,voxel_grid,bins=15;bin_us=3571,640,480,100000,16,uniform,engine,sustained,30483652,25845783,31896432,5,40,200,2486.584,7133.459,7419.625,7761.541,3.15,clear_pass,,,pass,PASS,
cpython-3.14.2t-gil-disabled,3.14.2,True,False,2.4.6,4d5a9f3,voxel_grid,bins=15;bin_us=3571,640,480,100000,16,clustered,kernel,median_call,54411271,52726973,64350064,5,20,100,1813.583,1943.708,1963.458,1971.375,3.15,clear_pass,,,pass,PASS,
cpython-3.14.2t-gil-disabled,3.14.2,True,False,2.4.6,4d5a9f3,voxel_grid,bins=15;bin_us=3571,640,480,100000,16,clustered,engine,sustained,29508054,29142103,35616751,5,40,200,2220.125,6771.375,7329.625,7834.041,3.15,clear_pass,,,pass,PASS,
cpython-3.14.2t-gil-disabled,3.14.2,True,False,2.4.6,4d5a9f3,voxel_grid,bins=15;bin_us=3571,640,480,1000000,0,uniform,kernel,median_call,49460265,49370731,49899786,5,7,35,20205.333,20572.042,20688.084,20688.084,31.48,clear_pass,,,pass,PASS,
cpython-3.14.2t-gil-disabled,3.14.2,True,False,2.4.6,4d5a9f3,voxel_grid,bins=15;bin_us=3571,640,480,1000000,0,uniform,engine,sustained,37784098,37363207,38418862,5,7,35,26441.958,26875.666,26932.417,26932.417,31.48,clear_pass,,,pass,PASS,
cpython-3.14.2t-gil-disabled,3.14.2,True,False,2.4.6,4d5a9f3,voxel_grid,bins=15;bin_us=3571,640,480,1000000,0,clustered,kernel,median_call,58193669,57660291,58866668,5,7,35,17198.167,17774.334,17775.834,17775.834,31.48,clear_pass,,,pass,PASS,
cpython-3.14.2t-gil-disabled,3.14.2,True,False,2.4.6,4d5a9f3,voxel_grid,bins=15;bin_us=3571,640,480,1000000,0,clustered,engine,sustained,42367411,41698323,42655757,5,7,35,23452.583,24499.458,24629.250,24629.250,31.48,clear_pass,,,pass,PASS,
cpython-3.14.2t-gil-disabled,3.14.2,True,False,2.4.6,4d5a9f3,voxel_grid,bins=15;bin_us=3571,640,480,1000000,16,uniform,kernel,median_call,49518433,49253703,50074696,5,7,35,20210.042,20829.250,21511.000,21511.000,31.48,clear_pass,,,pass,PASS,
cpython-3.14.2t-gil-disabled,3.14.2,True,False,2.4.6,4d5a9f3,voxel_grid,bins=15;bin_us=3571,640,480,1000000,16,uniform,engine,sustained,37911919,37099792,37957140,5,10,50,26458.000,27163.917,28434.083,28434.083,31.48,clear_pass,,,pass,PASS,
cpython-3.14.2t-gil-disabled,3.14.2,True,False,2.4.6,4d5a9f3,voxel_grid,bins=15;bin_us=3571,640,480,1000000,16,clustered,kernel,median_call,58058523,57392376,59320045,5,7,35,17189.792,17582.542,17628.875,17628.875,31.48,clear_pass,,,pass,PASS,
cpython-3.14.2t-gil-disabled,3.14.2,True,False,2.4.6,4d5a9f3,voxel_grid,bins=15;bin_us=3571,640,480,1000000,16,clustered,engine,sustained,42218713,41802562,43120502,5,10,50,23465.959,24598.416,25511.083,25511.083,31.48,clear_pass,,,pass,PASS,
cpython-3.14.2t-gil-disabled,3.14.2,True,False,2.4.6,4d5a9f3,voxel_grid,bins=15;bin_us=3571,1280,720,10000,16,uniform,kernel,median_call,25678061,24820301,52591167,5,50,250,390.916,1254.542,1284.458,1304.917,0.37,clear_pass,,,pass,NOT MET,
cpython-3.14.2t-gil-disabled,3.14.2,True,False,2.4.6,4d5a9f3,voxel_grid,bins=15;bin_us=3571,1280,720,10000,16,uniform,engine,sustained,10688765,9785478,11626488,5,320,1600,479.833,1182.958,14659.917,17511.625,0.37,clear_miss,,,miss,NOT MET,
cpython-3.14.2t-gil-disabled,3.14.2,True,False,2.4.6,4d5a9f3,voxel_grid,bins=15;bin_us=3571,1280,720,10000,16,clustered,kernel,median_call,33714930,27923211,64882401,5,50,250,320.625,1116.208,1148.583,1166.709,0.37,clear_pass,,,pass,NOT MET,
cpython-3.14.2t-gil-disabled,3.14.2,True,False,2.4.6,4d5a9f3,voxel_grid,bins=15;bin_us=3571,1280,720,10000,16,clustered,engine,sustained,12752662,11424852,14117035,5,320,1600,317.667,969.667,13838.708,16281.041,0.37,clear_miss,,,miss,NOT MET,
cpython-3.14.2t-gil-disabled,3.14.2,True,False,2.4.6,4d5a9f3,voxel_grid,bins=15;bin_us=3571,1280,720,100000,0,uniform,kernel,median_call,38485288,37489170,39072352,5,20,100,2642.084,3976.917,4099.667,4202.000,3.15,clear_pass,,,pass,NOT MET,
cpython-3.14.2t-gil-disabled,3.14.2,True,False,2.4.6,4d5a9f3,voxel_grid,bins=15;bin_us=3571,1280,720,100000,0,uniform,engine,sustained,5962534,5886328,6099641,5,20,100,16684.458,18145.125,18974.209,19017.958,59.89,clear_miss,,,miss,NOT MET,
cpython-3.14.2t-gil-disabled,3.14.2,True,False,2.4.6,4d5a9f3,voxel_grid,bins=15;bin_us=3571,1280,720,100000,0,clustered,kernel,median_call,41598056,40377872,46495409,5,20,100,2379.125,3520.458,3572.375,3621.542,3.15,clear_pass,,,pass,NOT MET,
cpython-3.14.2t-gil-disabled,3.14.2,True,False,2.4.6,4d5a9f3,voxel_grid,bins=15;bin_us=3571,1280,720,100000,0,clustered,engine,sustained,6217734,6177680,6337299,5,20,100,15869.084,17684.625,18250.292,19022.625,59.89,clear_miss,,,miss,NOT MET,
cpython-3.14.2t-gil-disabled,3.14.2,True,False,2.4.6,4d5a9f3,voxel_grid,bins=15;bin_us=3571,1280,720,100000,16,uniform,kernel,median_call,35042128,33787117,37393081,5,20,100,2913.917,4076.834,4198.833,4256.834,3.15,clear_pass,,,pass,NOT MET,
cpython-3.14.2t-gil-disabled,3.14.2,True,False,2.4.6,4d5a9f3,voxel_grid,bins=15;bin_us=3571,1280,720,100000,16,uniform,engine,sustained,15305381,14860325,16424148,5,40,200,3207.625,16858.834,18813.792,19391.458,3.15,clear_miss,,,miss,NOT MET,
cpython-3.14.2t-gil-disabled,3.14.2,True,False,2.4.6,4d5a9f3,voxel_grid,bins=15;bin_us=3571,1280,720,100000,16,clustered,kernel,median_call,41897250,40419351,47759768,5,20,100,2372.792,3499.917,3579.541,3629.750,3.15,clear_pass,,,pass,NOT MET,
cpython-3.14.2t-gil-disabled,3.14.2,True,False,2.4.6,4d5a9f3,voxel_grid,bins=15;bin_us=3571,1280,720,100000,16,clustered,engine,sustained,17853918,16928401,18180895,5,40,200,2541.042,15780.708,17788.875,18929.375,3.15,clear_miss,,,miss,NOT MET,
cpython-3.14.2t-gil-disabled,3.14.2,True,False,2.4.6,4d5a9f3,voxel_grid,bins=15;bin_us=3571,1280,720,1000000,0,uniform,kernel,median_call,39197752,38971541,39696192,5,7,35,25523.166,27167.375,27331.875,27331.875,31.48,clear_pass,,,pass,PASS,
cpython-3.14.2t-gil-disabled,3.14.2,True,False,2.4.6,4d5a9f3,voxel_grid,bins=15;bin_us=3571,1280,720,1000000,0,uniform,engine,sustained,24029110,23898836,24227475,5,7,35,41212.625,43614.875,43898.000,43898.000,59.89,clear_pass,,,pass,PASS,
cpython-3.14.2t-gil-disabled,3.14.2,True,False,2.4.6,4d5a9f3,voxel_grid,bins=15;bin_us=3571,1280,720,1000000,0,clustered,kernel,median_call,49745262,47198569,50246416,5,7,35,20172.667,24950.625,25727.875,25727.875,31.48,clear_pass,,,pass,PASS,
cpython-3.14.2t-gil-disabled,3.14.2,True,False,2.4.6,4d5a9f3,voxel_grid,bins=15;bin_us=3571,1280,720,1000000,0,clustered,engine,sustained,27546963,26885080,28114604,5,7,35,35195.209,42581.000,43837.625,43837.625,59.89,clear_pass,,,pass,PASS,
cpython-3.14.2t-gil-disabled,3.14.2,True,False,2.4.6,4d5a9f3,voxel_grid,bins=15;bin_us=3571,1280,720,1000000,16,uniform,kernel,median_call,38984519,38492752,39431270,5,7,35,25651.208,27974.958,28439.208,28439.208,31.48,clear_pass,,,pass,PASS,
cpython-3.14.2t-gil-disabled,3.14.2,True,False,2.4.6,4d5a9f3,voxel_grid,bins=15;bin_us=3571,1280,720,1000000,16,uniform,engine,sustained,24254939,24025792,24445061,5,10,50,40977.583,43450.792,44336.875,44336.875,59.89,clear_pass,,,pass,PASS,
cpython-3.14.2t-gil-disabled,3.14.2,True,False,2.4.6,4d5a9f3,voxel_grid,bins=15;bin_us=3571,1280,720,1000000,16,clustered,kernel,median_call,49782304,47423426,50126673,5,7,35,20148.000,25555.167,25936.167,25936.167,31.48,clear_pass,,,pass,PASS,
cpython-3.14.2t-gil-disabled,3.14.2,True,False,2.4.6,4d5a9f3,voxel_grid,bins=15;bin_us=3571,1280,720,1000000,16,clustered,engine,sustained,27996847,27198004,28160421,5,10,50,35294.875,40198.083,40570.833,40570.833,59.89,clear_pass,,,pass,PASS,
