runtime,python,free_threaded_build,gil_enabled,numpy,commit,kernel,kernel_parameters,width,height,events_per_call,interval_ms,distribution,level,statistic,events_per_s,run_min_events_per_s,run_max_events_per_s,runs,timed_calls_per_run,latency_samples,latency_p50_us,latency_p95_us,latency_p99_us,latency_max_us,peak_temporary_mib,stage1,stage2_events_per_s,stage2_runs_at_20m,level_result,cell_verdict,qualification
cpython-3.11.14,3.11.14,False,True,2.4.6,8131aca,stacked_histogram,bins=5;bin_us=10000,346,260,10000,16,uniform,kernel,median_call,179707436,176991150,193236715,5,50,250,55.667,72.292,80.792,82.125,0.30,clear_pass,,,pass,PASS,
cpython-3.11.14,3.11.14,False,True,2.4.6,8131aca,stacked_histogram,bins=5;bin_us=10000,346,260,10000,16,uniform,engine,sustained,127114460,115045466,132638391,5,320,1600,73.584,92.125,249.542,431.042,0.30,clear_pass,,,pass,PASS,
cpython-3.11.14,3.11.14,False,True,2.4.6,8131aca,stacked_histogram,bins=5;bin_us=10000,346,260,10000,16,clustered,kernel,median_call,161127895,58472522,202872677,5,50,250,62.375,177.167,190.209,200.125,0.30,clear_pass,,,pass,PASS,
cpython-3.11.14,3.11.14,False,True,2.4.6,8131aca,stacked_histogram,bins=5;bin_us=10000,346,260,10000,16,clustered,engine,sustained,120356605,84523986,139260116,5,320,1600,76.458,156.041,278.833,500.167,0.30,clear_pass,,,pass,PASS,
cpython-3.11.14,3.11.14,False,True,2.4.6,8131aca,stacked_histogram,bins=5;bin_us=10000,346,260,100000,0,uniform,kernel,median_call,173995048,141969831,190892882,5,20,100,576.792,805.125,817.416,823.041,2.45,clear_pass,,,pass,PASS,
cpython-3.11.14,3.11.14,False,True,2.4.6,8131aca,stacked_histogram,bins=5;bin_us=10000,346,260,100000,0,uniform,engine,sustained,107398160,106197032,146229124,5,20,100,868.875,1031.625,1070.458,1072.042,3.43,clear_pass,,,pass,PASS,
cpython-3.11.14,3.11.14,False,True,2.4.6,8131aca,stacked_histogram,bins=5;bin_us=10000,346,260,100000,0,clustered,kernel,median_call,156479218,145010655,188560772,5,20,100,627.750,781.750,784.500,785.250,2.45,clear_pass,,,pass,PASS,
cpython-3.11.14,3.11.14,False,True,2.4.6,8131aca,stacked_histogram,bins=5;bin_us=10000,346,260,100000,0,clustered,engine,sustained,105722215,101381968,114675618,5,20,100,871.167,1146.291,1164.292,1169.625,3.43,clear_pass,,,pass,PASS,
cpython-3.11.14,3.11.14,False,True,2.4.6,8131aca,stacked_histogram,bins=5;bin_us=10000,346,260,100000,16,uniform,kernel,median_call,154504700,148065889,158782708,5,20,100,648.292,786.917,792.625,794.167,2.45,clear_pass,,,pass,PASS,
cpython-3.11.14,3.11.14,False,True,2.4.6,8131aca,stacked_histogram,bins=5;bin_us=10000,346,260,100000,16,uniform,engine,sustained,131298017,127673140,156529742,5,40,200,715.291,919.625,974.459,999.708,2.45,clear_pass,,,pass,PASS,
cpython-3.11.14,3.11.14,False,True,2.4.6,8131aca,stacked_histogram,bins=5;bin_us=10000,346,260,100000,16,clustered,kernel,median_call,162844304,151927658,189513462,5,20,100,621.958,746.958,761.375,770.916,2.45,clear_pass,,,pass,PASS,
cpython-3.11.14,3.11.14,False,True,2.4.6,8131aca,stacked_histogram,bins=5;bin_us=10000,346,260,100000,16,clustered,engine,sustained,133160416,128104045,134715682,5,40,200,734.167,967.375,986.084,1011.500,2.45,clear_pass,,,pass,PASS,
cpython-3.11.14,3.11.14,False,True,2.4.6,8131aca,stacked_histogram,bins=5;bin_us=10000,346,260,1000000,0,uniform,kernel,median_call,139662366,138424264,142029476,5,7,35,7144.875,7398.542,7410.166,7410.166,23.91,clear_pass,,,pass,PASS,
cpython-3.11.14,3.11.14,False,True,2.4.6,8131aca,stacked_histogram,bins=5;bin_us=10000,346,260,1000000,0,uniform,engine,sustained,119997596,115803527,120557493,5,7,35,8345.666,8851.959,8893.208,8893.208,23.91,clear_pass,,,pass,PASS,
cpython-3.11.14,3.11.14,False,True,2.4.6,8131aca,stacked_histogram,bins=5;bin_us=10000,346,260,1000000,0,clustered,kernel,median_call,147307058,144989693,153675716,5,7,35,6788.541,7072.958,7132.375,7132.375,23.91,clear_pass,,,pass,PASS,
cpython-3.11.14,3.11.14,False,True,2.4.6,8131aca,stacked_histogram,bins=5;bin_us=10000,346,260,1000000,0,clustered,engine,sustained,125277308,120636012,127258650,5,7,35,7961.250,8499.500,8956.583,8956.583,23.91,clear_pass,,,pass,PASS,
cpython-3.11.14,3.11.14,False,True,2.4.6,8131aca,stacked_histogram,bins=5;bin_us=10000,346,260,1000000,16,uniform,kernel,median_call,137216562,136900354,147897992,5,7,35,7236.500,7549.750,7576.417,7576.417,23.91,clear_pass,,,pass,PASS,
cpython-3.11.14,3.11.14,False,True,2.4.6,8131aca,stacked_histogram,bins=5;bin_us=10000,346,260,1000000,16,uniform,engine,sustained,120080396,117012213,121382612,5,10,50,8302.375,8773.625,9553.500,9553.500,23.91,clear_pass,,,pass,PASS,
cpython-3.11.14,3.11.14,False,True,2.4.6,8131aca,stacked_histogram,bins=5;bin_us=10000,346,260,1000000,16,clustered,kernel,median_call,146976884,144679401,152080661,5,7,35,6773.709,7081.458,7204.292,7204.292,23.91,clear_pass,,,pass,PASS,
cpython-3.11.14,3.11.14,False,True,2.4.6,8131aca,stacked_histogram,bins=5;bin_us=10000,346,260,1000000,16,clustered,engine,sustained,125268872,122320917,125976847,5,10,50,8012.584,8308.792,8475.916,8475.916,23.91,clear_pass,,,pass,PASS,
cpython-3.11.14,3.11.14,False,True,2.4.6,8131aca,stacked_histogram,bins=5;bin_us=10000,640,480,10000,16,uniform,kernel,median_call,59790732,51485485,83478377,5,50,250,171.834,213.333,282.084,357.208,0.30,clear_pass,,,pass,PASS,
cpython-3.11.14,3.11.14,False,True,2.4.6,8131aca,stacked_histogram,bins=5;bin_us=10000,640,480,10000,16,uniform,engine,sustained,74557914,46546578,115453402,5,320,1600,121.000,213.750,388.166,889.792,0.30,clear_pass,,,pass,PASS,
cpython-3.11.14,3.11.14,False,True,2.4.6,8131aca,stacked_histogram,bins=5;bin_us=10000,640,480,10000,16,clustered,kernel,median_call,57713062,55020633,197369070,5,50,250,172.875,193.042,231.125,237.125,0.30,clear_pass,,,pass,PASS,
cpython-3.11.14,3.11.14,False,True,2.4.6,8131aca,stacked_histogram,bins=5;bin_us=10000,640,480,10000,16,clustered,engine,sustained,77107897,42239627,123017600,5,320,1600,139.833,235.208,437.583,937.292,0.30,clear_pass,,,pass,PASS,
cpython-3.11.14,3.11.14,False,True,2.4.6,8131aca,stacked_histogram,bins=5;bin_us=10000,640,480,100000,0,uniform,kernel,median_call,138456213,130392292,149318696,5,20,100,710.667,823.625,925.042,936.792,2.45,clear_pass,,,pass,PASS,
cpython-3.11.14,3.11.14,False,True,2.4.6,8131aca,stacked_histogram,bins=5;bin_us=10000,640,480,100000,0,uniform,engine,sustained,82456508,68165069,91435886,5,20,100,1181.708,1545.125,1667.500,1941.750,11.72,clear_pass,,,pass,PASS,
cpython-3.11.14,3.11.14,False,True,2.4.6,8131aca,stacked_histogram,bins=5;bin_us=10000,640,480,100000,0,clustered,kernel,median_call,142848674,134355961,149360625,5,20,100,691.208,853.958,869.416,877.833,2.45,clear_pass,,,pass,PASS,
cpython-3.11.14,3.11.14,False,True,2.4.6,8131aca,stacked_histogram,bins=5;bin_us=10000,640,480,100000,0,clustered,engine,sustained,85393443,79572030,94288298,5,20,100,1154.334,1457.042,1585.417,1720.125,11.72,clear_pass,,,pass,PASS,
cpython-3.11.14,3.11.14,False,True,2.4.6,8131aca,stacked_histogram,bins=5;bin_us=10000,640,480,100000,16,uniform,kernel,median_call,135256958,131705280,159903930,5,20,100,699.250,826.625,834.750,872.750,2.45,clear_pass,,,pass,PASS,
cpython-3.11.14,3.11.14,False,True,2.4.6,8131aca,stacked_histogram,bins=5;bin_us=10000,640,480,100000,16,uniform,engine,sustained,111948646,104567542,126936431,5,40,200,843.625,1116.583,1569.666,1654.334,2.45,clear_pass,,,pass,PASS,
cpython-3.11.14,3.11.14,False,True,2.4.6,8131aca,stacked_histogram,bins=5;bin_us=10000,640,480,100000,16,clustered,kernel,median_call,149518737,139803143,158630448,5,20,100,669.583,835.375,840.584,851.833,2.45,clear_pass,,,pass,PASS,
cpython-3.11.14,3.11.14,False,True,2.4.6,8131aca,stacked_histogram,bins=5;bin_us=10000,640,480,100000,16,clustered,engine,sustained,99310825,81616621,111760342,5,40,200,988.000,1446.917,1639.375,1859.458,2.45,clear_pass,,,pass,PASS,
cpython-3.11.14,3.11.14,False,True,2.4.6,8131aca,stacked_histogram,bins=5;bin_us=10000,640,480,1000000,0,uniform,kernel,median_call,130258520,126211504,135175469,5,7,35,7725.417,8082.041,8214.333,8214.333,23.91,clear_pass,,,pass,PASS,
cpython-3.11.14,3.11.14,False,True,2.4.6,8131aca,stacked_histogram,bins=5;bin_us=10000,640,480,1000000,0,uniform,engine,sustained,110035858,104430593,110859915,5,7,35,9048.375,9855.000,10220.209,10220.209,23.91,clear_pass,,,pass,PASS,
cpython-3.11.14,3.11.14,False,True,2.4.6,8131aca,stacked_histogram,bins=5;bin_us=10000,640,480,1000000,0,clustered,kernel,median_call,140382067,135868790,143243388,5,7,35,7159.709,7452.042,7498.291,7498.291,23.91,clear_pass,,,pass,PASS,
cpython-3.11.14,3.11.14,False,True,2.4.6,8131aca,stacked_histogram,bins=5;bin_us=10000,640,480,1000000,0,clustered,engine,sustained,110565013,109302558,111446924,5,7,35,8938.916,9646.291,9775.959,9775.959,23.91,clear_pass,,,pass,PASS,
cpython-3.11.14,3.11.14,False,True,2.4.6,8131aca,stacked_histogram,bins=5;bin_us=10000,640,480,1000000,16,uniform,kernel,median_call,129712908,127982242,137761616,5,7,35,7714.750,8164.792,8311.583,8311.583,23.91,clear_pass,,,pass,PASS,
cpython-3.11.14,3.11.14,False,True,2.4.6,8131aca,stacked_histogram,bins=5;bin_us=10000,640,480,1000000,16,uniform,engine,sustained,103843149,102121313,105065144,5,10,50,9495.334,10334.000,10575.084,10575.084,23.91,clear_pass,,,pass,PASS,
cpython-3.11.14,3.11.14,False,True,2.4.6,8131aca,stacked_histogram,bins=5;bin_us=10000,640,480,1000000,16,clustered,kernel,median_call,141017211,138672214,149260214,5,7,35,7085.667,7352.750,7458.125,7458.125,23.91,clear_pass,,,pass,PASS,
cpython-3.11.14,3.11.14,False,True,2.4.6,8131aca,stacked_histogram,bins=5;bin_us=10000,640,480,1000000,16,clustered,engine,sustained,111377643,107360599,111835502,5,10,50,8965.875,9519.250,10001.792,10001.792,23.91,clear_pass,,,pass,PASS,
cpython-3.11.14,3.11.14,False,True,2.4.6,8131aca,stacked_histogram,bins=5;bin_us=10000,1280,720,10000,16,uniform,kernel,median_call,53475793,48067333,147693035,5,50,250,188.833,225.625,341.459,443.500,0.30,clear_pass,,,pass,PASS,
cpython-3.11.14,3.11.14,False,True,2.4.6,8131aca,stacked_histogram,bins=5;bin_us=10000,1280,720,10000,16,uniform,engine,sustained,49756783,30705553,61929744,5,320,1600,158.833,370.917,2289.334,2732.500,0.30,clear_pass,,,pass,PASS,
cpython-3.11.14,3.11.14,False,True,2.4.6,8131aca,stacked_histogram,bins=5;bin_us=10000,1280,720,10000,16,clustered,kernel,median_call,136870056,51518641,176146272,5,50,250,73.625,199.542,312.041,360.166,0.30,clear_pass,,,pass,PASS,
cpython-3.11.14,3.11.14,False,True,2.4.6,8131aca,stacked_histogram,bins=5;bin_us=10000,1280,720,10000,16,clustered,engine,sustained,36292172,31034771,72869156,5,320,1600,207.542,321.541,1983.250,3877.917,0.30,clear_pass,,,pass,PASS,
cpython-3.11.14,3.11.14,False,True,2.4.6,8131aca,stacked_histogram,bins=5;bin_us=10000,1280,720,100000,0,uniform,kernel,median_call,100215011,95630865,109421641,5,20,100,987.125,1201.250,1243.583,1254.292,2.45,clear_pass,,,pass,PASS,
cpython-3.11.14,3.11.14,False,True,2.4.6,8131aca,stacked_histogram,bins=5;bin_us=10000,1280,720,100000,0,uniform,engine,sustained,32052310,30845258,32472872,5,20,100,3092.041,3691.000,4817.125,4835.500,35.16,clear_pass,,,pass,PASS,
cpython-3.11.14,3.11.14,False,True,2.4.6,8131aca,stacked_histogram,bins=5;bin_us=10000,1280,720,100000,0,clustered,kernel,median_call,124465266,120132097,135796501,5,20,100,801.292,952.000,967.834,975.375,2.45,clear_pass,,,pass,PASS,
cpython-3.11.14,3.11.14,False,True,2.4.6,8131aca,stacked_histogram,bins=5;bin_us=10000,1280,720,100000,0,clustered,engine,sustained,37340720,34657916,39028388,5,20,100,2569.208,3360.084,4316.375,4597.500,35.16,clear_pass,,,pass,PASS,
cpython-3.11.14,3.11.14,False,True,2.4.6,8131aca,stacked_histogram,bins=5;bin_us=10000,1280,720,100000,16,uniform,kernel,median_call,101707827,96668934,116538707,5,20,100,948.833,1180.750,1191.208,1212.708,2.45,clear_pass,,,pass,PASS,
cpython-3.11.14,3.11.14,False,True,2.4.6,8131aca,stacked_histogram,bins=5;bin_us=10000,1280,720,100000,16,uniform,engine,sustained,58059751,55603080,64355543,5,40,200,1184.834,3600.375,4508.667,4759.000,2.45,clear_pass,,,pass,PASS,
cpython-3.11.14,3.11.14,False,True,2.4.6,8131aca,stacked_histogram,bins=5;bin_us=10000,1280,720,100000,16,clustered,kernel,median_call,132435772,120940262,163582456,5,20,100,752.959,952.417,961.458,990.875,2.45,clear_pass,,,pass,PASS,
cpython-3.11.14,3.11.14,False,True,2.4.6,8131aca,stacked_histogram,bins=5;bin_us=10000,1280,720,100000,16,clustered,engine,sustained,65952819,64069234,85816870,5,40,200,1002.167,3126.625,4283.875,4352.125,2.45,clear_pass,,,pass,PASS,
cpython-3.11.14,3.11.14,False,True,2.4.6,8131aca,stacked_histogram,bins=5;bin_us=10000,1280,720,1000000,0,uniform,kernel,median_call,105464829,104254447,111573945,5,7,35,9465.833,9824.667,9846.792,9846.792,23.91,clear_pass,,,pass,PASS,
cpython-3.11.14,3.11.14,False,True,2.4.6,8131aca,stacked_histogram,bins=5;bin_us=10000,1280,720,1000000,0,uniform,engine,sustained,77059661,75523269,77762910,5,7,35,12764.041,14581.792,14613.333,14613.333,35.16,clear_pass,,,pass,PASS,
cpython-3.11.14,3.11.14,False,True,2.4.6,8131aca,stacked_histogram,bins=5;bin_us=10000,1280,720,1000000,0,clustered,kernel,median_call,130340575,128308631,137885085,5,7,35,7672.208,8003.708,8228.375,8228.375,23.91,clear_pass,,,pass,PASS,
cpython-3.11.14,3.11.14,False,True,2.4.6,8131aca,stacked_histogram,bins=5;bin_us=10000,1280,720,1000000,0,clustered,engine,sustained,92033362,89778073,92772318,5,7,35,10661.834,12095.292,12312.500,12312.500,35.16,clear_pass,,,pass,PASS,
cpython-3.11.14,3.11.14,False,True,2.4.6,8131aca,stacked_histogram,bins=5;bin_us=10000,1280,720,1000000,16,uniform,kernel,median_call,105604059,104062788,111299702,5,7,35,9456.209,9970.083,10179.167,10179.167,23.91,clear_pass,,,pass,PASS,
cpython-3.11.14,3.11.14,False,True,2.4.6,8131aca,stacked_histogram,bins=5;bin_us=10000,1280,720,1000000,16,uniform,engine,sustained,77878663,75652741,78427476,5,10,50,12700.625,14026.542,14353.584,14353.584,35.16,clear_pass,,,pass,PASS,
cpython-3.11.14,3.11.14,False,True,2.4.6,8131aca,stacked_histogram,bins=5;bin_us=10000,1280,720,1000000,16,clustered,kernel,median_call,129393307,128167467,136531968,5,7,35,7696.875,8105.416,8194.500,8194.500,23.91,clear_pass,,,pass,PASS,
cpython-3.11.14,3.11.14,False,True,2.4.6,8131aca,stacked_histogram,bins=5;bin_us=10000,1280,720,1000000,16,clustered,engine,sustained,92820273,92579127,93061202,5,10,50,10711.750,11237.042,11259.333,11259.333,35.16,clear_pass,,,pass,PASS,
cpython-3.11.14,3.11.14,False,True,2.4.6,8131aca,stacked_histogram,bins=15;bin_us=3333,346,260,10000,16,uniform,kernel,median_call,55690915,51807834,176146272,5,50,250,179.209,203.625,222.917,337.709,0.30,clear_pass,,,pass,PASS,
cpython-3.11.14,3.11.14,False,True,2.4.6,8131aca,stacked_histogram,bins=15;bin_us=3333,346,260,10000,16,uniform,engine,sustained,46672497,29762296,105891902,5,320,1600,203.375,336.875,459.584,1245.250,0.30,clear_pass,,,pass,PASS,
cpython-3.11.14,3.11.14,False,True,2.4.6,8131aca,stacked_histogram,bins=15;bin_us=3333,346,260,10000,16,clustered,kernel,median_call,56966586,52145528,184969388,5,50,250,175.500,199.208,211.750,333.000,0.30,clear_pass,,,pass,PASS,
cpython-3.11.14,3.11.14,False,True,2.4.6,8131aca,stacked_histogram,bins=15;bin_us=3333,346,260,10000,16,clustered,engine,sustained,71657227,40753124,111669622,5,320,1600,119.666,236.750,753.416,1228.625,0.30,clear_pass,,,pass,PASS,
cpython-3.11.14,3.11.14,False,True,2.4.6,8131aca,stacked_histogram,bins=15;bin_us=3333,346,260,100000,0,uniform,kernel,median_call,122349153,116705928,141613774,5,20,100,747.959,878.041,885.792,895.542,2.45,clear_pass,,,pass,PASS,
cpython-3.11.14,3.11.14,False,True,2.4.6,8131aca,stacked_histogram,bins=15;bin_us=3333,346,260,100000,0,uniform,engine,sustained,64773050,64478083,70834799,5,20,100,1493.917,1740.500,2000.542,2038.958,10.30,clear_pass,,,pass,PASS,
cpython-3.11.14,3.11.14,False,True,2.4.6,8131aca,stacked_histogram,bins=15;bin_us=3333,346,260,100000,0,clustered,kernel,median_call,146564814,125852177,157506111,5,20,100,677.583,846.625,869.750,873.625,2.45,clear_pass,,,pass,PASS,
cpython-3.11.14,3.11.14,False,True,2.4.6,8131aca,stacked_histogram,bins=15;bin_us=3333,346,260,100000,0,clustered,engine,sustained,65932530,64221691,75957421,5,20,100,1450.583,1787.917,2132.500,2199.416,10.30,clear_pass,,,pass,PASS,
cpython-3.11.14,3.11.14,False,True,2.4.6,8131aca,stacked_histogram,bins=15;bin_us=3333,346,260,100000,16,uniform,kernel,median_call,137284001,120855049,162288265,5,20,100,694.709,840.375,845.958,867.292,2.45,clear_pass,,,pass,PASS,
cpython-3.11.14,3.11.14,False,True,2.4.6,8131aca,stacked_histogram,bins=15;bin_us=3333,346,260,100000,16,uniform,engine,sustained,92236206,87977259,100303946,5,40,200,949.500,1647.667,1898.291,2045.042,2.45,clear_pass,,,pass,PASS,
cpython-3.11.14,3.11.14,False,True,2.4.6,8131aca,stacked_histogram,bins=15;bin_us=3333,346,260,100000,16,clustered,kernel,median_call,142543141,123004407,159304413,5,20,100,686.667,826.917,864.333,963.042,2.45,clear_pass,,,pass,PASS,
cpython-3.11.14,3.11.14,False,True,2.4.6,8131aca,stacked_histogram,bins=15;bin_us=3333,346,260,100000,16,clustered,engine,sustained,105538692,90209024,118910458,5,40,200,822.042,1613.833,1782.333,2132.792,2.45,clear_pass,,,pass,PASS,
cpython-3.11.14,3.11.14,False,True,2.4.6,8131aca,stacked_histogram,bins=15;bin_us=3333,346,260,1000000,0,uniform,kernel,median_call,131103112,128657342,136881596,5,7,35,7615.833,7992.959,8113.042,8113.042,23.91,clear_pass,,,pass,PASS,
cpython-3.11.14,3.11.14,False,True,2.4.6,8131aca,stacked_histogram,bins=15;bin_us=3333,346,260,1000000,0,uniform,engine,sustained,110500215,105888069,112328676,5,7,35,9172.750,9888.167,10056.709,10056.709,23.91,clear_pass,,,pass,PASS,
cpython-3.11.14,3.11.14,False,True,2.4.6,8131aca,stacked_histogram,bins=15;bin_us=3333,346,260,1000000,0,clustered,kernel,median_call,141452719,140228696,145316289,5,7,35,7060.417,7340.375,7427.416,7427.416,23.91,clear_pass,,,pass,PASS,
cpython-3.11.14,3.11.14,False,True,2.4.6,8131aca,stacked_histogram,bins=15;bin_us=3333,346,260,1000000,0,clustered,engine,sustained,111800696,111301026,113081132,5,7,35,8868.417,9384.000,9425.667,9425.667,23.91,clear_pass,,,pass,PASS,
cpython-3.11.14,3.11.14,False,True,2.4.6,8131aca,stacked_histogram,bins=15;bin_us=3333,346,260,1000000,16,uniform,kernel,median_call,131351398,129616922,135246330,5,7,35,7613.166,8009.333,8144.250,8144.250,23.91,clear_pass,,,pass,PASS,
cpython-3.11.14,3.11.14,False,True,2.4.6,8131aca,stacked_histogram,bins=15;bin_us=3333,346,260,1000000,16,uniform,engine,sustained,105995646,104450735,106517873,5,10,50,9410.125,10100.000,10137.333,10137.333,23.91,clear_pass,,,pass,PASS,
cpython-3.11.14,3.11.14,False,True,2.4.6,8131aca,stacked_histogram,bins=15;bin_us=3333,346,260,1000000,16,clustered,kernel,median_call,142712718,140755027,146167674,5,7,35,6992.459,7286.583,7510.959,7510.959,23.91,clear_pass,,,pass,PASS,
cpython-3.11.14,3.11.14,False,True,2.4.6,8131aca,stacked_histogram,bins=15;bin_us=3333,346,260,1000000,16,clustered,engine,sustained,115962250,111942596,116389934,5,10,50,8533.167,9254.125,9558.208,9558.208,23.91,clear_pass,,,pass,PASS,
cpython-3.11.14,3.11.14,False,True,2.4.6,8131aca,stacked_histogram,bins=15;bin_us=3333,640,480,10000,16,uniform,kernel,median_call,52173822,48602673,151515152,5,50,250,191.083,237.083,331.792,340.792,0.30,clear_pass,,,pass,PASS,
cpython-3.11.14,3.11.14,False,True,2.4.6,8131aca,stacked_histogram,bins=15;bin_us=3333,640,480,10000,16,uniform,engine,sustained,32157209,29627558,54378682,5,320,1600,249.959,348.208,2169.125,2709.875,0.30,clear_pass,,,pass,PASS,
cpython-3.11.14,3.11.14,False,True,2.4.6,8131aca,stacked_histogram,bins=15;bin_us=3333,640,480,10000,16,clustered,kernel,median_call,54255680,51031213,57197440,5,50,250,191.083,231.667,243.667,332.125,0.30,clear_pass,,,pass,PASS,
cpython-3.11.14,3.11.14,False,True,2.4.6,8131aca,stacked_histogram,bins=15;bin_us=3333,640,480,10000,16,clustered,engine,sustained,32399254,25935170,71982426,5,320,1600,245.084,354.792,2056.042,3722.541,0.30,clear_pass,,,pass,PASS,
cpython-3.11.14,3.11.14,False,True,2.4.6,8131aca,stacked_histogram,bins=15;bin_us=3333,640,480,100000,0,uniform,kernel,median_call,99473586,98261991,110266227,5,20,100,925.125,1053.208,1099.083,1129.167,2.45,clear_pass,,,pass,PASS,
cpython-3.11.14,3.11.14,False,True,2.4.6,8131aca,stacked_histogram,bins=15;bin_us=3333,640,480,100000,0,uniform,engine,sustained,34658566,32998922,36031329,5,20,100,2780.584,3314.625,4343.917,4427.125,35.16,clear_pass,,,pass,PASS,
cpython-3.11.14,3.11.14,False,True,2.4.6,8131aca,stacked_histogram,bins=15;bin_us=3333,640,480,100000,0,clustered,kernel,median_call,134801229,117141833,140981584,5,20,100,740.375,908.042,919.250,929.084,2.45,clear_pass,,,pass,PASS,
cpython-3.11.14,3.11.14,False,True,2.4.6,8131aca,stacked_histogram,bins=15;bin_us=3333,640,480,100000,0,clustered,engine,sustained,36124015,34925321,36589382,5,20,100,2708.125,3220.000,4323.542,4405.417,35.16,clear_pass,,,pass,PASS,
cpython-3.11.14,3.11.14,False,True,2.4.6,8131aca,stacked_histogram,bins=15;bin_us=3333,640,480,100000,16,uniform,kernel,median_call,114258553,96562006,127771687,5,20,100,878.000,1064.375,1098.500,1163.833,2.45,clear_pass,,,pass,PASS,
cpython-3.11.14,3.11.14,False,True,2.4.6,8131aca,stacked_histogram,bins=15;bin_us=3333,640,480,100000,16,uniform,engine,sustained,57524231,53320923,72399110,5,40,200,1258.750,3299.250,4219.292,4537.625,2.45,clear_pass,,,pass,PASS,
cpython-3.11.14,3.11.14,False,True,2.4.6,8131aca,stacked_histogram,bins=15;bin_us=3333,640,480,100000,16,clustered,kernel,median_call,132556376,116076678,173091686,5,20,100,748.500,905.084,924.500,925.333,2.45,clear_pass,,,pass,PASS,
cpython-3.11.14,3.11.14,False,True,2.4.6,8131aca,stacked_histogram,bins=15;bin_us=3333,640,480,100000,16,clustered,engine,sustained,63817308,57817670,69470924,5,40,200,1099.916,3076.917,4242.042,4391.750,2.45,clear_pass,,,pass,PASS,
cpython-3.11.14,3.11.14,False,True,2.4.6,8131aca,stacked_histogram,bins=15;bin_us=3333,640,480,1000000,0,uniform,kernel,median_call,112219793,110448421,113990420,5,7,35,8879.667,9168.125,9222.750,9222.750,23.91,clear_pass,,,pass,PASS,
cpython-3.11.14,3.11.14,False,True,2.4.6,8131aca,stacked_histogram,bins=15;bin_us=3333,640,480,1000000,0,uniform,engine,sustained,79655056,79173131,80431922,5,7,35,12352.041,13686.375,14113.333,14113.333,35.16,clear_pass,,,pass,PASS,
cpython-3.11.14,3.11.14,False,True,2.4.6,8131aca,stacked_histogram,bins=15;bin_us=3333,640,480,1000000,0,clustered,kernel,median_call,130072841,128664245,138904979,5,7,35,7688.000,8001.917,8482.333,8482.333,23.91,clear_pass,,,pass,PASS,
cpython-3.11.14,3.11.14,False,True,2.4.6,8131aca,stacked_histogram,bins=15;bin_us=3333,640,480,1000000,0,clustered,engine,sustained,90162034,88032553,91229729,5,7,35,10907.250,12422.667,12860.541,12860.541,35.16,clear_pass,,,pass,PASS,
cpython-3.11.14,3.11.14,False,True,2.4.6,8131aca,stacked_histogram,bins=15;bin_us=3333,640,480,1000000,16,uniform,kernel,median_call,110676093,106509033,115090797,5,7,35,9079.750,9418.333,9435.291,9435.291,23.91,clear_pass,,,pass,PASS,
cpython-3.11.14,3.11.14,False,True,2.4.6,8131aca,stacked_histogram,bins=15;bin_us=3333,640,480,1000000,16,uniform,engine,sustained,80941784,77392367,82981413,5,10,50,12267.875,13586.708,14046.167,14046.167,35.16,clear_pass,,,pass,PASS,
cpython-3.11.14,3.11.14,False,True,2.4.6,8131aca,stacked_histogram,bins=15;bin_us=3333,640,480,1000000,16,clustered,kernel,median_call,131086665,130138435,137229122,5,7,35,7584.833,7920.041,7978.833,7978.833,23.91,clear_pass,,,pass,PASS,
cpython-3.11.14,3.11.14,False,True,2.4.6,8131aca,stacked_histogram,bins=15;bin_us=3333,640,480,1000000,16,clustered,engine,sustained,90963771,88649338,91580857,5,10,50,11002.875,11430.500,11686.709,11686.709,35.16,clear_pass,,,pass,PASS,
cpython-3.11.14,3.11.14,False,True,2.4.6,8131aca,stacked_histogram,bins=15;bin_us=3333,1280,720,10000,16,uniform,kernel,median_call,53727334,48686440,139778032,5,50,250,192.083,580.791,609.250,614.833,0.30,clear_pass,,,pass,PASS,
cpython-3.11.14,3.11.14,False,True,2.4.6,8131aca,stacked_histogram,bins=15;bin_us=3333,1280,720,10000,16,uniform,engine,sustained,20677607,17522476,22892775,5,320,1600,278.583,624.125,6585.042,8133.125,0.30,borderline,32062415,20,pass,PASS,
cpython-3.11.14,3.11.14,False,True,2.4.6,8131aca,stacked_histogram,bins=15;bin_us=3333,1280,720,10000,16,clustered,kernel,median_call,50404242,49464057,54133499,5,50,250,198.625,308.042,321.167,362.166,0.30,clear_pass,,,pass,PASS,
cpython-3.11.14,3.11.14,False,True,2.4.6,8131aca,stacked_histogram,bins=15;bin_us=3333,1280,720,10000,16,clustered,engine,sustained,21940544,18945454,37332196,5,320,1600,255.084,429.458,6086.209,10556.375,0.30,borderline,37174009,20,pass,PASS,
cpython-3.11.14,3.11.14,False,True,2.4.6,8131aca,stacked_histogram,bins=15;bin_us=3333,1280,720,100000,0,uniform,kernel,median_call,81287034,78150429,95659452,5,20,100,1160.375,1362.541,1369.417,1382.208,2.45,clear_pass,,,pass,NOT MET,
cpython-3.11.14,3.11.14,False,True,2.4.6,8131aca,stacked_histogram,bins=15;bin_us=3333,1280,720,100000,0,uniform,engine,sustained,14508581,14226648,14878918,5,20,100,6647.667,7361.333,10839.333,10882.584,105.47,clear_miss,,,miss,NOT MET,
cpython-3.11.14,3.11.14,False,True,2.4.6,8131aca,stacked_histogram,bins=15;bin_us=3333,1280,720,100000,0,clustered,kernel,median_call,124252543,111330184,131662016,5,20,100,802.375,986.500,1094.833,1100.708,2.45,clear_pass,,,pass,NOT MET,
cpython-3.11.14,3.11.14,False,True,2.4.6,8131aca,stacked_histogram,bins=15;bin_us=3333,1280,720,100000,0,clustered,engine,sustained,15253703,14987916,15403480,5,20,100,6304.000,7956.583,11358.500,11600.541,105.47,clear_miss,,,miss,NOT MET,
cpython-3.11.14,3.11.14,False,True,2.4.6,8131aca,stacked_histogram,bins=15;bin_us=3333,1280,720,100000,16,uniform,kernel,median_call,93383412,79170045,94880396,5,20,100,1109.833,1355.292,1376.541,1376.750,2.45,clear_pass,,,pass,PASS,
cpython-3.11.14,3.11.14,False,True,2.4.6,8131aca,stacked_histogram,bins=15;bin_us=3333,1280,720,100000,16,uniform,engine,sustained,33078776,31306681,34362267,5,40,200,1431.084,7930.292,11203.041,11877.250,2.45,clear_pass,,,pass,PASS,
cpython-3.11.14,3.11.14,False,True,2.4.6,8131aca,stacked_histogram,bins=15;bin_us=3333,1280,720,100000,16,clustered,kernel,median_call,121589786,96696275,128287281,5,20,100,828.958,1287.625,1325.709,1677.375,2.45,clear_pass,,,pass,PASS,run 4 re-run once after a 10-second AC loss (environment retry 1)
cpython-3.11.14,3.11.14,False,True,2.4.6,8131aca,stacked_histogram,bins=15;bin_us=3333,1280,720,100000,16,clustered,engine,sustained,36511090,35110382,38376836,5,40,200,1315.375,7171.208,10801.208,10991.084,2.45,clear_pass,,,pass,PASS,
cpython-3.11.14,3.11.14,False,True,2.4.6,8131aca,stacked_histogram,bins=15;bin_us=3333,1280,720,1000000,0,uniform,kernel,median_call,85912196,85022265,89573630,5,7,35,11623.792,11880.042,12012.667,12012.667,23.91,clear_pass,,,pass,PASS,run 4 re-run once after a 10-second AC loss (environment retry 1)
cpython-3.11.14,3.11.14,False,True,2.4.6,8131aca,stacked_histogram,bins=15;bin_us=3333,1280,720,1000000,0,uniform,engine,sustained,48832624,48461128,49456435,5,7,35,19999.292,23872.750,24148.792,24148.792,105.47,clear_pass,,,pass,PASS,
cpython-3.11.14,3.11.14,False,True,2.4.6,8131aca,stacked_histogram,bins=15;bin_us=3333,1280,720,1000000,0,clustered,kernel,median_call,114000713,108274910,120673362,5,7,35,8856.333,9513.291,9686.500,9686.500,23.91,clear_pass,,,pass,PASS,run 4 re-run once after a 10-second AC loss (environment retry 1)
cpython-3.11.14,3.11.14,False,True,2.4.6,8131aca,stacked_histogram,bins=15;bin_us=3333,1280,720,1000000,0,clustered,engine,sustained,59695170,58473426,60819698,5,7,35,16149.250,20831.834,22079.625,22079.625,105.47,clear_pass,,,pass,PASS,
cpython-3.11.14,3.11.14,False,True,2.4.6,8131aca,stacked_histogram,bins=15;bin_us=3333,1280,720,1000000,16,uniform,kernel,median_call,85972510,84308445,89744114,5,7,35,11671.666,12182.500,12224.709,12224.709,23.91,clear_pass,,,pass,PASS,run 4 re-run once after a 10-second AC loss (environment retry 1)
cpython-3.11.14,3.11.14,False,True,2.4.6,8131aca,stacked_histogram,bins=15;bin_us=3333,1280,720,1000000,16,uniform,engine,sustained,50276985,49582229,50797714,5,10,50,19473.792,23066.500,23130.500,23130.500,105.47,clear_pass,,,pass,PASS,
cpython-3.11.14,3.11.14,False,True,2.4.6,8131aca,stacked_histogram,bins=15;bin_us=3333,1280,720,1000000,16,clustered,kernel,median_call,112805284,108950751,119740761,5,7,35,8864.833,9329.916,9426.208,9426.208,23.91,clear_pass,,,pass,PASS,run 4 re-run once after a 10-second AC loss (environment retry 1)
cpython-3.11.14,3.11.14,False,True,2.4.6,8131aca,stacked_histogram,bins=15;bin_us=3333,1280,720,1000000,16,clustered,engine,sustained,61800814,61489665,62847116,5,10,50,16018.250,17035.250,17601.375,17601.375,105.47,clear_pass,,,pass,PASS,
cpython-3.11.14,3.11.14,False,True,2.4.6,8131aca,stacked_histogram,bins=10;bin_us=5000,346,260,10000,16,uniform,kernel,median_call,60952567,55382485,177055392,5,50,250,164.041,195.208,306.583,326.459,0.30,clear_pass,,,pass,PASS,run 4 re-run once after a 10-second AC loss (environment retry 1)
cpython-3.11.14,3.11.14,False,True,2.4.6,8131aca,stacked_histogram,bins=10;bin_us=5000,346,260,10000,16,uniform,engine,sustained,63110973,47628518,112596898,5,320,1600,93.167,306.708,568.250,1025.792,0.30,clear_pass,,,pass,PASS,
cpython-3.11.14,3.11.14,False,True,2.4.6,8131aca,stacked_histogram,bins=10;bin_us=5000,346,260,10000,16,clustered,kernel,median_call,156861515,57020670,202702018,5,50,250,64.375,185.708,196.542,295.208,0.30,clear_pass,,,pass,PASS,run 4 re-run once after a 10-second AC loss (environment retry 1)
cpython-3.11.14,3.11.14,False,True,2.4.6,8131aca,stacked_histogram,bins=10;bin_us=5000,346,260,10000,16,clustered,engine,sustained,74692424,48926413,116649032,5,320,1600,88.542,297.375,504.583,856.584,0.30,clear_pass,,,pass,PASS,
cpython-3.11.14,3.11.14,False,True,2.4.6,8131aca,stacked_histogram,bins=10;bin_us=5000,346,260,100000,0,uniform,kernel,median_call,129922858,127696960,197206180,5,20,100,702.291,826.042,846.291,919.083,2.45,clear_pass,,,pass,PASS,run 4 re-run once after a 10-second AC loss (environment retry 1)
cpython-3.11.14,3.11.14,False,True,2.4.6,8131aca,stacked_histogram,bins=10;bin_us=5000,346,260,100000,0,uniform,engine,sustained,87715932,79077563,97611758,5,20,100,1074.750,1461.209,1545.875,1564.583,6.86,clear_pass,,,pass,PASS,
cpython-3.11.14,3.11.14,False,True,2.4.6,8131aca,stacked_histogram,bins=10;bin_us=5000,346,260,100000,0,clustered,kernel,median_call,151152386,136390760,170611925,5,20,100,636.708,800.583,880.959,890.791,2.45,clear_pass,,,pass,PASS,run 4 re-run once after a 10-second AC loss (environment retry 1)
cpython-3.11.14,3.11.14,False,True,2.4.6,8131aca,stacked_histogram,bins=10;bin_us=5000,346,260,100000,0,clustered,engine,sustained,93332917,81140156,97797316,5,20,100,1050.666,1421.041,1480.542,1624.792,6.86,clear_pass,,,pass,PASS,
cpython-3.11.14,3.11.14,False,True,2.4.6,8131aca,stacked_histogram,bins=10;bin_us=5000,346,260,100000,16,uniform,kernel,median_call,131730698,127051323,154489901,5,20,100,698.417,831.084,838.209,840.625,2.45,clear_pass,,,pass,PASS,run 4 re-run once after a 10-second AC loss (environment retry 1)
cpython-3.11.14,3.11.14,False,True,2.4.6,8131aca,stacked_histogram,bins=10;bin_us=5000,346,260,100000,16,uniform,engine,sustained,119607535,111090538,144082487,5,40,200,746.417,1170.584,1308.667,1468.583,2.45,clear_pass,,,pass,PASS,
cpython-3.11.14,3.11.14,False,True,2.4.6,8131aca,stacked_histogram,bins=10;bin_us=5000,346,260,100000,16,clustered,kernel,median_call,154127615,145808090,167621270,5,20,100,631.625,796.542,854.542,929.417,2.45,clear_pass,,,pass,PASS,run 4 re-run once after a 10-second AC loss (environment retry 1)
cpython-3.11.14,3.11.14,False,True,2.4.6,8131aca,stacked_histogram,bins=10;bin_us=5000,346,260,100000,16,clustered,engine,sustained,118554225,112284506,132050437,5,40,200,777.709,1210.000,1273.791,1487.416,2.45,clear_pass,,,pass,PASS,
cpython-3.11.14,3.11.14,False,True,2.4.6,8131aca,stacked_histogram,bins=10;bin_us=5000,346,260,1000000,0,uniform,kernel,median_call,135489128,133286683,142801042,5,7,35,7356.834,7723.583,7802.834,7802.834,23.91,clear_pass,,,pass,PASS,run 4 re-run once after a 10-second AC loss (environment retry 1)
cpython-3.11.14,3.11.14,False,True,2.4.6,8131aca,stacked_histogram,bins=10;bin_us=5000,346,260,1000000,0,uniform,engine,sustained,112783693,112054381,115044618,5,7,35,8778.333,9552.000,9684.042,9684.042,23.91,clear_pass,,,pass,PASS,
cpython-3.11.14,3.11.14,False,True,2.4.6,8131aca,stacked_histogram,bins=10;bin_us=5000,346,260,1000000,0,clustered,kernel,median_call,147269072,141262072,155505880,5,7,35,6790.292,7190.875,7289.792,7289.792,23.91,clear_pass,,,pass,PASS,run 4 re-run once after a 10-second AC loss (environment retry 1)
cpython-3.11.14,3.11.14,False,True,2.4.6,8131aca,stacked_histogram,bins=10;bin_us=5000,346,260,1000000,0,clustered,engine,sustained,116913159,116270137,119628891,5,7,35,8514.167,8828.375,8945.459,8945.459,23.91,clear_pass,,,pass,PASS,
cpython-3.11.14,3.11.14,False,True,2.4.6,8131aca,stacked_histogram,bins=10;bin_us=5000,346,260,1000000,16,uniform,kernel,median_call,137285622,133194225,142528818,5,7,35,7287.584,7592.667,7717.042,7717.042,23.91,clear_pass,,,pass,PASS,run 4 re-run once after a 10-second AC loss (environment retry 1)
cpython-3.11.14,3.11.14,False,True,2.4.6,8131aca,stacked_histogram,bins=10;bin_us=5000,346,260,1000000,16,uniform,engine,sustained,110402743,108063957,111919471,5,10,50,9005.000,9639.459,10020.750,10020.750,23.91,clear_pass,,,pass,PASS,
cpython-3.11.14,3.11.14,False,True,2.4.6,8131aca,stacked_histogram,bins=10;bin_us=5000,346,260,1000000,16,clustered,kernel,median_call,147139079,144759699,152478725,5,7,35,6800.208,7300.791,7365.875,7365.875,23.91,clear_pass,,,pass,PASS,run 4 re-run once after a 10-second AC loss (environment retry 1)
cpython-3.11.14,3.11.14,False,True,2.4.6,8131aca,stacked_histogram,bins=10;bin_us=5000,346,260,1000000,16,clustered,engine,sustained,116941228,114274287,120996895,5,10,50,8457.958,8982.917,9279.125,9279.125,23.91,clear_pass,,,pass,PASS,
cpython-3.11.14,3.11.14,False,True,2.4.6,8131aca,stacked_histogram,bins=10;bin_us=5000,640,480,10000,16,uniform,kernel,median_call,59413294,53179750,79064821,5,50,250,179.458,309.042,318.250,335.250,0.30,clear_pass,,,pass,PASS,run 4 re-run once after a 10-second AC loss (environment retry 1)
cpython-3.11.14,3.11.14,False,True,2.4.6,8131aca,stacked_histogram,bins=10;bin_us=5000,640,480,10000,16,uniform,engine,sustained,35545258,29728856,80620794,5,320,1600,233.250,333.083,1554.416,2236.708,0.30,clear_pass,,,pass,PASS,
cpython-3.11.14,3.11.14,False,True,2.4.6,8131aca,stacked_histogram,bins=10;bin_us=5000,640,480,10000,16,clustered,kernel,median_call,55600499,52145528,74096852,5,50,250,184.125,230.958,241.167,343.958,0.30,clear_pass,,,pass,PASS,run 4 re-run once after a 10-second AC loss (environment retry 1)
cpython-3.11.14,3.11.14,False,True,2.4.6,8131aca,stacked_histogram,bins=10;bin_us=5000,640,480,10000,16,clustered,engine,sustained,48022758,28081394,86851884,5,320,1600,165.458,346.583,1484.292,2518.125,0.30,clear_pass,,,pass,PASS,
cpython-3.11.14,3.11.14,False,True,2.4.6,8131aca,stacked_histogram,bins=10;bin_us=5000,640,480,100000,0,uniform,kernel,median_call,114783020,113590605,128102482,5,20,100,813.750,968.708,978.166,1003.084,2.45,clear_pass,,,pass,PASS,run 4 re-run once after a 10-second AC loss (environment retry 1)
cpython-3.11.14,3.11.14,False,True,2.4.6,8131aca,stacked_histogram,bins=10;bin_us=5000,640,480,100000,0,uniform,engine,sustained,43701721,42038040,48087086,5,20,100,2195.958,2530.291,3186.542,3315.167,23.44,clear_pass,,,pass,PASS,
cpython-3.11.14,3.11.14,False,True,2.4.6,8131aca,stacked_histogram,bins=10;bin_us=5000,640,480,100000,0,clustered,kernel,median_call,141873352,128215402,180471373,5,20,100,694.334,867.750,889.084,892.250,2.45,clear_pass,,,pass,PASS,run 4 re-run once after a 10-second AC loss (environment retry 1)
cpython-3.11.14,3.11.14,False,True,2.4.6,8131aca,stacked_histogram,bins=10;bin_us=5000,640,480,100000,0,clustered,engine,sustained,45188205,42218811,48298240,5,20,100,2258.000,2384.125,3371.125,3407.125,23.44,clear_pass,,,pass,PASS,
cpython-3.11.14,3.11.14,False,True,2.4.6,8131aca,stacked_histogram,bins=10;bin_us=5000,640,480,100000,16,uniform,kernel,median_call,127034538,121068380,154963560,5,20,100,772.666,872.500,968.542,1002.334,2.45,clear_pass,,,pass,PASS,run 4 re-run once after a 10-second AC loss (environment retry 1)
cpython-3.11.14,3.11.14,False,True,2.4.6,8131aca,stacked_histogram,bins=10;bin_us=5000,640,480,100000,16,uniform,engine,sustained,72387221,67451776,80841628,5,40,200,1025.041,2499.458,3171.041,3471.334,2.45,clear_pass,,,pass,PASS,
cpython-3.11.14,3.11.14,False,True,2.4.6,8131aca,stacked_histogram,bins=10;bin_us=5000,640,480,100000,16,clustered,kernel,median_call,141455221,122790462,186385994,5,20,100,688.625,863.666,870.875,882.000,2.45,clear_pass,,,pass,PASS,run 4 re-run once after a 10-second AC loss (environment retry 1)
cpython-3.11.14,3.11.14,False,True,2.4.6,8131aca,stacked_histogram,bins=10;bin_us=5000,640,480,100000,16,clustered,engine,sustained,80593299,67724292,90494578,5,40,200,1035.666,2306.125,2992.875,3220.709,2.45,clear_pass,,,pass,PASS,
cpython-3.11.14,3.11.14,False,True,2.4.6,8131aca,stacked_histogram,bins=10;bin_us=5000,640,480,1000000,0,uniform,kernel,median_call,120872082,118794826,125986903,5,7,35,8275.709,8725.084,8852.959,8852.959,23.91,clear_pass,,,pass,PASS,run 4 re-run once after a 10-second AC loss (environment retry 1)
cpython-3.11.14,3.11.14,False,True,2.4.6,8131aca,stacked_histogram,bins=10;bin_us=5000,640,480,1000000,0,uniform,engine,sustained,90344586,86771123,90843906,5,7,35,10977.500,12175.709,12573.959,12573.959,23.91,clear_pass,,,pass,PASS,
cpython-3.11.14,3.11.14,False,True,2.4.6,8131aca,stacked_histogram,bins=10;bin_us=5000,640,480,1000000,0,clustered,kernel,median_call,137167946,131891322,138160514,5,7,35,7304.000,7781.042,8167.041,8167.041,23.91,clear_pass,,,pass,PASS,run 4 re-run once after a 10-second AC loss (environment retry 1)
cpython-3.11.14,3.11.14,False,True,2.4.6,8131aca,stacked_histogram,bins=10;bin_us=5000,640,480,1000000,0,clustered,engine,sustained,96424489,93513087,98747030,5,7,35,10292.500,11238.458,11414.709,11414.709,23.91,clear_pass,,,pass,PASS,
cpython-3.11.14,3.11.14,False,True,2.4.6,8131aca,stacked_histogram,bins=10;bin_us=5000,640,480,1000000,16,uniform,kernel,median_call,120054620,115402920,125393155,5,7,35,8336.667,8781.792,9279.250,9279.250,23.91,clear_pass,,,pass,PASS,run 4 re-run once after a 10-second AC loss (environment retry 1)
cpython-3.11.14,3.11.14,False,True,2.4.6,8131aca,stacked_histogram,bins=10;bin_us=5000,640,480,1000000,16,uniform,engine,sustained,89568748,88350538,91871093,5,10,50,11060.167,11703.041,12157.833,12157.833,23.91,clear_pass,,,pass,PASS,
cpython-3.11.14,3.11.14,False,True,2.4.6,8131aca,stacked_histogram,bins=10;bin_us=5000,640,480,1000000,16,clustered,kernel,median_call,135794214,131149691,140002923,5,7,35,7386.208,7759.792,8055.625,8055.625,23.91,clear_pass,,,pass,PASS,run 4 re-run once after a 10-second AC loss (environment retry 1)
cpython-3.11.14,3.11.14,False,True,2.4.6,8131aca,stacked_histogram,bins=10;bin_us=5000,640,480,1000000,16,clustered,engine,sustained,97223579,96172649,101432996,5,10,50,10190.833,11420.292,11788.042,11788.042,23.91,clear_pass,,,pass,PASS,
cpython-3.11.14,3.11.14,False,True,2.4.6,8131aca,stacked_histogram,bins=10;bin_us=5000,1280,720,10000,16,uniform,kernel,median_call,55191293,49797697,145719490,5,50,250,186.416,562.292,592.958,630.458,0.30,clear_pass,,,pass,PASS,run 4 re-run once after a 10-second AC loss (environment retry 1)
cpython-3.11.14,3.11.14,False,True,2.4.6,8131aca,stacked_histogram,bins=10;bin_us=5000,1280,720,10000,16,uniform,engine,sustained,23179651,20376476,26583053,5,320,1600,293.125,604.625,4530.584,5405.917,0.30,clear_pass,,,pass,PASS,
cpython-3.11.14,3.11.14,False,True,2.4.6,8131aca,stacked_histogram,bins=10;bin_us=5000,1280,720,10000,16,clustered,kernel,median_call,53805675,52026971,54551505,5,50,250,189.500,299.791,307.708,311.708,0.30,clear_pass,,,pass,PASS,run 4 re-run once after a 10-second AC loss (environment retry 1)
cpython-3.11.14,3.11.14,False,True,2.4.6,8131aca,stacked_histogram,bins=10;bin_us=5000,1280,720,10000,16,clustered,engine,sustained,22346661,21701685,49411269,5,320,1600,314.333,436.041,3905.417,6642.959,0.30,clear_pass,,,pass,PASS,
cpython-3.11.14,3.11.14,False,True,2.4.6,8131aca,stacked_histogram,bins=10;bin_us=5000,1280,720,100000,0,uniform,kernel,median_call,95621309,86352654,106550683,5,20,100,1020.416,1232.208,1269.125,1309.000,2.45,clear_pass,,,pass,NOT MET,run 4 re-run once after a 10-second AC loss (environment retry 1)
cpython-3.11.14,3.11.14,False,True,2.4.6,8131aca,stacked_histogram,bins=10;bin_us=5000,1280,720,100000,0,uniform,engine,sustained,20509341,20005753,20877335,5,20,100,4684.125,5320.792,7694.708,8170.083,70.31,borderline,20271279,16,miss,NOT MET,
cpython-3.11.14,3.11.14,False,True,2.4.6,8131aca,stacked_histogram,bins=10;bin_us=5000,1280,720,100000,0,clustered,kernel,median_call,114950787,109227424,124863431,5,20,100,831.250,981.042,1014.000,1015.041,2.45,clear_pass,,,pass,PASS,
cpython-3.11.14,3.11.14,False,True,2.4.6,8131aca,stacked_histogram,bins=10;bin_us=5000,1280,720,100000,0,clustered,engine,sustained,21035867,20194311,22218426,5,20,100,4549.666,6090.417,7734.208,8142.417,70.31,borderline,22337937,20,pass,PASS,
cpython-3.11.14,3.11.14,False,True,2.4.6,8131aca,stacked_histogram,bins=10;bin_us=5000,1280,720,100000,16,uniform,kernel,median_call,101238040,90829945,104618488,5,20,100,990.584,1162.833,1204.042,1229.708,2.45,clear_pass,,,pass,PASS,
cpython-3.11.14,3.11.14,False,True,2.4.6,8131aca,stacked_histogram,bins=10;bin_us=5000,1280,720,100000,16,uniform,engine,sustained,39335799,38011824,45139509,5,40,200,1505.375,5725.291,7914.542,8156.209,2.45,clear_pass,,,pass,PASS,
cpython-3.11.14,3.11.14,False,True,2.4.6,8131aca,stacked_histogram,bins=10;bin_us=5000,1280,720,100000,16,clustered,kernel,median_call,127098394,111423158,137013610,5,20,100,789.541,958.292,986.791,994.167,2.45,clear_pass,,,pass,PASS,
cpython-3.11.14,3.11.14,False,True,2.4.6,8131aca,stacked_histogram,bins=10;bin_us=5000,1280,720,100000,16,clustered,engine,sustained,47192213,44763529,55804320,5,40,200,1293.375,4752.791,7159.459,7569.542,2.45,clear_pass,,,pass,PASS,
cpython-3.11.14,3.11.14,False,True,2.4.6,8131aca,stacked_histogram,bins=10;bin_us=5000,1280,720,1000000,0,uniform,kernel,median_call,92298468,87743351,95027677,5,7,35,10827.750,11528.500,11604.042,11604.042,23.91,clear_pass,,,pass,PASS,
cpython-3.11.14,3.11.14,False,True,2.4.6,8131aca,stacked_histogram,bins=10;bin_us=5000,1280,720,1000000,0,uniform,engine,sustained,58586701,58123584,59239282,5,7,35,16757.000,18995.917,19170.417,19170.417,70.31,clear_pass,,,pass,PASS,
cpython-3.11.14,3.11.14,False,True,2.4.6,8131aca,stacked_histogram,bins=10;bin_us=5000,1280,720,1000000,0,clustered,kernel,median_call,119491559,116824709,121587938,5,7,35,8457.542,9046.791,9164.333,9164.333,23.91,clear_pass,,,pass,PASS,
cpython-3.11.14,3.11.14,False,True,2.4.6,8131aca,stacked_histogram,bins=10;bin_us=5000,1280,720,1000000,0,clustered,engine,sustained,70989744,70177285,72727241,5,7,35,13720.375,16547.459,17098.333,17098.333,70.31,clear_pass,,,pass,PASS,
cpython-3.11.14,3.11.14,False,True,2.4.6,8131aca,stacked_histogram,bins=10;bin_us=5000,1280,720,1000000,16,uniform,kernel,median_call,91593964,87720906,95336083,5,7,35,10900.542,11827.625,11890.667,11890.667,23.91,clear_pass,,,pass,PASS,
cpython-3.11.14,3.11.14,False,True,2.4.6,8131aca,stacked_histogram,bins=10;bin_us=5000,1280,720,1000000,16,uniform,engine,sustained,59426579,57100548,60107005,5,10,50,16675.750,18763.041,19323.417,19323.417,70.31,clear_pass,,,pass,PASS,
cpython-3.11.14,3.11.14,False,True,2.4.6,8131aca,stacked_histogram,bins=10;bin_us=5000,1280,720,1000000,16,clustered,kernel,median_call,119496313,115555170,123279222,5,7,35,8371.209,9405.792,9506.833,9506.833,23.91,clear_pass,,,pass,PASS,
cpython-3.11.14,3.11.14,False,True,2.4.6,8131aca,stacked_histogram,bins=10;bin_us=5000,1280,720,1000000,16,clustered,engine,sustained,72495835,71054836,73232064,5,10,50,13729.833,14699.416,14857.500,14857.500,70.31,clear_pass,,,pass,PASS,
cpython-3.11.14,3.11.14,False,True,2.4.6,8131aca,voxel_grid,bins=5;bin_us=12500,346,260,10000,16,uniform,kernel,median_call,123584189,122636939,125326633,5,50,250,80.708,197.917,330.709,332.792,0.47,clear_pass,,,pass,PASS,
cpython-3.11.14,3.11.14,False,True,2.4.6,8131aca,voxel_grid,bins=5;bin_us=12500,346,260,10000,16,uniform,engine,sustained,90799793,87127683,96173980,5,320,1600,93.833,136.541,469.083,627.125,0.47,clear_pass,,,pass,PASS,
cpython-3.11.14,3.11.14,False,True,2.4.6,8131aca,voxel_grid,bins=5;bin_us=12500,346,260,10000,16,clustered,kernel,median_call,140063869,132854173,144448136,5,50,250,73.250,194.917,290.167,327.042,0.47,clear_pass,,,pass,PASS,
cpython-3.11.14,3.11.14,False,True,2.4.6,8131aca,voxel_grid,bins=5;bin_us=12500,346,260,10000,16,clustered,engine,sustained,93448056,92629569,96094059,5,320,1600,89.042,121.833,464.750,657.167,0.47,clear_pass,,,pass,PASS,
cpython-3.11.14,3.11.14,False,True,2.4.6,8131aca,voxel_grid,bins=5;bin_us=12500,346,260,100000,0,uniform,kernel,median_call,103119361,102282171,123475845,5,20,100,921.291,1061.750,1116.333,1209.417,4.67,clear_pass,,,pass,PASS,
cpython-3.11.14,3.11.14,False,True,2.4.6,8131aca,voxel_grid,bins=5;bin_us=12500,346,260,100000,0,uniform,engine,sustained,63641658,61609863,81058767,5,20,100,1507.292,1740.417,1832.916,1839.000,4.68,clear_pass,,,pass,PASS,
cpython-3.11.14,3.11.14,False,True,2.4.6,8131aca,voxel_grid,bins=5;bin_us=12500,346,260,100000,0,clustered,kernel,median_call,114321056,112023919,142395172,5,20,100,824.250,962.000,979.584,995.291,4.67,clear_pass,,,pass,PASS,
cpython-3.11.14,3.11.14,False,True,2.4.6,8131aca,voxel_grid,bins=5;bin_us=12500,346,260,100000,0,clustered,engine,sustained,65924369,62300925,88405277,5,20,100,1444.584,1714.084,1771.792,1884.208,4.68,clear_pass,,,pass,PASS,
cpython-3.11.14,3.11.14,False,True,2.4.6,8131aca,voxel_grid,bins=5;bin_us=12500,346,260,100000,16,uniform,kernel,median_call,107563025,102450251,130548388,5,20,100,881.042,1049.375,1076.625,1085.875,4.67,clear_pass,,,pass,PASS,
cpython-3.11.14,3.11.14,False,True,2.4.6,8131aca,voxel_grid,bins=5;bin_us=12500,346,260,100000,16,uniform,engine,sustained,80177192,76848622,93691360,5,40,200,1154.500,1722.625,1752.167,1825.250,4.68,clear_pass,,,pass,PASS,
cpython-3.11.14,3.11.14,False,True,2.4.6,8131aca,voxel_grid,bins=5;bin_us=12500,346,260,100000,16,clustered,kernel,median_call,111436133,109839837,113263687,5,20,100,892.792,991.875,1011.750,1018.500,4.67,clear_pass,,,pass,PASS,
cpython-3.11.14,3.11.14,False,True,2.4.6,8131aca,voxel_grid,bins=5;bin_us=12500,346,260,100000,16,clustered,engine,sustained,81998359,79330910,87211990,5,40,200,1107.666,1720.958,1763.166,1795.333,4.68,clear_pass,,,pass,PASS,
cpython-3.11.14,3.11.14,False,True,2.4.6,8131aca,voxel_grid,bins=5;bin_us=12500,346,260,1000000,0,uniform,kernel,median_call,87398263,85957117,91061205,5,7,35,11439.834,11846.500,12417.583,12417.583,46.73,clear_pass,,,pass,PASS,
cpython-3.11.14,3.11.14,False,True,2.4.6,8131aca,voxel_grid,bins=5;bin_us=12500,346,260,1000000,0,uniform,engine,sustained,75964134,73194547,77223131,5,7,35,13173.791,13849.333,15582.333,15582.333,46.73,clear_pass,,,pass,PASS,
cpython-3.11.14,3.11.14,False,True,2.4.6,8131aca,voxel_grid,bins=5;bin_us=12500,346,260,1000000,0,clustered,kernel,median_call,96191999,93897084,99994170,5,7,35,10440.667,10942.500,11042.084,11042.084,46.73,clear_pass,,,pass,PASS,
cpython-3.11.14,3.11.14,False,True,2.4.6,8131aca,voxel_grid,bins=5;bin_us=12500,346,260,1000000,0,clustered,engine,sustained,83049089,82541856,83504817,5,7,35,11960.042,12809.542,13182.625,13182.625,46.73,clear_pass,,,pass,PASS,
cpython-3.11.14,3.11.14,False,True,2.4.6,8131aca,voxel_grid,bins=5;bin_us=12500,346,260,1000000,16,uniform,kernel,median_call,85969428,85447869,88517117,5,7,35,11674.375,12524.416,13326.667,13326.667,46.73,clear_pass,,,pass,PASS,
cpython-3.11.14,3.11.14,False,True,2.4.6,8131aca,voxel_grid,bins=5;bin_us=12500,346,260,1000000,16,uniform,engine,sustained,76684813,76112648,77306713,5,10,50,13048.459,13413.459,13963.333,13963.333,46.73,clear_pass,,,pass,PASS,
cpython-3.11.14,3.11.14,False,True,2.4.6,8131aca,voxel_grid,bins=5;bin_us=12500,346,260,1000000,16,clustered,kernel,median_call,95235456,94101041,96376643,5,7,35,10491.833,11067.375,11220.333,11220.333,46.73,clear_pass,,,pass,PASS,
cpython-3.11.14,3.11.14,False,True,2.4.6,8131aca,voxel_grid,bins=5;bin_us=12500,346,260,1000000,16,clustered,engine,sustained,82843121,81866669,83084197,5,10,50,12024.458,12760.125,13364.500,13364.500,46.73,clear_pass,,,pass,PASS,
cpython-3.11.14,3.11.14,False,True,2.4.6,8131aca,voxel_grid,bins=5;bin_us=12500,640,480,10000,16,uniform,kernel,median_call,116902322,112755462,125621828,5,50,250,84.791,342.667,494.333,517.500,0.47,clear_pass,,,pass,PASS,
cpython-3.11.14,3.11.14,False,True,2.4.6,8131aca,voxel_grid,bins=5;bin_us=12500,640,480,10000,16,uniform,engine,sustained,62767094,56063175,64050712,5,320,1600,109.083,312.625,1357.167,1704.792,0.47,clear_pass,,,pass,PASS,
cpython-3.11.14,3.11.14,False,True,2.4.6,8131aca,voxel_grid,bins=5;bin_us=12500,640,480,10000,16,clustered,kernel,median_call,124416796,123870456,136829791,5,50,250,79.125,250.958,456.583,468.250,0.47,clear_pass,,,pass,PASS,
cpython-3.11.14,3.11.14,False,True,2.4.6,8131aca,voxel_grid,bins=5;bin_us=12500,640,480,10000,16,clustered,engine,sustained,69877378,59357830,70420084,5,320,1600,93.125,317.458,1343.000,1758.958,0.47,clear_pass,,,pass,PASS,
cpython-3.11.14,3.11.14,False,True,2.4.6,8131aca,voxel_grid,bins=5;bin_us=12500,640,480,100000,0,uniform,kernel,median_call,88495575,85381930,104413670,5,20,100,1114.541,1441.750,1471.916,1528.708,4.67,clear_pass,,,pass,PASS,
cpython-3.11.14,3.11.14,False,True,2.4.6,8131aca,voxel_grid,bins=5;bin_us=12500,640,480,100000,0,uniform,engine,sustained,36905646,36689169,38156287,5,20,100,2694.292,3076.208,3210.333,3286.250,5.92,clear_pass,,,pass,PASS,
cpython-3.11.14,3.11.14,False,True,2.4.6,8131aca,voxel_grid,bins=5;bin_us=12500,640,480,100000,0,clustered,kernel,median_call,102147185,98125412,103562069,5,20,100,978.500,1138.583,1256.458,1257.958,4.67,clear_pass,,,pass,PASS,
cpython-3.11.14,3.11.14,False,True,2.4.6,8131aca,voxel_grid,bins=5;bin_us=12500,640,480,100000,0,clustered,engine,sustained,41651337,40539888,43269049,5,20,100,2373.416,2747.542,2882.875,2983.333,5.92,clear_pass,,,pass,PASS,
cpython-3.11.14,3.11.14,False,True,2.4.6,8131aca,voxel_grid,bins=5;bin_us=12500,640,480,100000,16,uniform,kernel,median_call,89167965,81300813,93964695,5,20,100,1122.292,1381.667,1694.667,1719.584,4.67,clear_pass,,,pass,PASS,
cpython-3.11.14,3.11.14,False,True,2.4.6,8131aca,voxel_grid,bins=5;bin_us=12500,640,480,100000,16,uniform,engine,sustained,64264383,62574266,68266956,5,40,200,1272.833,2530.375,2626.208,3202.750,4.68,clear_pass,,,pass,PASS,
cpython-3.11.14,3.11.14,False,True,2.4.6,8131aca,voxel_grid,bins=5;bin_us=12500,640,480,100000,16,clustered,kernel,median_call,99742316,98255957,104945559,5,20,100,969.667,1159.666,1256.084,1306.167,4.67,clear_pass,,,pass,PASS,
cpython-3.11.14,3.11.14,False,True,2.4.6,8131aca,voxel_grid,bins=5;bin_us=12500,640,480,100000,16,clustered,engine,sustained,75231395,74535432,80590253,5,40,200,1002.292,2233.500,2540.041,2652.833,4.68,clear_pass,,,pass,PASS,
cpython-3.11.14,3.11.14,False,True,2.4.6,8131aca,voxel_grid,bins=5;bin_us=12500,640,480,1000000,0,uniform,kernel,median_call,80296564,78270479,84170366,5,7,35,12448.583,12932.250,14290.917,14290.917,46.73,clear_pass,,,pass,PASS,
cpython-3.11.14,3.11.14,False,True,2.4.6,8131aca,voxel_grid,bins=5;bin_us=12500,640,480,1000000,0,uniform,engine,sustained,67077757,66168251,67963722,5,7,35,14761.084,15603.250,16632.666,16632.666,46.73,clear_pass,,,pass,PASS,
cpython-3.11.14,3.11.14,False,True,2.4.6,8131aca,voxel_grid,bins=5;bin_us=12500,640,480,1000000,0,clustered,kernel,median_call,88771513,88242429,91428229,5,7,35,11264.875,11547.916,11821.583,11821.583,46.73,clear_pass,,,pass,PASS,
cpython-3.11.14,3.11.14,False,True,2.4.6,8131aca,voxel_grid,bins=5;bin_us=12500,640,480,1000000,0,clustered,engine,sustained,73675486,71861512,74380024,5,7,35,13479.292,14291.083,14815.834,14815.834,46.73,clear_pass,,,pass,PASS,
cpython-3.11.14,3.11.14,False,True,2.4.6,8131aca,voxel_grid,bins=5;bin_us=12500,640,480,1000000,16,uniform,kernel,median_call,80510981,79530768,82062789,5,7,35,12420.666,13331.625,13365.875,13365.875,46.73,clear_pass,,,pass,PASS,
cpython-3.11.14,3.11.14,False,True,2.4.6,8131aca,voxel_grid,bins=5;bin_us=12500,640,480,1000000,16,uniform,engine,sustained,67533251,66607256,68392182,5,10,50,14670.166,15661.333,16074.458,16074.458,46.73,clear_pass,,,pass,PASS,
cpython-3.11.14,3.11.14,False,True,2.4.6,8131aca,voxel_grid,bins=5;bin_us=12500,640,480,1000000,16,clustered,kernel,median_call,88598161,84395308,90485111,5,7,35,11287.625,11868.334,12178.500,12178.500,46.73,clear_pass,,,pass,PASS,
cpython-3.11.14,3.11.14,False,True,2.4.6,8131aca,voxel_grid,bins=5;bin_us=12500,640,480,1000000,16,clustered,engine,sustained,74452240,73601209,74819917,5,10,50,13285.917,14132.125,15007.583,15007.583,46.73,clear_pass,,,pass,PASS,
cpython-3.11.14,3.11.14,False,True,2.4.6,8131aca,voxel_grid,bins=5;bin_us=12500,1280,720,10000,16,uniform,kernel,median_call,74592075,68084875,77507063,5,50,250,138.208,379.084,563.667,634.000,0.47,clear_pass,,,pass,PASS,
cpython-3.11.14,3.11.14,False,True,2.4.6,8131aca,voxel_grid,bins=5;bin_us=12500,1280,720,10000,16,uniform,engine,sustained,35316209,23274758,35996373,5,320,1600,145.583,454.875,4425.583,4687.875,0.47,clear_pass,,,pass,PASS,
cpython-3.11.14,3.11.14,False,True,2.4.6,8131aca,voxel_grid,bins=5;bin_us=12500,1280,720,10000,16,clustered,kernel,median_call,118899702,116844953,123488806,5,50,250,84.167,312.667,475.916,491.208,0.47,clear_pass,,,pass,PASS,
cpython-3.11.14,3.11.14,False,True,2.4.6,8131aca,voxel_grid,bins=5;bin_us=12500,1280,720,10000,16,clustered,engine,sustained,29747322,27624089,43245408,5,320,1600,100.542,597.000,4190.791,5002.167,0.47,clear_pass,,,pass,PASS,
cpython-3.11.14,3.11.14,False,True,2.4.6,8131aca,voxel_grid,bins=5;bin_us=12500,1280,720,100000,0,uniform,kernel,median_call,62525225,60528859,73186351,5,20,100,1591.583,1959.584,2022.833,2086.042,4.67,clear_pass,,,pass,NOT MET,
cpython-3.11.14,3.11.14,False,True,2.4.6,8131aca,voxel_grid,bins=5;bin_us=12500,1280,720,100000,0,uniform,engine,sustained,17821526,16882071,17868623,5,20,100,5626.125,6415.167,6877.167,6925.041,17.64,clear_miss,,,miss,NOT MET,
cpython-3.11.14,3.11.14,False,True,2.4.6,8131aca,voxel_grid,bins=5;bin_us=12500,1280,720,100000,0,clustered,kernel,median_call,93616567,92065178,96817090,5,20,100,1070.959,1320.375,1353.666,1377.958,4.67,clear_pass,,,pass,NOT MET,
cpython-3.11.14,3.11.14,False,True,2.4.6,8131aca,voxel_grid,bins=5;bin_us=12500,1280,720,100000,0,clustered,engine,sustained,19307986,18732746,19786651,5,20,100,5125.250,5678.833,6262.750,6811.083,17.64,borderline,19597415,2,miss,NOT MET,
cpython-3.11.14,3.11.14,False,True,2.4.6,8131aca,voxel_grid,bins=5;bin_us=12500,1280,720,100000,16,uniform,kernel,median_call,61799140,59802657,65820175,5,20,100,1608.541,2020.084,2137.833,2207.375,4.67,clear_pass,,,pass,PASS,
cpython-3.11.14,3.11.14,False,True,2.4.6,8131aca,voxel_grid,bins=5;bin_us=12500,1280,720,100000,16,uniform,engine,sustained,37415610,32309416,38199407,5,40,200,1788.417,6322.000,6780.833,8080.541,4.68,clear_pass,,,pass,PASS,
cpython-3.11.14,3.11.14,False,True,2.4.6,8131aca,voxel_grid,bins=5;bin_us=12500,1280,720,100000,16,clustered,kernel,median_call,93305342,92204863,94106620,5,20,100,1074.458,1348.917,1395.917,1409.000,4.67,clear_pass,,,pass,PASS,
cpython-3.11.14,3.11.14,False,True,2.4.6,8131aca,voxel_grid,bins=5;bin_us=12500,1280,720,100000,16,clustered,engine,sustained,47947879,47465164,48317982,5,40,200,1215.416,5122.500,5740.125,6002.167,4.68,clear_pass,,,pass,PASS,
cpython-3.11.14,3.11.14,False,True,2.4.6,8131aca,voxel_grid,bins=5;bin_us=12500,1280,720,1000000,0,uniform,kernel,median_call,62393086,61565300,63328884,5,7,35,16044.833,16538.917,16595.292,16595.292,46.73,clear_pass,,,pass,PASS,
cpython-3.11.14,3.11.14,False,True,2.4.6,8131aca,voxel_grid,bins=5;bin_us=12500,1280,720,1000000,0,uniform,engine,sustained,46496438,45708179,47234305,5,7,35,21396.458,22439.084,23339.792,23339.792,46.73,clear_pass,,,pass,PASS,
cpython-3.11.14,3.11.14,False,True,2.4.6,8131aca,voxel_grid,bins=5;bin_us=12500,1280,720,1000000,0,clustered,kernel,median_call,82560192,80298447,82685629,5,7,35,12195.750,12740.500,12889.708,12889.708,46.73,clear_pass,,,pass,PASS,
cpython-3.11.14,3.11.14,False,True,2.4.6,8131aca,voxel_grid,bins=5;bin_us=12500,1280,720,1000000,0,clustered,engine,sustained,55294079,54413819,55915233,5,7,35,17920.500,18962.417,19611.708,19611.708,46.73,clear_pass,,,pass,PASS,
cpython-3.11.14,3.11.14,False,True,2.4.6,8131aca,voxel_grid,bins=5;bin_us=12500,1280,720,1000000,16,uniform,kernel,median_call,62362444,61893318,62775624,5,7,35,16053.125,16439.167,17131.916,17131.916,46.73,clear_pass,,,pass,PASS,
cpython-3.11.14,3.11.14,False,True,2.4.6,8131aca,voxel_grid,bins=5;bin_us=12500,1280,720,1000000,16,uniform,engine,sustained,46645744,46092048,47178991,5,10,50,21286.458,22221.458,22939.583,22939.583,46.73,clear_pass,,,pass,PASS,
cpython-3.11.14,3.11.14,False,True,2.4.6,8131aca,voxel_grid,bins=5;bin_us=12500,1280,720,1000000,16,clustered,kernel,median_call,81591305,80421945,82698163,5,7,35,12342.417,13287.834,13343.500,13343.500,46.73,clear_pass,,,pass,PASS,
cpython-3.11.14,3.11.14,False,True,2.4.6,8131aca,voxel_grid,bins=5;bin_us=12500,1280,720,1000000,16,clustered,engine,sustained,55729775,54717429,55935229,5,10,50,17947.458,19220.083,19417.208,19417.208,46.73,clear_pass,,,pass,PASS,
cpython-3.11.14,3.11.14,False,True,2.4.6,8131aca,voxel_grid,bins=15;bin_us=3571,346,260,10000,16,uniform,kernel,median_call,113074205,111239655,120633082,5,50,250,87.542,296.208,349.500,557.666,0.47,clear_pass,,,pass,PASS,
cpython-3.11.14,3.11.14,False,True,2.4.6,8131aca,voxel_grid,bins=15;bin_us=3571,346,260,10000,16,uniform,engine,sustained,58016462,56793381,67666649,5,320,1600,106.959,372.500,1311.375,1678.750,0.47,clear_pass,,,pass,PASS,
cpython-3.11.14,3.11.14,False,True,2.4.6,8131aca,voxel_grid,bins=15;bin_us=3571,346,260,10000,16,clustered,kernel,median_call,129940163,125918417,131040131,5,50,250,77.375,272.500,420.292,536.666,0.47,clear_pass,,,pass,PASS,
cpython-3.11.14,3.11.14,False,True,2.4.6,8131aca,voxel_grid,bins=15;bin_us=3571,346,260,10000,16,clustered,engine,sustained,60396715,59311339,70258610,5,320,1600,95.583,353.541,1325.458,1769.167,0.47,clear_pass,,,pass,PASS,
cpython-3.11.14,3.11.14,False,True,2.4.6,8131aca,voxel_grid,bins=15;bin_us=3571,346,260,100000,0,uniform,kernel,median_call,90172992,83161501,93220189,5,20,100,1085.750,1340.791,1571.542,2086.667,4.67,clear_pass,,,pass,PASS,
cpython-3.11.14,3.11.14,False,True,2.4.6,8131aca,voxel_grid,bins=15;bin_us=3571,346,260,100000,0,uniform,engine,sustained,41049675,40744193,41407904,5,20,100,2422.291,2613.875,2763.583,2771.333,5.21,clear_pass,,,pass,PASS,
cpython-3.11.14,3.11.14,False,True,2.4.6,8131aca,voxel_grid,bins=15;bin_us=3571,346,260,100000,0,clustered,kernel,median_call,116326953,98467646,123111697,5,20,100,851.958,1034.291,1218.334,1219.333,4.67,clear_pass,,,pass,PASS,
cpython-3.11.14,3.11.14,False,True,2.4.6,8131aca,voxel_grid,bins=15;bin_us=3571,346,260,100000,0,clustered,engine,sustained,42549081,41189204,43297304,5,20,100,2374.791,2634.042,2748.542,2760.625,5.21,clear_pass,,,pass,PASS,
cpython-3.11.14,3.11.14,False,True,2.4.6,8131aca,voxel_grid,bins=15;bin_us=3571,346,260,100000,16,uniform,kernel,median_call,90576305,86203775,94478890,5,20,100,1105.042,1286.833,1402.250,1531.458,4.67,clear_pass,,,pass,PASS,
cpython-3.11.14,3.11.14,False,True,2.4.6,8131aca,voxel_grid,bins=15;bin_us=3571,346,260,100000,16,uniform,engine,sustained,70287135,68790869,71931612,5,40,200,1132.084,2285.334,2680.542,2825.958,4.68,clear_pass,,,pass,PASS,
cpython-3.11.14,3.11.14,False,True,2.4.6,8131aca,voxel_grid,bins=15;bin_us=3571,346,260,100000,16,clustered,kernel,median_call,101686263,96706000,112409503,5,20,100,980.208,1099.083,1232.209,1264.875,4.67,clear_pass,,,pass,PASS,
cpython-3.11.14,3.11.14,False,True,2.4.6,8131aca,voxel_grid,bins=15;bin_us=3571,346,260,100000,16,clustered,engine,sustained,77302406,75388908,78226666,5,40,200,982.583,2185.417,2418.792,2705.625,4.68,clear_pass,,,pass,PASS,
cpython-3.11.14,3.11.14,False,True,2.4.6,8131aca,voxel_grid,bins=15;bin_us=3571,346,260,1000000,0,uniform,kernel,median_call,80079541,79521282,82780600,5,7,35,12487.584,12873.291,12886.125,12886.125,46.73,clear_pass,,,pass,PASS,
cpython-3.11.14,3.11.14,False,True,2.4.6,8131aca,voxel_grid,bins=15;bin_us=3571,346,260,1000000,0,uniform,engine,sustained,67153074,66358469,67538475,5,7,35,14851.375,15593.875,15611.792,15611.792,46.73,clear_pass,,,pass,PASS,
cpython-3.11.14,3.11.14,False,True,2.4.6,8131aca,voxel_grid,bins=15;bin_us=3571,346,260,1000000,0,clustered,kernel,median_call,90838559,90573557,92952638,5,7,35,10998.875,11321.334,11381.708,11381.708,46.73,clear_pass,,,pass,PASS,
cpython-3.11.14,3.11.14,False,True,2.4.6,8131aca,voxel_grid,bins=15;bin_us=3571,346,260,1000000,0,clustered,engine,sustained,75600483,70518339,76138680,5,7,35,13209.583,14601.708,16389.875,16389.875,46.73,clear_pass,,,pass,PASS,
cpython-3.11.14,3.11.14,False,True,2.4.6,8131aca,voxel_grid,bins=15;bin_us=3571,346,260,1000000,16,uniform,kernel,median_call,80463198,79297689,83257881,5,7,35,12472.375,13562.792,13666.500,13666.500,46.73,clear_pass,,,pass,PASS,
cpython-3.11.14,3.11.14,False,True,2.4.6,8131aca,voxel_grid,bins=15;bin_us=3571,346,260,1000000,16,uniform,engine,sustained,67768698,65405414,68198907,5,10,50,14703.625,16428.416,18480.583,18480.583,46.73,clear_pass,,,pass,PASS,
cpython-3.11.14,3.11.14,False,True,2.4.6,8131aca,voxel_grid,bins=15;bin_us=3571,346,260,1000000,16,clustered,kernel,median_call,92485549,88828028,94969765,5,7,35,10921.250,11583.750,11675.375,11675.375,46.73,clear_pass,,,pass,PASS,
cpython-3.11.14,3.11.14,False,True,2.4.6,8131aca,voxel_grid,bins=15;bin_us=3571,346,260,1000000,16,clustered,engine,sustained,75834463,73639442,76861933,5,10,50,13129.167,13897.375,14847.084,14847.084,46.73,clear_pass,,,pass,PASS,
cpython-3.11.14,3.11.14,False,True,2.4.6,8131aca,voxel_grid,bins=15;bin_us=3571,640,480,10000,16,uniform,kernel,median_call,79867101,76202669,80093549,5,50,250,127.125,362.708,582.500,652.542,0.47,clear_pass,,,pass,PASS,
cpython-3.11.14,3.11.14,False,True,2.4.6,8131aca,voxel_grid,bins=15;bin_us=3571,640,480,10000,16,uniform,engine,sustained,38904986,34338352,39145962,5,320,1600,115.917,385.084,4355.542,4620.709,0.47,clear_pass,,,pass,PASS,
cpython-3.11.14,3.11.14,False,True,2.4.6,8131aca,voxel_grid,bins=15;bin_us=3571,640,480,10000,16,clustered,kernel,median_call,119700987,112044818,122668531,5,50,250,84.250,310.708,482.666,547.875,0.47,clear_pass,,,pass,PASS,
cpython-3.11.14,3.11.14,False,True,2.4.6,8131aca,voxel_grid,bins=15;bin_us=3571,640,480,10000,16,clustered,engine,sustained,32474997,27183114,43065333,5,320,1600,96.375,427.125,4431.333,5116.334,0.47,clear_pass,,,pass,PASS,
cpython-3.11.14,3.11.14,False,True,2.4.6,8131aca,voxel_grid,bins=15;bin_us=3571,640,480,100000,0,uniform,kernel,median_call,64490125,62092499,73079382,5,20,100,1534.250,1787.000,1820.666,1901.083,4.67,clear_pass,,,pass,NOT MET,
cpython-3.11.14,3.11.14,False,True,2.4.6,8131aca,voxel_grid,bins=15;bin_us=3571,640,480,100000,0,uniform,engine,sustained,16214940,16013382,16424092,5,20,100,6125.209,6708.125,6902.833,7120.959,17.64,clear_miss,,,miss,NOT MET,
cpython-3.11.14,3.11.14,False,True,2.4.6,8131aca,voxel_grid,bins=15;bin_us=3571,640,480,100000,0,clustered,kernel,median_call,88490681,88083105,94147154,5,20,100,1123.542,1265.041,1397.125,1445.750,4.67,clear_pass,,,pass,NOT MET,
cpython-3.11.14,3.11.14,False,True,2.4.6,8131aca,voxel_grid,bins=15;bin_us=3571,640,480,100000,0,clustered,engine,sustained,16790238,16649346,17288538,5,20,100,5907.458,6402.375,6688.000,6865.667,17.64,clear_miss,,,miss,NOT MET,
cpython-3.11.14,3.11.14,False,True,2.4.6,8131aca,voxel_grid,bins=15;bin_us=3571,640,480,100000,16,uniform,kernel,median_call,65414716,63128005,66156709,5,20,100,1530.000,1713.417,1826.166,1828.334,4.67,clear_pass,,,pass,PASS,
cpython-3.11.14,3.11.14,False,True,2.4.6,8131aca,voxel_grid,bins=15;bin_us=3571,640,480,100000,16,uniform,engine,sustained,34744566,33593167,38831275,5,40,200,1777.583,6302.000,6735.666,7135.709,4.68,clear_pass,,,pass,PASS,
cpython-3.11.14,3.11.14,False,True,2.4.6,8131aca,voxel_grid,bins=15;bin_us=3571,640,480,100000,16,clustered,kernel,median_call,89247545,86106390,104402279,5,20,100,1095.250,1299.416,1447.625,1450.625,4.67,clear_pass,,,pass,PASS,
cpython-3.11.14,3.11.14,False,True,2.4.6,8131aca,voxel_grid,bins=15;bin_us=3571,640,480,100000,16,clustered,engine,sustained,39424809,38908408,43854861,5,40,200,1425.750,5865.208,6450.625,6561.000,4.68,clear_pass,,,pass,PASS,
cpython-3.11.14,3.11.14,False,True,2.4.6,8131aca,voxel_grid,bins=15;bin_us=3571,640,480,1000000,0,uniform,kernel,median_call,65784246,63876507,66409511,5,7,35,15253.375,15702.417,16154.333,16154.333,46.73,clear_pass,,,pass,PASS,
cpython-3.11.14,3.11.14,False,True,2.4.6,8131aca,voxel_grid,bins=15;bin_us=3571,640,480,1000000,0,uniform,engine,sustained,47839437,47128394,48006282,5,7,35,20810.500,21885.125,21908.125,21908.125,46.73,clear_pass,,,pass,PASS,
cpython-3.11.14,3.11.14,False,True,2.4.6,8131aca,voxel_grid,bins=15;bin_us=3571,640,480,1000000,0,clustered,kernel,median_call,81207556,80101460,82292674,5,7,35,12347.333,12789.208,13022.042,13022.042,46.73,clear_pass,,,pass,PASS,
cpython-3.11.14,3.11.14,False,True,2.4.6,8131aca,voxel_grid,bins=15;bin_us=3571,640,480,1000000,0,clustered,engine,sustained,55263231,55202979,55298902,5,7,35,17950.167,19118.875,19275.416,19275.416,46.73,clear_pass,,,pass,PASS,
cpython-3.11.14,3.11.14,False,True,2.4.6,8131aca,voxel_grid,bins=15;bin_us=3571,640,480,1000000,16,uniform,kernel,median_call,65461092,64501909,65977388,5,7,35,15304.917,15948.875,15983.292,15983.292,46.73,clear_pass,,,pass,PASS,
cpython-3.11.14,3.11.14,False,True,2.4.6,8131aca,voxel_grid,bins=15;bin_us=3571,640,480,1000000,16,uniform,engine,sustained,47619624,47241844,48307633,5,10,50,20821.084,22324.875,22477.166,22477.166,46.73,clear_pass,,,pass,PASS,
cpython-3.11.14,3.11.14,False,True,2.4.6,8131aca,voxel_grid,bins=15;bin_us=3571,640,480,1000000,16,clustered,kernel,median_call,80852450,80252255,81443173,5,7,35,12368.209,12813.625,13024.000,13024.000,46.73,clear_pass,,,pass,PASS,
cpython-3.11.14,3.11.14,False,True,2.4.6,8131aca,voxel_grid,bins=15;bin_us=3571,640,480,1000000,16,clustered,engine,sustained,55634719,54852905,56105927,5,10,50,17855.750,18946.208,19066.875,19066.875,46.73,clear_pass,,,pass,PASS,
cpython-3.11.14,3.11.14,False,True,2.4.6,8131aca,voxel_grid,bins=15;bin_us=3571,1280,720,10000,16,uniform,kernel,median_call,68817204,67085729,70932550,5,50,250,145.083,956.542,1167.541,1187.125,0.47,clear_pass,,,pass,NOT MET,
cpython-3.11.14,3.11.14,False,True,2.4.6,8131aca,voxel_grid,bins=15;bin_us=3571,1280,720,10000,16,uniform,engine,sustained,15097187,13258847,16631609,5,320,1600,169.500,855.417,13130.958,13677.500,0.47,clear_miss,,,miss,NOT MET,
cpython-3.11.14,3.11.14,False,True,2.4.6,8131aca,voxel_grid,bins=15;bin_us=3571,1280,720,10000,16,clustered,kernel,median_call,112411967,111214293,114068007,5,50,250,88.958,858.542,1043.333,1048.208,0.47,clear_pass,,,pass,NOT MET,
cpython-3.11.14,3.11.14,False,True,2.4.6,8131aca,voxel_grid,bins=15;bin_us=3571,1280,720,10000,16,clustered,engine,sustained,18652077,14945990,19033642,5,320,1600,101.625,753.333,12513.083,14801.250,0.47,borderline,18638081,0,miss,NOT MET,
cpython-3.11.14,3.11.14,False,True,2.4.6,8131aca,voxel_grid,bins=15;bin_us=3571,1280,720,100000,0,uniform,kernel,median_call,44264514,41846476,45155646,5,20,100,2273.375,3303.666,3706.792,3838.000,4.67,clear_pass,,,pass,NOT MET,
cpython-3.11.14,3.11.14,False,True,2.4.6,8131aca,voxel_grid,bins=15;bin_us=3571,1280,720,100000,0,uniform,engine,sustained,6780912,6702629,6888905,5,20,100,14604.000,15662.125,16914.500,17404.875,52.80,clear_miss,,,miss,NOT MET,
cpython-3.11.14,3.11.14,False,True,2.4.6,8131aca,voxel_grid,bins=15;bin_us=3571,1280,720,100000,0,clustered,kernel,median_call,60737972,59654748,70153900,5,20,100,1633.334,2467.500,2778.458,2833.125,4.67,clear_pass,,,pass,NOT MET,
cpython-3.11.14,3.11.14,False,True,2.4.6,8131aca,voxel_grid,bins=15;bin_us=3571,1280,720,100000,0,clustered,engine,sustained,7187573,7028923,7259496,5,20,100,13925.916,15084.625,16114.666,16914.708,52.80,clear_miss,,,miss,NOT MET,
cpython-3.11.14,3.11.14,False,True,2.4.6,8131aca,voxel_grid,bins=15;bin_us=3571,1280,720,100000,16,uniform,kernel,median_call,46386675,46209376,46683979,5,20,100,2155.291,3124.042,3418.292,3424.667,4.67,clear_pass,,,pass,NOT MET,
cpython-3.11.14,3.11.14,False,True,2.4.6,8131aca,voxel_grid,bins=15;bin_us=3571,1280,720,100000,16,uniform,engine,sustained,19038595,17959508,19108626,5,40,200,2159.250,15139.166,17267.250,17715.916,4.68,borderline,18658485,0,miss,NOT MET,
cpython-3.11.14,3.11.14,False,True,2.4.6,8131aca,voxel_grid,bins=15;bin_us=3571,1280,720,100000,16,clustered,kernel,median_call,60619066,59379496,64896422,5,20,100,1613.917,2615.583,2896.459,2971.292,4.67,clear_pass,,,pass,PASS,
cpython-3.11.14,3.11.14,False,True,2.4.6,8131aca,voxel_grid,bins=15;bin_us=3571,1280,720,100000,16,clustered,engine,sustained,21197256,20916669,21832552,5,40,200,1626.625,13948.042,16683.708,17096.750,4.68,borderline,21973950,20,pass,PASS,
cpython-3.11.14,3.11.14,False,True,2.4.6,8131aca,voxel_grid,bins=15;bin_us=3571,1280,720,1000000,0,uniform,kernel,median_call,48447460,47743998,49221178,5,7,35,20675.125,22050.792,22664.167,22664.167,46.73,clear_pass,,,pass,PASS,
cpython-3.11.14,3.11.14,False,True,2.4.6,8131aca,voxel_grid,bins=15;bin_us=3571,1280,720,1000000,0,uniform,engine,sustained,28664187,28050435,28848546,5,7,35,34591.250,37374.084,39236.333,39236.333,52.80,clear_pass,,,pass,PASS,
cpython-3.11.14,3.11.14,False,True,2.4.6,8131aca,voxel_grid,bins=15;bin_us=3571,1280,720,1000000,0,clustered,kernel,median_call,66258075,64961606,66440768,5,7,35,15196.625,20627.625,20814.917,20814.917,46.73,clear_pass,,,pass,PASS,
cpython-3.11.14,3.11.14,False,True,2.4.6,8131aca,voxel_grid,bins=15;bin_us=3571,1280,720,1000000,0,clustered,engine,sustained,33339386,32862300,33764263,5,7,35,29224.250,34478.042,34519.000,34519.000,52.80,clear_pass,,,pass,PASS,
cpython-3.11.14,3.11.14,False,True,2.4.6,8131aca,voxel_grid,bins=15;bin_us=3571,1280,720,1000000,16,uniform,kernel,median_call,48226278,48049491,49190305,5,7,35,20698.041,22100.083,22311.750,22311.750,46.73,clear_pass,,,pass,PASS,
cpython-3.11.14,3.11.14,False,True,2.4.6,8131aca,voxel_grid,bins=15;bin_us=3571,1280,720,1000000,16,uniform,engine,sustained,28500537,28289960,28589528,5,10,50,34749.500,37609.208,39561.834,39561.834,52.80,clear_pass,,,pass,PASS,
cpython-3.11.14,3.11.14,False,True,2.4.6,8131aca,voxel_grid,bins=15;bin_us=3571,1280,720,1000000,16,clustered,kernel,median_call,65845611,64683053,67705000,5,7,35,15161.166,20488.125,20683.292,20683.292,46.73,clear_pass,,,pass,PASS,
cpython-3.11.14,3.11.14,False,True,2.4.6,8131aca,voxel_grid,bins=15;bin_us=3571,1280,720,1000000,16,clustered,engine,sustained,33494886,32902994,33714277,5,10,50,29295.458,34547.542,34982.000,34982.000,52.80,clear_pass,,,pass,PASS,
cpython-3.14.2t-gil-disabled,3.14.2,True,False,2.4.6,8131aca,stacked_histogram,bins=5;bin_us=10000,346,260,10000,16,uniform,kernel,median_call,176469550,173599056,176859680,5,50,250,57.000,83.208,110.458,113.291,0.30,clear_pass,,,pass,PASS,
cpython-3.14.2t-gil-disabled,3.14.2,True,False,2.4.6,8131aca,stacked_histogram,bins=5;bin_us=10000,346,260,10000,16,uniform,engine,sustained,113287173,112457935,131563108,5,320,1600,82.583,102.083,257.083,349.542,0.30,clear_pass,,,pass,PASS,
cpython-3.14.2t-gil-disabled,3.14.2,True,False,2.4.6,8131aca,stacked_histogram,bins=5;bin_us=10000,346,260,10000,16,clustered,kernel,median_call,185185185,83246965,187060991,5,50,250,54.041,163.916,182.292,197.959,0.30,clear_pass,,,pass,PASS,
cpython-3.14.2t-gil-disabled,3.14.2,True,False,2.4.6,8131aca,stacked_histogram,bins=5;bin_us=10000,346,260,10000,16,clustered,engine,sustained,115463725,91417024,117034264,5,320,1600,81.708,172.042,284.959,503.792,0.30,clear_pass,,,pass,PASS,
cpython-3.14.2t-gil-disabled,3.14.2,True,False,2.4.6,8131aca,stacked_histogram,bins=5;bin_us=10000,346,260,100000,0,uniform,kernel,median_call,136615848,134224404,175515577,5,20,100,723.416,770.500,789.583,887.000,2.45,clear_pass,,,pass,PASS,
cpython-3.14.2t-gil-disabled,3.14.2,True,False,2.4.6,8131aca,stacked_histogram,bins=5;bin_us=10000,346,260,100000,0,uniform,engine,sustained,116594281,109740886,145304834,5,20,100,848.791,976.167,1051.208,1106.750,3.43,clear_pass,,,pass,PASS,
cpython-3.14.2t-gil-disabled,3.14.2,True,False,2.4.6,8131aca,stacked_histogram,bins=5;bin_us=10000,346,260,100000,0,clustered,kernel,median_call,176373375,144717800,189971229,5,20,100,572.208,705.375,720.042,857.167,2.45,clear_pass,,,pass,PASS,
cpython-3.14.2t-gil-disabled,3.14.2,True,False,2.4.6,8131aca,stacked_histogram,bins=5;bin_us=10000,346,260,100000,0,clustered,engine,sustained,114513931,110120298,125001305,5,20,100,838.750,1006.042,1127.833,1261.166,3.43,clear_pass,,,pass,PASS,
cpython-3.14.2t-gil-disabled,3.14.2,True,False,2.4.6,8131aca,stacked_histogram,bins=5;bin_us=10000,346,260,100000,16,uniform,kernel,median_call,145454545,136297811,174589997,5,20,100,662.875,773.083,819.000,944.209,2.45,clear_pass,,,pass,PASS,
cpython-3.14.2t-gil-disabled,3.14.2,True,False,2.4.6,8131aca,stacked_histogram,bins=5;bin_us=10000,346,260,100000,16,uniform,engine,sustained,129653512,127053551,155726849,5,40,200,706.792,925.542,1018.875,1123.458,2.45,clear_pass,,,pass,PASS,
cpython-3.14.2t-gil-disabled,3.14.2,True,False,2.4.6,8131aca,stacked_histogram,bins=5;bin_us=10000,346,260,100000,16,clustered,kernel,median_call,176457562,156509831,186089788,5,20,100,571.125,663.166,694.916,757.750,2.45,clear_pass,,,pass,PASS,
cpython-3.14.2t-gil-disabled,3.14.2,True,False,2.4.6,8131aca,stacked_histogram,bins=5;bin_us=10000,346,260,100000,16,clustered,engine,sustained,138899962,129533146,142713782,5,40,200,681.833,969.500,1039.834,1067.792,2.45,clear_pass,,,pass,PASS,
cpython-3.14.2t-gil-disabled,3.14.2,True,False,2.4.6,8131aca,stacked_histogram,bins=5;bin_us=10000,346,260,1000000,0,uniform,kernel,median_call,138511349,136216584,139553532,5,7,35,7227.500,7696.500,7740.041,7740.041,23.91,clear_pass,,,pass,PASS,
cpython-3.14.2t-gil-disabled,3.14.2,True,False,2.4.6,8131aca,stacked_histogram,bins=5;bin_us=10000,346,260,1000000,0,uniform,engine,sustained,118355449,113527475,121513536,5,7,35,8442.250,9066.125,9384.917,9384.917,23.91,clear_pass,,,pass,PASS,
cpython-3.14.2t-gil-disabled,3.14.2,True,False,2.4.6,8131aca,stacked_histogram,bins=5;bin_us=10000,346,260,1000000,0,clustered,kernel,median_call,146210416,145427237,147873388,5,7,35,6830.292,7249.958,7356.458,7356.458,23.91,clear_pass,,,pass,PASS,
cpython-3.14.2t-gil-disabled,3.14.2,True,False,2.4.6,8131aca,stacked_histogram,bins=5;bin_us=10000,346,260,1000000,0,clustered,engine,sustained,123805791,122338677,126440617,5,7,35,8024.167,8512.167,8559.125,8559.125,23.91,clear_pass,,,pass,PASS,
cpython-3.14.2t-gil-disabled,3.14.2,True,False,2.4.6,8131aca,stacked_histogram,bins=5;bin_us=10000,346,260,1000000,16,uniform,kernel,median_call,137718928,136969884,138567336,5,7,35,7248.291,7544.625,7656.084,7656.084,23.91,clear_pass,,,pass,PASS,
cpython-3.14.2t-gil-disabled,3.14.2,True,False,2.4.6,8131aca,stacked_histogram,bins=5;bin_us=10000,346,260,1000000,16,uniform,engine,sustained,119800890,118867016,120709229,5,10,50,8295.542,8812.875,9009.875,9009.875,23.91,clear_pass,,,pass,PASS,
cpython-3.14.2t-gil-disabled,3.14.2,True,False,2.4.6,8131aca,stacked_histogram,bins=5;bin_us=10000,346,260,1000000,16,clustered,kernel,median_call,146504927,142744130,148831671,5,7,35,6826.500,7090.292,7109.625,7109.625,23.91,clear_pass,,,pass,PASS,
cpython-3.14.2t-gil-disabled,3.14.2,True,False,2.4.6,8131aca,stacked_histogram,bins=5;bin_us=10000,346,260,1000000,16,clustered,engine,sustained,125277436,120518465,125904412,5,10,50,8011.666,8372.875,8825.250,8825.250,23.91,clear_pass,,,pass,PASS,
cpython-3.14.2t-gil-disabled,3.14.2,True,False,2.4.6,8131aca,stacked_histogram,bins=5;bin_us=10000,640,480,10000,16,uniform,kernel,median_call,64759709,48236358,148102072,5,50,250,73.958,217.584,283.542,346.667,0.30,clear_pass,,,pass,PASS,
cpython-3.14.2t-gil-disabled,3.14.2,True,False,2.4.6,8131aca,stacked_histogram,bins=5;bin_us=10000,640,480,10000,16,uniform,engine,sustained,37326420,28994570,68707131,5,320,1600,241.750,334.209,914.792,1370.000,0.30,clear_pass,,,pass,PASS,
cpython-3.14.2t-gil-disabled,3.14.2,True,False,2.4.6,8131aca,stacked_histogram,bins=5;bin_us=10000,640,480,10000,16,clustered,kernel,median_call,144448136,52614272,152478539,5,50,250,66.166,200.333,253.625,305.959,0.30,clear_pass,,,pass,PASS,
cpython-3.14.2t-gil-disabled,3.14.2,True,False,2.4.6,8131aca,stacked_histogram,bins=5;bin_us=10000,640,480,10000,16,clustered,engine,sustained,46754973,31114345,99586173,5,320,1600,208.375,332.208,584.250,1346.625,0.30,clear_pass,,,pass,PASS,
cpython-3.14.2t-gil-disabled,3.14.2,True,False,2.4.6,8131aca,stacked_histogram,bins=5;bin_us=10000,640,480,100000,0,uniform,kernel,median_call,130922183,124743341,154898630,5,20,100,739.458,855.750,906.375,991.750,2.45,clear_pass,,,pass,PASS,
cpython-3.14.2t-gil-disabled,3.14.2,True,False,2.4.6,8131aca,stacked_histogram,bins=5;bin_us=10000,640,480,100000,0,uniform,engine,sustained,69730451,64867672,72045570,5,20,100,1414.209,1688.250,2118.375,2121.667,11.72,clear_pass,,,pass,PASS,
cpython-3.14.2t-gil-disabled,3.14.2,True,False,2.4.6,8131aca,stacked_histogram,bins=5;bin_us=10000,640,480,100000,0,clustered,kernel,median_call,174342684,137788495,175316797,5,20,100,576.917,738.792,774.667,785.083,2.45,clear_pass,,,pass,PASS,
cpython-3.14.2t-gil-disabled,3.14.2,True,False,2.4.6,8131aca,stacked_histogram,bins=5;bin_us=10000,640,480,100000,0,clustered,engine,sustained,70691259,66029484,76827775,5,20,100,1388.916,1695.459,1988.125,2273.250,11.72,clear_pass,,,pass,PASS,
cpython-3.14.2t-gil-disabled,3.14.2,True,False,2.4.6,8131aca,stacked_histogram,bins=5;bin_us=10000,640,480,100000,16,uniform,kernel,median_call,140787268,129373135,155324726,5,20,100,705.625,803.917,917.208,924.333,2.45,clear_pass,,,pass,PASS,
cpython-3.14.2t-gil-disabled,3.14.2,True,False,2.4.6,8131aca,stacked_histogram,bins=5;bin_us=10000,640,480,100000,16,uniform,engine,sustained,96776437,85236049,109767336,5,40,200,886.708,1668.958,2022.292,2104.625,2.45,clear_pass,,,pass,PASS,
cpython-3.14.2t-gil-disabled,3.14.2,True,False,2.4.6,8131aca,stacked_histogram,bins=5;bin_us=10000,640,480,100000,16,clustered,kernel,median_call,139433551,135302709,171858217,5,20,100,691.208,781.041,831.625,850.541,2.45,clear_pass,,,pass,PASS,
cpython-3.14.2t-gil-disabled,3.14.2,True,False,2.4.6,8131aca,stacked_histogram,bins=5;bin_us=10000,640,480,100000,16,clustered,engine,sustained,100237126,94101408,103668564,5,40,200,840.750,1566.000,1966.458,2110.375,2.45,clear_pass,,,pass,PASS,
cpython-3.14.2t-gil-disabled,3.14.2,True,False,2.4.6,8131aca,stacked_histogram,bins=5;bin_us=10000,640,480,1000000,0,uniform,kernel,median_call,128771243,126905566,129455435,5,7,35,7763.542,8151.584,8333.958,8333.958,23.91,clear_pass,,,pass,PASS,
cpython-3.14.2t-gil-disabled,3.14.2,True,False,2.4.6,8131aca,stacked_histogram,bins=5;bin_us=10000,640,480,1000000,0,uniform,engine,sustained,110058134,107592373,111907416,5,7,35,9009.125,9749.458,9959.000,9959.000,23.91,clear_pass,,,pass,PASS,
cpython-3.14.2t-gil-disabled,3.14.2,True,False,2.4.6,8131aca,stacked_histogram,bins=5;bin_us=10000,640,480,1000000,0,clustered,kernel,median_call,140056022,139310516,142587246,5,7,35,7124.083,7482.500,7684.333,7684.333,23.91,clear_pass,,,pass,PASS,
cpython-3.14.2t-gil-disabled,3.14.2,True,False,2.4.6,8131aca,stacked_histogram,bins=5;bin_us=10000,640,480,1000000,0,clustered,engine,sustained,112392022,108374233,114487354,5,7,35,8904.875,9809.583,10273.250,10273.250,23.91,clear_pass,,,pass,PASS,
cpython-3.14.2t-gil-disabled,3.14.2,True,False,2.4.6,8131aca,stacked_histogram,bins=5;bin_us=10000,640,480,1000000,16,uniform,kernel,median_call,129243484,127784651,130086242,5,7,35,7723.209,7934.625,8013.584,8013.584,23.91,clear_pass,,,pass,PASS,
cpython-3.14.2t-gil-disabled,3.14.2,True,False,2.4.6,8131aca,stacked_histogram,bins=5;bin_us=10000,640,480,1000000,16,uniform,engine,sustained,104623804,102777342,107233387,5,10,50,9459.125,10094.292,10256.416,10256.416,23.91,clear_pass,,,pass,PASS,
cpython-3.14.2t-gil-disabled,3.14.2,True,False,2.4.6,8131aca,stacked_histogram,bins=5;bin_us=10000,640,480,1000000,16,clustered,kernel,median_call,140355802,139414112,142180081,5,7,35,7143.000,7520.708,7632.708,7632.708,23.91,clear_pass,,,pass,PASS,
cpython-3.14.2t-gil-disabled,3.14.2,True,False,2.4.6,8131aca,stacked_histogram,bins=5;bin_us=10000,640,480,1000000,16,clustered,engine,sustained,111039346,109288571,113861067,5,10,50,8992.000,9616.916,9950.000,9950.000,23.91,clear_pass,,,pass,PASS,
cpython-3.14.2t-gil-disabled,3.14.2,True,False,2.4.6,8131aca,stacked_histogram,bins=5;bin_us=10000,1280,720,10000,16,uniform,kernel,median_call,50761421,48504485,67255149,5,50,250,185.709,252.000,339.500,340.458,0.30,clear_pass,,,pass,PASS,
cpython-3.14.2t-gil-disabled,3.14.2,True,False,2.4.6,8131aca,stacked_histogram,bins=5;bin_us=10000,1280,720,10000,16,uniform,engine,sustained,48345648,32784506,56165149,5,320,1600,138.792,267.750,2239.875,2661.167,0.30,clear_pass,,,pass,PASS,
cpython-3.14.2t-gil-disabled,3.14.2,True,False,2.4.6,8131aca,stacked_histogram,bins=5;bin_us=10000,1280,720,10000,16,clustered,kernel,median_call,77394289,53044488,157377462,5,50,250,65.375,208.542,308.708,326.084,0.30,clear_pass,,,pass,PASS,
cpython-3.14.2t-gil-disabled,3.14.2,True,False,2.4.6,8131aca,stacked_histogram,bins=5;bin_us=10000,1280,720,10000,16,clustered,engine,sustained,33349520,26505703,55704163,5,320,1600,235.334,368.167,2081.750,3610.917,0.30,clear_pass,,,pass,PASS,
cpython-3.14.2t-gil-disabled,3.14.2,True,False,2.4.6,8131aca,stacked_histogram,bins=5;bin_us=10000,1280,720,100000,0,uniform,kernel,median_call,102777088,97592681,111555225,5,20,100,934.166,1154.750,1170.667,1173.500,2.45,clear_pass,,,pass,PASS,
cpython-3.14.2t-gil-disabled,3.14.2,True,False,2.4.6,8131aca,stacked_histogram,bins=5;bin_us=10000,1280,720,100000,0,uniform,engine,sustained,34144672,33010040,35215451,5,20,100,2906.209,3527.459,4278.709,4490.084,35.16,clear_pass,,,pass,PASS,
cpython-3.14.2t-gil-disabled,3.14.2,True,False,2.4.6,8131aca,stacked_histogram,bins=5;bin_us=10000,1280,720,100000,0,clustered,kernel,median_call,145410552,124143256,169330231,5,20,100,687.000,858.333,881.875,882.084,2.45,clear_pass,,,pass,PASS,
cpython-3.14.2t-gil-disabled,3.14.2,True,False,2.4.6,8131aca,stacked_histogram,bins=5;bin_us=10000,1280,720,100000,0,clustered,engine,sustained,37262104,36067879,38721573,5,20,100,2604.208,3435.500,4107.709,4400.458,35.16,clear_pass,,,pass,PASS,
cpython-3.14.2t-gil-disabled,3.14.2,True,False,2.4.6,8131aca,stacked_histogram,bins=5;bin_us=10000,1280,720,100000,16,uniform,kernel,median_call,108915199,104769144,118293638,5,20,100,919.333,1129.958,1135.667,1140.500,2.45,clear_pass,,,pass,PASS,
cpython-3.14.2t-gil-disabled,3.14.2,True,False,2.4.6,8131aca,stacked_histogram,bins=5;bin_us=10000,1280,720,100000,16,uniform,engine,sustained,65111676,56648901,68933824,5,40,200,1062.459,3382.875,4366.625,4575.875,2.45,clear_pass,,,pass,PASS,
cpython-3.14.2t-gil-disabled,3.14.2,True,False,2.4.6,8131aca,stacked_histogram,bins=5;bin_us=10000,1280,720,100000,16,clustered,kernel,median_call,132468578,120833729,141898416,5,20,100,757.583,898.583,935.167,942.000,2.45,clear_pass,,,pass,PASS,
cpython-3.14.2t-gil-disabled,3.14.2,True,False,2.4.6,8131aca,stacked_histogram,bins=5;bin_us=10000,1280,720,100000,16,clustered,engine,sustained,73441262,68043362,80425722,5,40,200,899.250,2848.708,4237.333,4397.458,2.45,clear_pass,,,pass,PASS,
cpython-3.14.2t-gil-disabled,3.14.2,True,False,2.4.6,8131aca,stacked_histogram,bins=5;bin_us=10000,1280,720,1000000,0,uniform,kernel,median_call,104957037,104722097,105844837,5,7,35,9528.000,9778.917,9948.917,9948.917,23.91,clear_pass,,,pass,PASS,
cpython-3.14.2t-gil-disabled,3.14.2,True,False,2.4.6,8131aca,stacked_histogram,bins=5;bin_us=10000,1280,720,1000000,0,uniform,engine,sustained,77202050,76041808,78572157,5,7,35,12780.042,14049.208,14520.292,14520.292,35.16,clear_pass,,,pass,PASS,
cpython-3.14.2t-gil-disabled,3.14.2,True,False,2.4.6,8131aca,stacked_histogram,bins=5;bin_us=10000,1280,720,1000000,0,clustered,kernel,median_call,128673218,126068954,130424859,5,7,35,7771.625,8052.125,8242.750,8242.750,23.91,clear_pass,,,pass,PASS,
cpython-3.14.2t-gil-disabled,3.14.2,True,False,2.4.6,8131aca,stacked_histogram,bins=5;bin_us=10000,1280,720,1000000,0,clustered,engine,sustained,92351893,91028243,92554028,5,7,35,10673.583,12181.750,12349.209,12349.209,35.16,clear_pass,,,pass,PASS,
cpython-3.14.2t-gil-disabled,3.14.2,True,False,2.4.6,8131aca,stacked_histogram,bins=5;bin_us=10000,1280,720,1000000,16,uniform,kernel,median_call,105440742,105162147,106686103,5,7,35,9458.166,9654.958,9761.625,9761.625,23.91,clear_pass,,,pass,PASS,
cpython-3.14.2t-gil-disabled,3.14.2,True,False,2.4.6,8131aca,stacked_histogram,bins=5;bin_us=10000,1280,720,1000000,16,uniform,engine,sustained,77138223,74220201,78356909,5,10,50,12840.458,14023.167,14750.500,14750.500,35.16,clear_pass,,,pass,PASS,
cpython-3.14.2t-gil-disabled,3.14.2,True,False,2.4.6,8131aca,stacked_histogram,bins=5;bin_us=10000,1280,720,1000000,16,clustered,kernel,median_call,128702199,127554405,130417069,5,7,35,7769.875,8153.792,8722.333,8722.333,23.91,clear_pass,,,pass,PASS,
cpython-3.14.2t-gil-disabled,3.14.2,True,False,2.4.6,8131aca,stacked_histogram,bins=5;bin_us=10000,1280,720,1000000,16,clustered,engine,sustained,92553600,92100006,94467883,5,10,50,10714.333,11129.500,11151.333,11151.333,35.16,clear_pass,,,pass,PASS,
cpython-3.14.2t-gil-disabled,3.14.2,True,False,2.4.6,8131aca,stacked_histogram,bins=15;bin_us=3333,346,260,10000,16,uniform,kernel,median_call,74684830,49484495,146297217,5,50,250,72.500,215.208,223.209,329.333,0.30,clear_pass,,,pass,PASS,
cpython-3.14.2t-gil-disabled,3.14.2,True,False,2.4.6,8131aca,stacked_histogram,bins=15;bin_us=3333,346,260,10000,16,uniform,engine,sustained,58620004,35149386,85017415,5,320,1600,150.375,276.125,798.916,1266.167,0.30,clear_pass,,,pass,PASS,
cpython-3.14.2t-gil-disabled,3.14.2,True,False,2.4.6,8131aca,stacked_histogram,bins=15;bin_us=3333,346,260,10000,16,clustered,kernel,median_call,74406976,49984380,167187735,5,50,250,65.041,211.000,230.250,294.333,0.30,clear_pass,,,pass,PASS,
cpython-3.14.2t-gil-disabled,3.14.2,True,False,2.4.6,8131aca,stacked_histogram,bins=15;bin_us=3333,346,260,10000,16,clustered,engine,sustained,44908895,34873645,90166358,5,320,1600,201.375,277.875,825.250,1268.458,0.30,clear_pass,,,pass,PASS,
cpython-3.14.2t-gil-disabled,3.14.2,True,False,2.4.6,8131aca,stacked_histogram,bins=15;bin_us=3333,346,260,100000,0,uniform,kernel,median_call,130672749,126970745,135547272,5,20,100,766.041,870.250,998.792,1009.333,2.45,clear_pass,,,pass,PASS,
cpython-3.14.2t-gil-disabled,3.14.2,True,False,2.4.6,8131aca,stacked_histogram,bins=15;bin_us=3333,346,260,100000,0,uniform,engine,sustained,68145232,66059367,76044780,5,20,100,1419.917,1657.375,2237.375,2335.625,10.30,clear_pass,,,pass,PASS,
cpython-3.14.2t-gil-disabled,3.14.2,True,False,2.4.6,8131aca,stacked_histogram,bins=15;bin_us=3333,346,260,100000,0,clustered,kernel,median_call,157847964,137705388,166210695,5,20,100,617.542,756.917,796.917,933.375,2.45,clear_pass,,,pass,PASS,
cpython-3.14.2t-gil-disabled,3.14.2,True,False,2.4.6,8131aca,stacked_histogram,bins=15;bin_us=3333,346,260,100000,0,clustered,engine,sustained,88153951,87132529,102635368,5,20,100,1079.459,1211.667,1968.791,2057.042,10.30,clear_pass,,,pass,PASS,
cpython-3.14.2t-gil-disabled,3.14.2,True,False,2.4.6,8131aca,stacked_histogram,bins=15;bin_us=3333,346,260,100000,16,uniform,kernel,median_call,130046114,126950596,150715901,5,20,100,729.958,864.000,954.583,996.917,2.45,clear_pass,,,pass,PASS,
cpython-3.14.2t-gil-disabled,3.14.2,True,False,2.4.6,8131aca,stacked_histogram,bins=15;bin_us=3333,346,260,100000,16,uniform,engine,sustained,92910724,79773978,101577300,5,40,200,961.458,1629.083,1990.333,2224.917,2.45,clear_pass,,,pass,PASS,
cpython-3.14.2t-gil-disabled,3.14.2,True,False,2.4.6,8131aca,stacked_histogram,bins=15;bin_us=3333,346,260,100000,16,clustered,kernel,median_call,140626406,137883584,165181138,5,20,100,662.500,776.750,792.417,893.667,2.45,clear_pass,,,pass,PASS,
cpython-3.14.2t-gil-disabled,3.14.2,True,False,2.4.6,8131aca,stacked_histogram,bins=15;bin_us=3333,346,260,100000,16,clustered,engine,sustained,104697998,97661016,117951485,5,40,200,836.250,1423.292,1777.708,1871.833,2.45,clear_pass,,,pass,PASS,
cpython-3.14.2t-gil-disabled,3.14.2,True,False,2.4.6,8131aca,stacked_histogram,bins=15;bin_us=3333,346,260,1000000,0,uniform,kernel,median_call,132574706,125584092,133052451,5,7,35,7574.791,8137.250,8168.083,8168.083,23.91,clear_pass,,,pass,PASS,
cpython-3.14.2t-gil-disabled,3.14.2,True,False,2.4.6,8131aca,stacked_histogram,bins=15;bin_us=3333,346,260,1000000,0,uniform,engine,sustained,111896461,106445528,113135656,5,7,35,8854.500,9707.375,10612.250,10612.250,23.91,clear_pass,,,pass,PASS,
cpython-3.14.2t-gil-disabled,3.14.2,True,False,2.4.6,8131aca,stacked_histogram,bins=15;bin_us=3333,346,260,1000000,0,clustered,kernel,median_call,141373549,140938527,142489033,5,7,35,7050.708,7303.667,7321.125,7321.125,23.91,clear_pass,,,pass,PASS,
cpython-3.14.2t-gil-disabled,3.14.2,True,False,2.4.6,8131aca,stacked_histogram,bins=15;bin_us=3333,346,260,1000000,0,clustered,engine,sustained,114987447,110928284,115715229,5,7,35,8641.791,9351.709,9406.084,9406.084,23.91,clear_pass,,,pass,PASS,
cpython-3.14.2t-gil-disabled,3.14.2,True,False,2.4.6,8131aca,stacked_histogram,bins=15;bin_us=3333,346,260,1000000,16,uniform,kernel,median_call,132667062,132065504,133327414,5,7,35,7540.542,7925.583,8167.750,8167.750,23.91,clear_pass,,,pass,PASS,
cpython-3.14.2t-gil-disabled,3.14.2,True,False,2.4.6,8131aca,stacked_histogram,bins=15;bin_us=3333,346,260,1000000,16,uniform,engine,sustained,105045740,104367701,106088930,5,10,50,9393.208,9977.916,10494.334,10494.334,23.91,clear_pass,,,pass,PASS,
cpython-3.14.2t-gil-disabled,3.14.2,True,False,2.4.6,8131aca,stacked_histogram,bins=15;bin_us=3333,346,260,1000000,16,clustered,kernel,median_call,141410213,140844237,142909877,5,7,35,7038.875,7373.584,7533.334,7533.334,23.91,clear_pass,,,pass,PASS,
cpython-3.14.2t-gil-disabled,3.14.2,True,False,2.4.6,8131aca,stacked_histogram,bins=15;bin_us=3333,346,260,1000000,16,clustered,engine,sustained,116219719,115129060,120055886,5,10,50,8481.292,9176.708,9467.958,9467.958,23.91,clear_pass,,,pass,PASS,
cpython-3.14.2t-gil-disabled,3.14.2,True,False,2.4.6,8131aca,stacked_histogram,bins=15;bin_us=3333,640,480,10000,16,uniform,kernel,median_call,64386525,48173386,125917625,5,50,250,99.792,238.083,268.750,344.666,0.30,clear_pass,,,pass,PASS,
cpython-3.14.2t-gil-disabled,3.14.2,True,False,2.4.6,8131aca,stacked_histogram,bins=15;bin_us=3333,640,480,10000,16,uniform,engine,sustained,39658240,35053221,50156406,5,320,1600,186.791,293.208,2169.500,3016.916,0.30,clear_pass,,,pass,PASS,
cpython-3.14.2t-gil-disabled,3.14.2,True,False,2.4.6,8131aca,stacked_histogram,bins=15;bin_us=3333,640,480,10000,16,clustered,kernel,median_call,50766833,48701259,67979117,5,50,250,183.000,240.375,293.083,320.000,0.30,clear_pass,,,pass,PASS,
cpython-3.14.2t-gil-disabled,3.14.2,True,False,2.4.6,8131aca,stacked_histogram,bins=15;bin_us=3333,640,480,10000,16,clustered,engine,sustained,32970547,25677777,62518560,5,320,1600,237.583,355.208,2087.541,3572.750,0.30,clear_pass,,,pass,PASS,
cpython-3.14.2t-gil-disabled,3.14.2,True,False,2.4.6,8131aca,stacked_histogram,bins=15;bin_us=3333,640,480,100000,0,uniform,kernel,median_call,104411381,103475001,125048847,5,20,100,948.458,1022.417,1120.375,1132.333,2.45,clear_pass,,,pass,PASS,
cpython-3.14.2t-gil-disabled,3.14.2,True,False,2.4.6,8131aca,stacked_histogram,bins=15;bin_us=3333,640,480,100000,0,uniform,engine,sustained,34681029,32997423,35412880,5,20,100,2848.584,3347.125,4473.708,4507.666,35.16,clear_pass,,,pass,PASS,
cpython-3.14.2t-gil-disabled,3.14.2,True,False,2.4.6,8131aca,stacked_histogram,bins=15;bin_us=3333,640,480,100000,0,clustered,kernel,median_call,128686382,127243380,129303378,5,20,100,778.833,897.709,966.625,973.166,2.45,clear_pass,,,pass,PASS,
cpython-3.14.2t-gil-disabled,3.14.2,True,False,2.4.6,8131aca,stacked_histogram,bins=15;bin_us=3333,640,480,100000,0,clustered,engine,sustained,36007896,35073748,39811061,5,20,100,2622.084,3365.834,4355.208,4420.583,35.16,clear_pass,,,pass,PASS,
cpython-3.14.2t-gil-disabled,3.14.2,True,False,2.4.6,8131aca,stacked_histogram,bins=15;bin_us=3333,640,480,100000,16,uniform,kernel,median_call,105325466,100732375,117322145,5,20,100,911.000,1033.583,1055.083,1138.375,2.45,clear_pass,,,pass,PASS,
cpython-3.14.2t-gil-disabled,3.14.2,True,False,2.4.6,8131aca,stacked_histogram,bins=15;bin_us=3333,640,480,100000,16,uniform,engine,sustained,63182294,61563482,69476611,5,40,200,1065.209,3116.208,4296.250,4421.291,2.45,clear_pass,,,pass,PASS,
cpython-3.14.2t-gil-disabled,3.14.2,True,False,2.4.6,8131aca,stacked_histogram,bins=15;bin_us=3333,640,480,100000,16,clustered,kernel,median_call,128013600,125684035,159968006,5,20,100,742.333,874.875,977.667,1060.458,2.45,clear_pass,,,pass,PASS,
cpython-3.14.2t-gil-disabled,3.14.2,True,False,2.4.6,8131aca,stacked_histogram,bins=15;bin_us=3333,640,480,100000,16,clustered,engine,sustained,70094686,67959936,71005708,5,40,200,975.625,2820.542,4140.958,4202.291,2.45,clear_pass,,,pass,PASS,
cpython-3.14.2t-gil-disabled,3.14.2,True,False,2.4.6,8131aca,stacked_histogram,bins=15;bin_us=3333,640,480,1000000,0,uniform,kernel,median_call,111005754,110522163,111978421,5,7,35,8998.084,9273.416,9288.667,9288.667,23.91,clear_pass,,,pass,PASS,
cpython-3.14.2t-gil-disabled,3.14.2,True,False,2.4.6,8131aca,stacked_histogram,bins=15;bin_us=3333,640,480,1000000,0,uniform,engine,sustained,78340049,76158149,80611457,5,7,35,12565.417,14183.250,14485.541,14485.541,35.16,clear_pass,,,pass,PASS,
cpython-3.14.2t-gil-disabled,3.14.2,True,False,2.4.6,8131aca,stacked_histogram,bins=15;bin_us=3333,640,480,1000000,0,clustered,kernel,median_call,131677862,128729122,132194993,5,7,35,7607.208,7919.500,8229.834,8229.834,23.91,clear_pass,,,pass,PASS,
cpython-3.14.2t-gil-disabled,3.14.2,True,False,2.4.6,8131aca,stacked_histogram,bins=15;bin_us=3333,640,480,1000000,0,clustered,engine,sustained,90686302,89246726,91909601,5,7,35,10812.083,12519.583,12849.708,12849.708,35.16,clear_pass,,,pass,PASS,
cpython-3.14.2t-gil-disabled,3.14.2,True,False,2.4.6,8131aca,stacked_histogram,bins=15;bin_us=3333,640,480,1000000,16,uniform,kernel,median_call,110814068,108559952,112081965,5,7,35,9011.500,9423.250,9446.625,9446.625,23.91,clear_pass,,,pass,PASS,
cpython-3.14.2t-gil-disabled,3.14.2,True,False,2.4.6,8131aca,stacked_histogram,bins=15;bin_us=3333,640,480,1000000,16,uniform,engine,sustained,80722003,79243777,81119423,5,10,50,12262.334,13702.375,13872.875,13872.875,35.16,clear_pass,,,pass,PASS,
cpython-3.14.2t-gil-disabled,3.14.2,True,False,2.4.6,8131aca,stacked_histogram,bins=15;bin_us=3333,640,480,1000000,16,clustered,kernel,median_call,130322875,128797514,131966739,5,7,35,7654.333,7923.584,7938.042,7938.042,23.91,clear_pass,,,pass,PASS,
cpython-3.14.2t-gil-disabled,3.14.2,True,False,2.4.6,8131aca,stacked_histogram,bins=15;bin_us=3333,640,480,1000000,16,clustered,engine,sustained,91349613,88967080,92538968,5,10,50,10916.375,11714.209,12219.000,12219.000,35.16,clear_pass,,,pass,PASS,
cpython-3.14.2t-gil-disabled,3.14.2,True,False,2.4.6,8131aca,stacked_histogram,bins=15;bin_us=3333,1280,720,10000,16,uniform,kernel,median_call,46421699,44601442,52585497,5,50,250,196.625,578.375,665.792,679.708,0.30,clear_pass,,,pass,PASS,
cpython-3.14.2t-gil-disabled,3.14.2,True,False,2.4.6,8131aca,stacked_histogram,bins=15;bin_us=3333,1280,720,10000,16,uniform,engine,sustained,23773949,17649383,28655787,5,320,1600,230.041,603.916,6632.584,8052.958,0.30,clear_pass,,,pass,PASS,
cpython-3.14.2t-gil-disabled,3.14.2,True,False,2.4.6,8131aca,stacked_histogram,bins=15;bin_us=3333,1280,720,10000,16,clustered,kernel,median_call,54882332,52441822,141593923,5,50,250,92.375,265.000,315.375,322.833,0.30,clear_pass,,,pass,PASS,
cpython-3.14.2t-gil-disabled,3.14.2,True,False,2.4.6,8131aca,stacked_histogram,bins=15;bin_us=3333,1280,720,10000,16,clustered,engine,sustained,21984394,19087703,36993629,5,320,1600,256.292,432.292,5762.334,10313.417,0.30,borderline,36980613,20,pass,PASS,
cpython-3.14.2t-gil-disabled,3.14.2,True,False,2.4.6,8131aca,stacked_histogram,bins=15;bin_us=3333,1280,720,100000,0,uniform,kernel,median_call,82160830,79409700,89843869,5,20,100,1188.083,1337.583,1418.458,1479.208,2.45,clear_pass,,,pass,NOT MET,
cpython-3.14.2t-gil-disabled,3.14.2,True,False,2.4.6,8131aca,stacked_histogram,bins=15;bin_us=3333,1280,720,100000,0,uniform,engine,sustained,14289555,13798393,14588819,5,20,100,6731.833,8096.792,11106.625,11532.292,105.47,clear_miss,,,miss,NOT MET,
cpython-3.14.2t-gil-disabled,3.14.2,True,False,2.4.6,8131aca,stacked_histogram,bins=15;bin_us=3333,1280,720,100000,0,clustered,kernel,median_call,122755794,106390053,130740317,5,20,100,816.917,994.875,1044.500,1078.334,2.45,clear_pass,,,pass,NOT MET,
cpython-3.14.2t-gil-disabled,3.14.2,True,False,2.4.6,8131aca,stacked_histogram,bins=15;bin_us=3333,1280,720,100000,0,clustered,engine,sustained,15496798,15382623,15874397,5,20,100,6114.750,7411.458,11225.833,12553.459,105.47,clear_miss,,,miss,NOT MET,
cpython-3.14.2t-gil-disabled,3.14.2,True,False,2.4.6,8131aca,stacked_histogram,bins=15;bin_us=3333,1280,720,100000,16,uniform,kernel,median_call,82399167,79819098,92703450,5,20,100,1185.166,1320.125,1388.833,1394.292,2.45,clear_pass,,,pass,PASS,
cpython-3.14.2t-gil-disabled,3.14.2,True,False,2.4.6,8131aca,stacked_histogram,bins=15;bin_us=3333,1280,720,100000,16,uniform,engine,sustained,34563743,31683910,35765738,5,40,200,1394.584,7768.417,10780.250,14018.667,2.45,clear_pass,,,pass,PASS,
cpython-3.14.2t-gil-disabled,3.14.2,True,False,2.4.6,8131aca,stacked_histogram,bins=15;bin_us=3333,1280,720,100000,16,clustered,kernel,median_call,106671446,102454660,107722346,5,20,100,964.875,1058.333,1160.791,1173.334,2.45,clear_pass,,,pass,PASS,
cpython-3.14.2t-gil-disabled,3.14.2,True,False,2.4.6,8131aca,stacked_histogram,bins=15;bin_us=3333,1280,720,100000,16,clustered,engine,sustained,39235785,38079493,42547459,5,40,200,1138.292,6731.417,10440.083,10541.375,2.45,clear_pass,,,pass,PASS,
cpython-3.14.2t-gil-disabled,3.14.2,True,False,2.4.6,8131aca,stacked_histogram,bins=15;bin_us=3333,1280,720,1000000,0,uniform,kernel,median_call,84576731,83587579,84898948,5,7,35,11834.791,12253.666,12893.792,12893.792,23.91,clear_pass,,,pass,PASS,
cpython-3.14.2t-gil-disabled,3.14.2,True,False,2.4.6,8131aca,stacked_histogram,bins=15;bin_us=3333,1280,720,1000000,0,uniform,engine,sustained,49163834,48822477,49779326,5,7,35,19858.167,23535.042,23898.917,23898.917,105.47,clear_pass,,,pass,PASS,
cpython-3.14.2t-gil-disabled,3.14.2,True,False,2.4.6,8131aca,stacked_histogram,bins=15;bin_us=3333,1280,720,1000000,0,clustered,kernel,median_call,111089510,106475953,111460465,5,7,35,9013.041,9626.791,9727.542,9727.542,23.91,clear_pass,,,pass,PASS,
cpython-3.14.2t-gil-disabled,3.14.2,True,False,2.4.6,8131aca,stacked_histogram,bins=15;bin_us=3333,1280,720,1000000,0,clustered,engine,sustained,60566143,59834642,61090220,5,7,35,15857.417,20441.791,20561.125,20561.125,105.47,clear_pass,,,pass,PASS,
cpython-3.14.2t-gil-disabled,3.14.2,True,False,2.4.6,8131aca,stacked_histogram,bins=15;bin_us=3333,1280,720,1000000,16,uniform,kernel,median_call,84294224,83756478,85151372,5,7,35,11828.167,12130.000,12201.333,12201.333,23.91,clear_pass,,,pass,PASS,
cpython-3.14.2t-gil-disabled,3.14.2,True,False,2.4.6,8131aca,stacked_histogram,bins=15;bin_us=3333,1280,720,1000000,16,uniform,engine,sustained,50073076,49565497,50848793,5,10,50,19553.250,23050.584,23884.833,23884.833,105.47,clear_pass,,,pass,PASS,
cpython-3.14.2t-gil-disabled,3.14.2,True,False,2.4.6,8131aca,stacked_histogram,bins=15;bin_us=3333,1280,720,1000000,16,clustered,kernel,median_call,110902147,109881054,111290412,5,7,35,9036.250,9476.459,9594.208,9594.208,23.91,clear_pass,,,pass,PASS,
cpython-3.14.2t-gil-disabled,3.14.2,True,False,2.4.6,8131aca,stacked_histogram,bins=15;bin_us=3333,1280,720,1000000,16,clustered,engine,sustained,62327770,61941702,63266847,5,10,50,15925.167,16891.209,16930.917,16930.917,105.47,clear_pass,,,pass,PASS,
cpython-3.14.2t-gil-disabled,3.14.2,True,False,2.4.6,8131aca,stacked_histogram,bins=10;bin_us=5000,346,260,10000,16,uniform,kernel,median_call,148148148,57416323,175375523,5,50,250,60.459,192.875,206.375,277.209,0.30,clear_pass,,,pass,PASS,
cpython-3.14.2t-gil-disabled,3.14.2,True,False,2.4.6,8131aca,stacked_histogram,bins=10;bin_us=5000,346,260,10000,16,uniform,engine,sustained,80573384,73507214,102194633,5,320,1600,91.833,233.250,518.333,773.667,0.30,clear_pass,,,pass,PASS,
cpython-3.14.2t-gil-disabled,3.14.2,True,False,2.4.6,8131aca,stacked_histogram,bins=10;bin_us=5000,346,260,10000,16,clustered,kernel,median_call,56324859,54850874,128068850,5,50,250,78.334,199.625,268.500,275.834,0.30,clear_pass,,,pass,PASS,
cpython-3.14.2t-gil-disabled,3.14.2,True,False,2.4.6,8131aca,stacked_histogram,bins=10;bin_us=5000,346,260,10000,16,clustered,engine,sustained,73412584,61852689,95282509,5,320,1600,89.917,285.208,598.334,810.250,0.30,clear_pass,,,pass,PASS,
cpython-3.14.2t-gil-disabled,3.14.2,True,False,2.4.6,8131aca,stacked_histogram,bins=10;bin_us=5000,346,260,100000,0,uniform,kernel,median_call,133816590,132264285,136826233,5,20,100,747.291,828.458,945.084,985.959,2.45,clear_pass,,,pass,PASS,
cpython-3.14.2t-gil-disabled,3.14.2,True,False,2.4.6,8131aca,stacked_histogram,bins=10;bin_us=5000,346,260,100000,0,uniform,engine,sustained,85912033,79370071,93754405,5,20,100,1127.667,1461.583,1567.041,1842.292,6.86,clear_pass,,,pass,PASS,
cpython-3.14.2t-gil-disabled,3.14.2,True,False,2.4.6,8131aca,stacked_histogram,bins=10;bin_us=5000,346,260,100000,0,clustered,kernel,median_call,144604481,142496626,179171333,5,20,100,686.541,737.666,849.959,858.708,2.45,clear_pass,,,pass,PASS,
cpython-3.14.2t-gil-disabled,3.14.2,True,False,2.4.6,8131aca,stacked_histogram,bins=10;bin_us=5000,346,260,100000,0,clustered,engine,sustained,93639530,88833445,96631200,5,20,100,1048.292,1387.250,1495.459,1654.875,6.86,clear_pass,,,pass,PASS,
cpython-3.14.2t-gil-disabled,3.14.2,True,False,2.4.6,8131aca,stacked_histogram,bins=10;bin_us=5000,346,260,100000,16,uniform,kernel,median_call,134930005,130116591,162861012,5,20,100,738.125,838.208,1006.459,1053.375,2.45,clear_pass,,,pass,PASS,
cpython-3.14.2t-gil-disabled,3.14.2,True,False,2.4.6,8131aca,stacked_histogram,bins=10;bin_us=5000,346,260,100000,16,uniform,engine,sustained,123699386,115851504,136875966,5,40,200,718.500,1190.958,1322.000,1430.166,2.45,clear_pass,,,pass,PASS,
cpython-3.14.2t-gil-disabled,3.14.2,True,False,2.4.6,8131aca,stacked_histogram,bins=10;bin_us=5000,346,260,100000,16,clustered,kernel,median_call,156719301,139380981,194190406,5,20,100,583.792,744.292,903.458,925.916,2.45,clear_pass,,,pass,PASS,
cpython-3.14.2t-gil-disabled,3.14.2,True,False,2.4.6,8131aca,stacked_histogram,bins=10;bin_us=5000,346,260,100000,16,clustered,engine,sustained,119252734,114376268,139243457,5,40,200,782.792,1187.083,1299.042,1367.667,2.45,clear_pass,,,pass,PASS,
cpython-3.14.2t-gil-disabled,3.14.2,True,False,2.4.6,8131aca,stacked_histogram,bins=10;bin_us=5000,346,260,1000000,0,uniform,kernel,median_call,135306554,132769065,137647822,5,7,35,7373.333,7688.166,7744.125,7744.125,23.91,clear_pass,,,pass,PASS,
cpython-3.14.2t-gil-disabled,3.14.2,True,False,2.4.6,8131aca,stacked_histogram,bins=10;bin_us=5000,346,260,1000000,0,uniform,engine,sustained,112647728,110574619,114289911,5,7,35,8813.458,9438.041,9484.041,9484.041,23.91,clear_pass,,,pass,PASS,
cpython-3.14.2t-gil-disabled,3.14.2,True,False,2.4.6,8131aca,stacked_histogram,bins=10;bin_us=5000,346,260,1000000,0,clustered,kernel,median_call,145503922,144176190,146915689,5,7,35,6875.458,7192.625,7262.834,7262.834,23.91,clear_pass,,,pass,PASS,
cpython-3.14.2t-gil-disabled,3.14.2,True,False,2.4.6,8131aca,stacked_histogram,bins=10;bin_us=5000,346,260,1000000,0,clustered,engine,sustained,117541041,115199556,119416482,5,7,35,8504.250,8965.041,9139.625,9139.625,23.91,clear_pass,,,pass,PASS,
cpython-3.14.2t-gil-disabled,3.14.2,True,False,2.4.6,8131aca,stacked_histogram,bins=10;bin_us=5000,346,260,1000000,16,uniform,kernel,median_call,135707472,134269496,138453012,5,7,35,7376.875,7661.958,7693.917,7693.917,23.91,clear_pass,,,pass,PASS,
cpython-3.14.2t-gil-disabled,3.14.2,True,False,2.4.6,8131aca,stacked_histogram,bins=10;bin_us=5000,346,260,1000000,16,uniform,engine,sustained,113434686,108335073,113928196,5,10,50,8870.208,9533.875,10100.042,10100.042,23.91,clear_pass,,,pass,PASS,
cpython-3.14.2t-gil-disabled,3.14.2,True,False,2.4.6,8131aca,stacked_histogram,bins=10;bin_us=5000,346,260,1000000,16,clustered,kernel,median_call,145221304,144734368,147045308,5,7,35,6881.458,7243.708,7546.291,7546.291,23.91,clear_pass,,,pass,PASS,
cpython-3.14.2t-gil-disabled,3.14.2,True,False,2.4.6,8131aca,stacked_histogram,bins=10;bin_us=5000,346,260,1000000,16,clustered,engine,sustained,115551333,113754860,119579257,5,10,50,8589.417,9114.500,9860.000,9860.000,23.91,clear_pass,,,pass,PASS,
cpython-3.14.2t-gil-disabled,3.14.2,True,False,2.4.6,8131aca,stacked_histogram,bins=10;bin_us=5000,640,480,10000,16,uniform,kernel,median_call,68620286,49597024,70796210,5,50,250,173.917,322.625,346.833,361.917,0.30,clear_pass,,,pass,PASS,
cpython-3.14.2t-gil-disabled,3.14.2,True,False,2.4.6,8131aca,stacked_histogram,bins=10;bin_us=5000,640,480,10000,16,uniform,engine,sustained,32123876,30322400,49700213,5,320,1600,260.625,350.125,1571.500,2437.958,0.30,clear_pass,,,pass,PASS,
cpython-3.14.2t-gil-disabled,3.14.2,True,False,2.4.6,8131aca,stacked_histogram,bins=10;bin_us=5000,640,480,10000,16,clustered,kernel,median_call,66024687,49581655,143069704,5,50,250,70.792,244.083,285.666,307.375,0.30,clear_pass,,,pass,PASS,
cpython-3.14.2t-gil-disabled,3.14.2,True,False,2.4.6,8131aca,stacked_histogram,bins=10;bin_us=5000,640,480,10000,16,clustered,engine,sustained,36723196,27070278,73025112,5,320,1600,228.083,360.084,1509.916,2588.792,0.30,clear_pass,,,pass,PASS,
cpython-3.14.2t-gil-disabled,3.14.2,True,False,2.4.6,8131aca,stacked_histogram,bins=10;bin_us=5000,640,480,100000,0,uniform,kernel,median_call,139433551,117422506,146265655,5,20,100,711.042,899.125,949.042,1015.000,2.45,clear_pass,,,pass,PASS,
cpython-3.14.2t-gil-disabled,3.14.2,True,False,2.4.6,8131aca,stacked_histogram,bins=10;bin_us=5000,640,480,100000,0,uniform,engine,sustained,43778287,43134086,46730428,5,20,100,2195.541,2550.708,3423.125,3448.334,23.44,clear_pass,,,pass,PASS,
cpython-3.14.2t-gil-disabled,3.14.2,True,False,2.4.6,8131aca,stacked_histogram,bins=10;bin_us=5000,640,480,100000,0,clustered,kernel,median_call,134566863,132886657,135788848,5,20,100,743.500,844.125,1046.500,1128.917,2.45,clear_pass,,,pass,PASS,
cpython-3.14.2t-gil-disabled,3.14.2,True,False,2.4.6,8131aca,stacked_histogram,bins=10;bin_us=5000,640,480,100000,0,clustered,engine,sustained,47696884,45506992,49898540,5,20,100,2016.083,2428.542,3222.416,3227.209,23.44,clear_pass,,,pass,PASS,
cpython-3.14.2t-gil-disabled,3.14.2,True,False,2.4.6,8131aca,stacked_histogram,bins=10;bin_us=5000,640,480,100000,16,uniform,kernel,median_call,116819632,113311815,118803083,5,20,100,852.125,976.541,1020.167,1026.041,2.45,clear_pass,,,pass,PASS,
cpython-3.14.2t-gil-disabled,3.14.2,True,False,2.4.6,8131aca,stacked_histogram,bins=10;bin_us=5000,640,480,100000,16,uniform,engine,sustained,74386262,71112535,81282985,5,40,200,1016.500,2350.000,3114.292,3263.291,2.45,clear_pass,,,pass,PASS,
cpython-3.14.2t-gil-disabled,3.14.2,True,False,2.4.6,8131aca,stacked_histogram,bins=10;bin_us=5000,640,480,100000,16,clustered,kernel,median_call,132267784,125019534,154848620,5,20,100,748.625,857.542,907.708,920.250,2.45,clear_pass,,,pass,PASS,
cpython-3.14.2t-gil-disabled,3.14.2,True,False,2.4.6,8131aca,stacked_histogram,bins=10;bin_us=5000,640,480,100000,16,clustered,engine,sustained,80436840,78723948,96391637,5,40,200,934.875,2179.875,3051.125,3104.666,2.45,clear_pass,,,pass,PASS,
cpython-3.14.2t-gil-disabled,3.14.2,True,False,2.4.6,8131aca,stacked_histogram,bins=10;bin_us=5000,640,480,1000000,0,uniform,kernel,median_call,119392892,116811622,119719860,5,7,35,8443.541,8647.500,8652.375,8652.375,23.91,clear_pass,,,pass,PASS,
cpython-3.14.2t-gil-disabled,3.14.2,True,False,2.4.6,8131aca,stacked_histogram,bins=10;bin_us=5000,640,480,1000000,0,uniform,engine,sustained,89495993,86958547,90878158,5,7,35,11050.667,12238.959,12239.000,12239.000,23.91,clear_pass,,,pass,PASS,
cpython-3.14.2t-gil-disabled,3.14.2,True,False,2.4.6,8131aca,stacked_histogram,bins=10;bin_us=5000,640,480,1000000,0,clustered,kernel,median_call,135297401,134959596,137381508,5,7,35,7390.750,7995.459,8307.959,8307.959,23.91,clear_pass,,,pass,PASS,
cpython-3.14.2t-gil-disabled,3.14.2,True,False,2.4.6,8131aca,stacked_histogram,bins=10;bin_us=5000,640,480,1000000,0,clustered,engine,sustained,99050529,97027941,100072673,5,7,35,9974.875,11025.167,11157.750,11157.750,23.91,clear_pass,,,pass,PASS,
cpython-3.14.2t-gil-disabled,3.14.2,True,False,2.4.6,8131aca,stacked_histogram,bins=10;bin_us=5000,640,480,1000000,16,uniform,kernel,median_call,118733118,117588845,119464793,5,7,35,8436.542,8796.167,8857.875,8857.875,23.91,clear_pass,,,pass,PASS,
cpython-3.14.2t-gil-disabled,3.14.2,True,False,2.4.6,8131aca,stacked_histogram,bins=10;bin_us=5000,640,480,1000000,16,uniform,engine,sustained,91587357,88656216,93387975,5,10,50,10864.667,11743.292,12378.458,12378.458,23.91,clear_pass,,,pass,PASS,
cpython-3.14.2t-gil-disabled,3.14.2,True,False,2.4.6,8131aca,stacked_histogram,bins=10;bin_us=5000,640,480,1000000,16,clustered,kernel,median_call,135645327,133023690,136576255,5,7,35,7383.208,7827.458,7934.709,7934.709,23.91,clear_pass,,,pass,PASS,
cpython-3.14.2t-gil-disabled,3.14.2,True,False,2.4.6,8131aca,stacked_histogram,bins=10;bin_us=5000,640,480,1000000,16,clustered,engine,sustained,99709681,97623201,100670721,5,10,50,9976.375,11022.583,11437.291,11437.291,23.91,clear_pass,,,pass,PASS,
cpython-3.14.2t-gil-disabled,3.14.2,True,False,2.4.6,8131aca,stacked_histogram,bins=10;bin_us=5000,1280,720,10000,16,uniform,kernel,median_call,48217054,44721919,65093360,5,50,250,203.708,322.375,359.500,360.666,0.30,clear_pass,,,pass,PASS,
cpython-3.14.2t-gil-disabled,3.14.2,True,False,2.4.6,8131aca,stacked_histogram,bins=10;bin_us=5000,1280,720,10000,16,uniform,engine,sustained,21324632,20436376,26951150,5,320,1600,333.959,462.417,4453.583,4994.959,0.30,borderline,35153654,20,pass,PASS,
cpython-3.14.2t-gil-disabled,3.14.2,True,False,2.4.6,8131aca,stacked_histogram,bins=10;bin_us=5000,1280,720,10000,16,clustered,kernel,median_call,51618498,44922823,136791420,5,50,250,73.542,328.416,346.000,359.125,0.30,clear_pass,,,pass,PASS,
cpython-3.14.2t-gil-disabled,3.14.2,True,False,2.4.6,8131aca,stacked_histogram,bins=10;bin_us=5000,1280,720,10000,16,clustered,engine,sustained,25037516,23486511,44422281,5,320,1600,267.041,402.917,3884.375,7098.333,0.30,clear_pass,,,pass,PASS,
cpython-3.14.2t-gil-disabled,3.14.2,True,False,2.4.6,8131aca,stacked_histogram,bins=10;bin_us=5000,1280,720,100000,0,uniform,kernel,median_call,88890548,88511868,107693343,5,20,100,1022.791,1192.833,1217.417,1222.000,2.45,clear_pass,,,pass,NOT MET,
cpython-3.14.2t-gil-disabled,3.14.2,True,False,2.4.6,8131aca,stacked_histogram,bins=10;bin_us=5000,1280,720,100000,0,uniform,engine,sustained,20326959,20076962,20901135,5,20,100,4726.500,5248.125,7655.375,8046.209,70.31,borderline,20091368,12,miss,NOT MET,
cpython-3.14.2t-gil-disabled,3.14.2,True,False,2.4.6,8131aca,stacked_histogram,bins=10;bin_us=5000,1280,720,100000,0,clustered,kernel,median_call,116555822,113881727,150328807,5,20,100,853.458,953.875,1029.500,1083.667,2.45,clear_pass,,,pass,PASS,
cpython-3.14.2t-gil-disabled,3.14.2,True,False,2.4.6,8131aca,stacked_histogram,bins=10;bin_us=5000,1280,720,100000,0,clustered,engine,sustained,22251716,21483238,22656620,5,20,100,4324.333,5291.625,7290.250,7590.084,70.31,clear_pass,,,pass,PASS,
cpython-3.14.2t-gil-disabled,3.14.2,True,False,2.4.6,8131aca,stacked_histogram,bins=10;bin_us=5000,1280,720,100000,16,uniform,kernel,median_call,99026275,88449941,102397850,5,20,100,1009.834,1184.458,1230.667,1297.083,2.45,clear_pass,,,pass,PASS,
cpython-3.14.2t-gil-disabled,3.14.2,True,False,2.4.6,8131aca,stacked_histogram,bins=10;bin_us=5000,1280,720,100000,16,uniform,engine,sustained,43638131,42004967,46890317,5,40,200,1298.000,5389.292,7561.583,7809.500,2.45,clear_pass,,,pass,PASS,
cpython-3.14.2t-gil-disabled,3.14.2,True,False,2.4.6,8131aca,stacked_histogram,bins=10;bin_us=5000,1280,720,100000,16,clustered,kernel,median_call,118281955,110489607,139134500,5,20,100,798.583,963.541,1022.791,1035.791,2.45,clear_pass,,,pass,PASS,
cpython-3.14.2t-gil-disabled,3.14.2,True,False,2.4.6,8131aca,stacked_histogram,bins=10;bin_us=5000,1280,720,100000,16,clustered,engine,sustained,53264681,50049973,58352596,5,40,200,1029.042,4618.166,7155.792,7334.625,2.45,clear_pass,,,pass,PASS,
cpython-3.14.2t-gil-disabled,3.14.2,True,False,2.4.6,8131aca,stacked_histogram,bins=10;bin_us=5000,1280,720,1000000,0,uniform,kernel,median_call,91724892,90519921,91844586,5,7,35,10927.417,11143.875,11158.458,11158.458,23.91,clear_pass,,,pass,PASS,
cpython-3.14.2t-gil-disabled,3.14.2,True,False,2.4.6,8131aca,stacked_histogram,bins=10;bin_us=5000,1280,720,1000000,0,uniform,engine,sustained,58603091,57737594,60426351,5,7,35,16602.500,19602.875,19915.375,19915.375,70.31,clear_pass,,,pass,PASS,
cpython-3.14.2t-gil-disabled,3.14.2,True,False,2.4.6,8131aca,stacked_histogram,bins=10;bin_us=5000,1280,720,1000000,0,clustered,kernel,median_call,118569459,116445492,119743156,5,7,35,8502.709,8974.125,9222.792,9222.792,23.91,clear_pass,,,pass,PASS,
cpython-3.14.2t-gil-disabled,3.14.2,True,False,2.4.6,8131aca,stacked_histogram,bins=10;bin_us=5000,1280,720,1000000,0,clustered,engine,sustained,72032982,70151733,73099511,5,7,35,13447.500,16647.125,16695.125,16695.125,70.31,clear_pass,,,pass,PASS,
cpython-3.14.2t-gil-disabled,3.14.2,True,False,2.4.6,8131aca,stacked_histogram,bins=10;bin_us=5000,1280,720,1000000,16,uniform,kernel,median_call,91139010,90199451,92945804,5,7,35,10972.250,11183.042,11202.792,11202.792,23.91,clear_pass,,,pass,PASS,
cpython-3.14.2t-gil-disabled,3.14.2,True,False,2.4.6,8131aca,stacked_histogram,bins=10;bin_us=5000,1280,720,1000000,16,uniform,engine,sustained,59640784,59024735,60397674,5,10,50,16512.083,19058.791,19459.333,19459.333,70.31,clear_pass,,,pass,PASS,
cpython-3.14.2t-gil-disabled,3.14.2,True,False,2.4.6,8131aca,stacked_histogram,bins=10;bin_us=5000,1280,720,1000000,16,clustered,kernel,median_call,118927856,117257351,120384634,5,7,35,8408.459,8877.916,9145.334,9145.334,23.91,clear_pass,,,pass,PASS,
cpython-3.14.2t-gil-disabled,3.14.2,True,False,2.4.6,8131aca,stacked_histogram,bins=10;bin_us=5000,1280,720,1000000,16,clustered,engine,sustained,73826277,71996530,74763817,5,10,50,13447.666,14537.625,14616.292,14616.292,70.31,clear_pass,,,pass,PASS,
cpython-3.14.2t-gil-disabled,3.14.2,True,False,2.4.6,8131aca,voxel_grid,bins=5;bin_us=12500,346,260,10000,16,uniform,kernel,median_call,49195409,47832586,104189458,5,50,250,203.541,237.583,349.167,462.209,0.47,clear_pass,,,pass,PASS,
cpython-3.14.2t-gil-disabled,3.14.2,True,False,2.4.6,8131aca,voxel_grid,bins=5;bin_us=12500,346,260,10000,16,uniform,engine,sustained,46707600,43301682,81362132,5,320,1600,127.458,331.917,632.458,743.084,0.47,clear_pass,,,pass,PASS,
cpython-3.14.2t-gil-disabled,3.14.2,True,False,2.4.6,8131aca,voxel_grid,bins=5;bin_us=12500,346,260,10000,16,clustered,kernel,median_call,49195530,47040450,114503598,5,50,250,202.833,224.667,301.500,315.875,0.47,clear_pass,,,pass,PASS,
cpython-3.14.2t-gil-disabled,3.14.2,True,False,2.4.6,8131aca,voxel_grid,bins=5;bin_us=12500,346,260,10000,16,clustered,engine,sustained,59471314,44988770,62404623,5,320,1600,108.292,384.708,577.750,1187.125,0.47,clear_pass,,,pass,PASS,
cpython-3.14.2t-gil-disabled,3.14.2,True,False,2.4.6,8131aca,voxel_grid,bins=5;bin_us=12500,346,260,100000,0,uniform,kernel,median_call,93990483,91702821,107372923,5,20,100,988.875,1148.334,1173.500,1197.375,4.68,clear_pass,,,pass,PASS,
cpython-3.14.2t-gil-disabled,3.14.2,True,False,2.4.6,8131aca,voxel_grid,bins=5;bin_us=12500,346,260,100000,0,uniform,engine,sustained,70942320,62609408,78845690,5,20,100,1377.291,1736.917,1897.209,1974.041,4.68,clear_pass,,,pass,PASS,
cpython-3.14.2t-gil-disabled,3.14.2,True,False,2.4.6,8131aca,voxel_grid,bins=5;bin_us=12500,346,260,100000,0,clustered,kernel,median_call,109859989,103656053,134721685,5,20,100,863.459,1031.875,1047.541,1111.250,4.68,clear_pass,,,pass,PASS,
cpython-3.14.2t-gil-disabled,3.14.2,True,False,2.4.6,8131aca,voxel_grid,bins=5;bin_us=12500,346,260,100000,0,clustered,engine,sustained,64015450,63119446,82876937,5,20,100,1453.292,1699.375,1766.541,1778.833,4.68,clear_pass,,,pass,PASS,
cpython-3.14.2t-gil-disabled,3.14.2,True,False,2.4.6,8131aca,voxel_grid,bins=5;bin_us=12500,346,260,100000,16,uniform,kernel,median_call,107363355,101921682,123355289,5,20,100,919.250,1045.292,1105.375,1226.583,4.68,clear_pass,,,pass,PASS,
cpython-3.14.2t-gil-disabled,3.14.2,True,False,2.4.6,8131aca,voxel_grid,bins=5;bin_us=12500,346,260,100000,16,uniform,engine,sustained,80190322,76274800,103219477,5,40,200,1150.666,1527.750,1618.333,1718.000,4.68,clear_pass,,,pass,PASS,
cpython-3.14.2t-gil-disabled,3.14.2,True,False,2.4.6,8131aca,voxel_grid,bins=5;bin_us=12500,346,260,100000,16,clustered,kernel,median_call,113277031,100513018,136658695,5,20,100,882.167,1077.000,1114.584,1117.292,4.68,clear_pass,,,pass,PASS,
cpython-3.14.2t-gil-disabled,3.14.2,True,False,2.4.6,8131aca,voxel_grid,bins=5;bin_us=12500,346,260,100000,16,clustered,engine,sustained,83188765,82663282,87179457,5,40,200,1113.500,1439.000,1464.666,1465.792,4.68,clear_pass,,,pass,PASS,
cpython-3.14.2t-gil-disabled,3.14.2,True,False,2.4.6,8131aca,voxel_grid,bins=5;bin_us=12500,346,260,1000000,0,uniform,kernel,median_call,86338078,84983732,87365812,5,7,35,11582.375,11935.708,12599.833,12599.833,46.73,clear_pass,,,pass,PASS,
cpython-3.14.2t-gil-disabled,3.14.2,True,False,2.4.6,8131aca,voxel_grid,bins=5;bin_us=12500,346,260,1000000,0,uniform,engine,sustained,76549653,73733203,77438945,5,7,35,13047.167,13759.750,15059.417,15059.417,46.73,clear_pass,,,pass,PASS,
cpython-3.14.2t-gil-disabled,3.14.2,True,False,2.4.6,8131aca,voxel_grid,bins=5;bin_us=12500,346,260,1000000,0,clustered,kernel,median_call,95950486,93029383,97231735,5,7,35,10447.417,10869.875,11137.084,11137.084,46.73,clear_pass,,,pass,PASS,
cpython-3.14.2t-gil-disabled,3.14.2,True,False,2.4.6,8131aca,voxel_grid,bins=5;bin_us=12500,346,260,1000000,0,clustered,engine,sustained,83198879,81721283,83711947,5,7,35,12018.666,12653.000,12742.250,12742.250,46.73,clear_pass,,,pass,PASS,
cpython-3.14.2t-gil-disabled,3.14.2,True,False,2.4.6,8131aca,voxel_grid,bins=5;bin_us=12500,346,260,1000000,16,uniform,kernel,median_call,85326351,85196408,87354364,5,7,35,11675.875,12395.000,13280.959,13280.959,46.73,clear_pass,,,pass,PASS,
cpython-3.14.2t-gil-disabled,3.14.2,True,False,2.4.6,8131aca,voxel_grid,bins=5;bin_us=12500,346,260,1000000,16,uniform,engine,sustained,76409200,75283701,76784324,5,10,50,13001.916,13658.250,15491.375,15491.375,46.73,clear_pass,,,pass,PASS,
cpython-3.14.2t-gil-disabled,3.14.2,True,False,2.4.6,8131aca,voxel_grid,bins=5;bin_us=12500,346,260,1000000,16,clustered,kernel,median_call,94588363,93658531,95564224,5,7,35,10572.125,10984.416,11061.375,11061.375,46.73,clear_pass,,,pass,PASS,
cpython-3.14.2t-gil-disabled,3.14.2,True,False,2.4.6,8131aca,voxel_grid,bins=5;bin_us=12500,346,260,1000000,16,clustered,engine,sustained,82918483,82264156,85392752,5,10,50,11980.458,12496.292,13194.125,13194.125,46.73,clear_pass,,,pass,PASS,
cpython-3.14.2t-gil-disabled,3.14.2,True,False,2.4.6,8131aca,voxel_grid,bins=5;bin_us=12500,640,480,10000,16,uniform,kernel,median_call,41554815,38800445,45692562,5,50,250,243.583,390.291,522.125,558.375,0.47,clear_pass,,,pass,PASS,
cpython-3.14.2t-gil-disabled,3.14.2,True,False,2.4.6,8131aca,voxel_grid,bins=5;bin_us=12500,640,480,10000,16,uniform,engine,sustained,45414121,34976666,58380710,5,320,1600,141.333,423.166,1454.000,1817.833,0.47,clear_pass,,,pass,PASS,
cpython-3.14.2t-gil-disabled,3.14.2,True,False,2.4.6,8131aca,voxel_grid,bins=5;bin_us=12500,640,480,10000,16,clustered,kernel,median_call,42553101,33987075,114613181,5,50,250,236.708,316.292,389.667,446.958,0.47,clear_pass,,,pass,PASS,
cpython-3.14.2t-gil-disabled,3.14.2,True,False,2.4.6,8131aca,voxel_grid,bins=5;bin_us=12500,640,480,10000,16,clustered,engine,sustained,40960981,37978328,42866263,5,320,1600,267.792,381.875,1514.084,2018.459,0.47,clear_pass,,,pass,PASS,
cpython-3.14.2t-gil-disabled,3.14.2,True,False,2.4.6,8131aca,voxel_grid,bins=5;bin_us=12500,640,480,100000,0,uniform,kernel,median_call,79329633,78150429,94693203,5,20,100,1183.958,1479.333,1529.042,1682.250,4.68,clear_pass,,,pass,PASS,
cpython-3.14.2t-gil-disabled,3.14.2,True,False,2.4.6,8131aca,voxel_grid,bins=5;bin_us=12500,640,480,100000,0,uniform,engine,sustained,35800459,35397550,41267393,5,20,100,2572.625,3248.125,3329.292,3441.084,5.92,clear_pass,,,pass,PASS,
cpython-3.14.2t-gil-disabled,3.14.2,True,False,2.4.6,8131aca,voxel_grid,bins=5;bin_us=12500,640,480,100000,0,clustered,kernel,median_call,101366368,90320611,113384020,5,20,100,969.125,1181.000,1217.917,1226.541,4.68,clear_pass,,,pass,PASS,
cpython-3.14.2t-gil-disabled,3.14.2,True,False,2.4.6,8131aca,voxel_grid,bins=5;bin_us=12500,640,480,100000,0,clustered,engine,sustained,40825144,40145527,41279847,5,20,100,2517.250,2837.209,2880.167,2897.250,5.92,clear_pass,,,pass,PASS,
cpython-3.14.2t-gil-disabled,3.14.2,True,False,2.4.6,8131aca,voxel_grid,bins=5;bin_us=12500,640,480,100000,16,uniform,kernel,median_call,79093087,75873714,112320112,5,20,100,1234.583,1510.917,1566.833,1783.000,4.68,clear_pass,,,pass,PASS,
cpython-3.14.2t-gil-disabled,3.14.2,True,False,2.4.6,8131aca,voxel_grid,bins=5;bin_us=12500,640,480,100000,16,uniform,engine,sustained,60868480,59538315,68198774,5,40,200,1343.875,2578.750,2665.334,2763.416,4.68,clear_pass,,,pass,PASS,
cpython-3.14.2t-gil-disabled,3.14.2,True,False,2.4.6,8131aca,voxel_grid,bins=5;bin_us=12500,640,480,100000,16,clustered,kernel,median_call,92421399,91645042,130021428,5,20,100,1008.458,1183.584,1208.917,1372.417,4.68,clear_pass,,,pass,PASS,
cpython-3.14.2t-gil-disabled,3.14.2,True,False,2.4.6,8131aca,voxel_grid,bins=5;bin_us=12500,640,480,100000,16,clustered,engine,sustained,71945843,71313328,80180408,5,40,200,1092.375,2351.125,2409.292,2451.833,4.68,clear_pass,,,pass,PASS,
cpython-3.14.2t-gil-disabled,3.14.2,True,False,2.4.6,8131aca,voxel_grid,bins=5;bin_us=12500,640,480,1000000,0,uniform,kernel,median_call,80114025,78853987,81302465,5,7,35,12511.083,12922.250,13231.709,13231.709,46.73,clear_pass,,,pass,PASS,
cpython-3.14.2t-gil-disabled,3.14.2,True,False,2.4.6,8131aca,voxel_grid,bins=5;bin_us=12500,640,480,1000000,0,uniform,engine,sustained,65223038,64034615,67223045,5,7,35,15153.083,16807.875,17770.833,17770.833,46.73,clear_pass,,,pass,PASS,
cpython-3.14.2t-gil-disabled,3.14.2,True,False,2.4.6,8131aca,voxel_grid,bins=5;bin_us=12500,640,480,1000000,0,clustered,kernel,median_call,88200268,86646666,89880571,5,7,35,11337.834,11684.042,11778.500,11778.500,46.73,clear_pass,,,pass,PASS,
cpython-3.14.2t-gil-disabled,3.14.2,True,False,2.4.6,8131aca,voxel_grid,bins=5;bin_us=12500,640,480,1000000,0,clustered,engine,sustained,72589886,71571716,73291393,5,7,35,13728.292,14505.375,14516.167,14516.167,46.73,clear_pass,,,pass,PASS,
cpython-3.14.2t-gil-disabled,3.14.2,True,False,2.4.6,8131aca,voxel_grid,bins=5;bin_us=12500,640,480,1000000,16,uniform,kernel,median_call,78659640,77293939,79844036,5,7,35,12686.834,13249.709,13832.041,13832.041,46.73,clear_pass,,,pass,PASS,
cpython-3.14.2t-gil-disabled,3.14.2,True,False,2.4.6,8131aca,voxel_grid,bins=5;bin_us=12500,640,480,1000000,16,uniform,engine,sustained,67478128,65908970,68090921,5,10,50,14834.875,16073.917,16258.791,16258.791,46.73,clear_pass,,,pass,PASS,
cpython-3.14.2t-gil-disabled,3.14.2,True,False,2.4.6,8131aca,voxel_grid,bins=5;bin_us=12500,640,480,1000000,16,clustered,kernel,median_call,87664823,85335460,88480894,5,7,35,11412.916,11890.834,11895.208,11895.208,46.73,clear_pass,,,pass,PASS,
cpython-3.14.2t-gil-disabled,3.14.2,True,False,2.4.6,8131aca,voxel_grid,bins=5;bin_us=12500,640,480,1000000,16,clustered,engine,sustained,72772612,71161462,74098544,5,10,50,13740.792,14496.292,15621.208,15621.208,46.73,clear_pass,,,pass,PASS,
cpython-3.14.2t-gil-disabled,3.14.2,True,False,2.4.6,8131aca,voxel_grid,bins=5;bin_us=12500,1280,720,10000,16,uniform,kernel,median_call,33128599,27879460,33888770,5,50,250,316.542,442.708,596.334,601.000,0.47,clear_pass,,,pass,PASS,
cpython-3.14.2t-gil-disabled,3.14.2,True,False,2.4.6,8131aca,voxel_grid,bins=5;bin_us=12500,1280,720,10000,16,uniform,engine,sustained,18816754,17339886,32548950,5,320,1600,372.959,763.209,4593.250,4770.625,0.47,borderline,28624837,20,pass,PASS,
cpython-3.14.2t-gil-disabled,3.14.2,True,False,2.4.6,8131aca,voxel_grid,bins=5;bin_us=12500,1280,720,10000,16,clustered,kernel,median_call,40076787,39953414,101846477,5,50,250,246.458,332.792,493.208,500.791,0.47,clear_pass,,,pass,PASS,
cpython-3.14.2t-gil-disabled,3.14.2,True,False,2.4.6,8131aca,voxel_grid,bins=5;bin_us=12500,1280,720,10000,16,clustered,engine,sustained,20680785,20438827,22595637,5,320,1600,334.417,769.250,4303.583,5281.000,0.47,borderline,32379141,20,pass,PASS,
cpython-3.14.2t-gil-disabled,3.14.2,True,False,2.4.6,8131aca,voxel_grid,bins=5;bin_us=12500,1280,720,100000,0,uniform,kernel,median_call,58623090,54588252,68493151,5,20,100,1682.542,2060.000,2195.458,2203.792,4.68,clear_pass,,,pass,NOT MET,
cpython-3.14.2t-gil-disabled,3.14.2,True,False,2.4.6,8131aca,voxel_grid,bins=5;bin_us=12500,1280,720,100000,0,uniform,engine,sustained,17596385,16742034,17914231,5,20,100,5750.125,6271.833,6446.917,6709.292,17.64,clear_miss,,,miss,NOT MET,
cpython-3.14.2t-gil-disabled,3.14.2,True,False,2.4.6,8131aca,voxel_grid,bins=5;bin_us=12500,1280,720,100000,0,clustered,kernel,median_call,84636703,79458380,93567208,5,20,100,1187.667,1459.709,1532.667,1533.083,4.68,clear_pass,,,pass,NOT MET,
cpython-3.14.2t-gil-disabled,3.14.2,True,False,2.4.6,8131aca,voxel_grid,bins=5;bin_us=12500,1280,720,100000,0,clustered,engine,sustained,19239163,17284840,20206621,5,20,100,5309.500,5958.708,6633.459,6762.375,17.64,borderline,18608966,0,miss,NOT MET,
cpython-3.14.2t-gil-disabled,3.14.2,True,False,2.4.6,8131aca,voxel_grid,bins=5;bin_us=12500,1280,720,100000,16,uniform,kernel,median_call,58047435,57340830,68977410,5,20,100,1680.208,2060.125,2106.667,2266.375,4.68,clear_pass,,,pass,PASS,
cpython-3.14.2t-gil-disabled,3.14.2,True,False,2.4.6,8131aca,voxel_grid,bins=5;bin_us=12500,1280,720,100000,16,uniform,engine,sustained,34101250,32285423,36837022,5,40,200,1988.542,6358.500,6514.709,6790.625,4.68,clear_pass,,,pass,PASS,
cpython-3.14.2t-gil-disabled,3.14.2,True,False,2.4.6,8131aca,voxel_grid,bins=5;bin_us=12500,1280,720,100000,16,clustered,kernel,median_call,86827564,85183374,115022317,5,20,100,1121.792,1414.458,1440.875,1462.709,4.68,clear_pass,,,pass,PASS,
cpython-3.14.2t-gil-disabled,3.14.2,True,False,2.4.6,8131aca,voxel_grid,bins=5;bin_us=12500,1280,720,100000,16,clustered,engine,sustained,42359608,39899006,47867216,5,40,200,1512.000,5454.083,5793.875,6002.917,4.68,clear_pass,,,pass,PASS,
cpython-3.14.2t-gil-disabled,3.14.2,True,False,2.4.6,8131aca,voxel_grid,bins=5;bin_us=12500,1280,720,1000000,0,uniform,kernel,median_call,61727282,60590149,62032015,5,7,35,16300.666,16628.292,16665.542,16665.542,46.73,clear_pass,,,pass,PASS,
cpython-3.14.2t-gil-disabled,3.14.2,True,False,2.4.6,8131aca,voxel_grid,bins=5;bin_us=12500,1280,720,1000000,0,uniform,engine,sustained,47170089,45202094,47529969,5,7,35,21362.083,22094.417,23335.708,23335.708,46.73,clear_pass,,,pass,PASS,
cpython-3.14.2t-gil-disabled,3.14.2,True,False,2.4.6,8131aca,voxel_grid,bins=5;bin_us=12500,1280,720,1000000,0,clustered,kernel,median_call,81024966,80148005,81464464,5,7,35,12411.250,12790.125,13220.417,13220.417,46.73,clear_pass,,,pass,PASS,
cpython-3.14.2t-gil-disabled,3.14.2,True,False,2.4.6,8131aca,voxel_grid,bins=5;bin_us=12500,1280,720,1000000,0,clustered,engine,sustained,54737141,53505025,55443423,5,7,35,18109.250,19404.125,19925.542,19925.542,46.73,clear_pass,,,pass,PASS,
cpython-3.14.2t-gil-disabled,3.14.2,True,False,2.4.6,8131aca,voxel_grid,bins=5;bin_us=12500,1280,720,1000000,16,uniform,kernel,median_call,61675571,60827095,62344785,5,7,35,16229.042,17144.333,17147.334,17147.334,46.73,clear_pass,,,pass,PASS,
cpython-3.14.2t-gil-disabled,3.14.2,True,False,2.4.6,8131aca,voxel_grid,bins=5;bin_us=12500,1280,720,1000000,16,uniform,engine,sustained,47310086,45612001,47530296,5,10,50,21101.625,21990.209,23498.084,23498.084,46.73,clear_pass,,,pass,PASS,
cpython-3.14.2t-gil-disabled,3.14.2,True,False,2.4.6,8131aca,voxel_grid,bins=5;bin_us=12500,1280,720,1000000,16,clustered,kernel,median_call,80183080,79821736,81853155,5,7,35,12454.584,13190.458,13402.250,13402.250,46.73,clear_pass,,,pass,PASS,
cpython-3.14.2t-gil-disabled,3.14.2,True,False,2.4.6,8131aca,voxel_grid,bins=5;bin_us=12500,1280,720,1000000,16,clustered,engine,sustained,54995002,53732519,56184668,5,10,50,17932.208,19765.708,20557.750,20557.750,46.73,clear_pass,,,pass,PASS,
cpython-3.14.2t-gil-disabled,3.14.2,True,False,2.4.6,8131aca,voxel_grid,bins=15;bin_us=3571,346,260,10000,16,uniform,kernel,median_call,39231764,33829042,122511485,5,50,250,257.500,321.542,389.334,593.792,0.47,clear_pass,,,pass,PASS,
cpython-3.14.2t-gil-disabled,3.14.2,True,False,2.4.6,8131aca,voxel_grid,bins=15;bin_us=3571,346,260,10000,16,uniform,engine,sustained,41714621,34724719,62106419,5,320,1600,129.000,391.916,1416.500,1782.667,0.47,clear_pass,,,pass,PASS,
cpython-3.14.2t-gil-disabled,3.14.2,True,False,2.4.6,8131aca,voxel_grid,bins=15;bin_us=3571,346,260,10000,16,clustered,kernel,median_call,40983523,34234382,107889413,5,50,250,243.834,315.583,369.250,455.875,0.47,clear_pass,,,pass,PASS,
cpython-3.14.2t-gil-disabled,3.14.2,True,False,2.4.6,8131aca,voxel_grid,bins=15;bin_us=3571,346,260,10000,16,clustered,engine,sustained,43665373,38326066,70157687,5,320,1600,106.459,354.083,1470.000,1968.584,0.47,clear_pass,,,pass,PASS,
cpython-3.14.2t-gil-disabled,3.14.2,True,False,2.4.6,8131aca,voxel_grid,bins=15;bin_us=3571,346,260,100000,0,uniform,kernel,median_call,83386909,74474027,113749467,5,20,100,1167.542,1375.750,1416.875,1418.917,4.68,clear_pass,,,pass,PASS,
cpython-3.14.2t-gil-disabled,3.14.2,True,False,2.4.6,8131aca,voxel_grid,bins=15;bin_us=3571,346,260,100000,0,uniform,engine,sustained,39468102,36928529,44492355,5,20,100,2393.459,3041.000,3337.917,3369.291,5.21,clear_pass,,,pass,PASS,
cpython-3.14.2t-gil-disabled,3.14.2,True,False,2.4.6,8131aca,voxel_grid,bins=15;bin_us=3571,346,260,100000,0,clustered,kernel,median_call,101073910,83284196,103283539,5,20,100,997.917,1224.375,1250.167,1278.750,4.68,clear_pass,,,pass,PASS,
cpython-3.14.2t-gil-disabled,3.14.2,True,False,2.4.6,8131aca,voxel_grid,bins=15;bin_us=3571,346,260,100000,0,clustered,engine,sustained,41845020,40597839,48572426,5,20,100,2189.666,2780.875,2850.459,2854.833,5.21,clear_pass,,,pass,PASS,
cpython-3.14.2t-gil-disabled,3.14.2,True,False,2.4.6,8131aca,voxel_grid,bins=15;bin_us=3571,346,260,100000,16,uniform,kernel,median_call,88201233,80789018,93397977,5,20,100,1135.459,1298.834,1342.584,1351.791,4.68,clear_pass,,,pass,PASS,
cpython-3.14.2t-gil-disabled,3.14.2,True,False,2.4.6,8131aca,voxel_grid,bins=15;bin_us=3571,346,260,100000,16,uniform,engine,sustained,74496448,60890909,79076189,5,40,200,1149.750,2447.958,2691.250,2724.959,4.68,clear_pass,,,pass,PASS,
cpython-3.14.2t-gil-disabled,3.14.2,True,False,2.4.6,8131aca,voxel_grid,bins=15;bin_us=3571,346,260,100000,16,clustered,kernel,median_call,99212550,83229331,104475031,5,20,100,1009.208,1239.458,1292.125,1297.209,4.68,clear_pass,,,pass,PASS,
cpython-3.14.2t-gil-disabled,3.14.2,True,False,2.4.6,8131aca,voxel_grid,bins=15;bin_us=3571,346,260,100000,16,clustered,engine,sustained,73463405,69412061,74180427,5,40,200,1113.459,2382.667,2465.500,2572.000,4.68,clear_pass,,,pass,PASS,
cpython-3.14.2t-gil-disabled,3.14.2,True,False,2.4.6,8131aca,voxel_grid,bins=15;bin_us=3571,346,260,1000000,0,uniform,kernel,median_call,80088899,77285725,80186835,5,7,35,12657.459,13424.250,13606.917,13606.917,46.73,clear_pass,,,pass,PASS,
cpython-3.14.2t-gil-disabled,3.14.2,True,False,2.4.6,8131aca,voxel_grid,bins=15;bin_us=3571,346,260,1000000,0,uniform,engine,sustained,65433581,64778327,66818707,5,7,35,15273.125,15836.458,15994.125,15994.125,46.73,clear_pass,,,pass,PASS,
cpython-3.14.2t-gil-disabled,3.14.2,True,False,2.4.6,8131aca,voxel_grid,bins=15;bin_us=3571,346,260,1000000,0,clustered,kernel,median_call,90235402,85823399,91589417,5,7,35,11136.292,12046.375,12302.125,12302.125,46.73,clear_pass,,,pass,PASS,
cpython-3.14.2t-gil-disabled,3.14.2,True,False,2.4.6,8131aca,voxel_grid,bins=15;bin_us=3571,346,260,1000000,0,clustered,engine,sustained,74863675,72659552,76200497,5,7,35,13398.167,13912.458,14250.083,14250.083,46.73,clear_pass,,,pass,PASS,
cpython-3.14.2t-gil-disabled,3.14.2,True,False,2.4.6,8131aca,voxel_grid,bins=15;bin_us=3571,346,260,1000000,16,uniform,kernel,median_call,78963731,77409369,79487048,5,7,35,12672.042,13969.416,14049.667,14049.667,46.73,clear_pass,,,pass,PASS,
cpython-3.14.2t-gil-disabled,3.14.2,True,False,2.4.6,8131aca,voxel_grid,bins=15;bin_us=3571,346,260,1000000,16,uniform,engine,sustained,67394283,65856866,67929591,5,10,50,14801.708,15566.084,17105.667,17105.667,46.73,clear_pass,,,pass,PASS,
cpython-3.14.2t-gil-disabled,3.14.2,True,False,2.4.6,8131aca,voxel_grid,bins=15;bin_us=3571,346,260,1000000,16,clustered,kernel,median_call,90303989,87252102,91941341,5,7,35,11101.208,11764.167,11899.750,11899.750,46.73,clear_pass,,,pass,PASS,
cpython-3.14.2t-gil-disabled,3.14.2,True,False,2.4.6,8131aca,voxel_grid,bins=15;bin_us=3571,346,260,1000000,16,clustered,engine,sustained,75268780,73890375,76403242,5,10,50,13237.292,13836.375,14115.209,14115.209,46.73,clear_pass,,,pass,PASS,
cpython-3.14.2t-gil-disabled,3.14.2,True,False,2.4.6,8131aca,voxel_grid,bins=15;bin_us=3571,640,480,10000,16,uniform,kernel,median_call,34487634,29469577,37644083,5,50,250,305.375,415.084,441.917,508.375,0.47,clear_pass,,,pass,PASS,
cpython-3.14.2t-gil-disabled,3.14.2,True,False,2.4.6,8131aca,voxel_grid,bins=15;bin_us=3571,640,480,10000,16,uniform,engine,sustained,23400273,19293733,36465473,5,320,1600,284.041,605.334,4568.958,4977.917,0.47,clear_pass,,,pass,PASS,
cpython-3.14.2t-gil-disabled,3.14.2,True,False,2.4.6,8131aca,voxel_grid,bins=15;bin_us=3571,640,480,10000,16,clustered,kernel,median_call,39877099,33444816,107023984,5,50,250,250.000,352.334,387.750,431.625,0.47,clear_pass,,,pass,PASS,
cpython-3.14.2t-gil-disabled,3.14.2,True,False,2.4.6,8131aca,voxel_grid,bins=15;bin_us=3571,640,480,10000,16,clustered,engine,sustained,23588513,19197821,40750021,5,320,1600,276.708,460.500,4423.833,5348.334,0.47,clear_pass,,,pass,PASS,
cpython-3.14.2t-gil-disabled,3.14.2,True,False,2.4.6,8131aca,voxel_grid,bins=15;bin_us=3571,640,480,100000,0,uniform,kernel,median_call,60673482,57366867,64805307,5,20,100,1620.584,1789.791,1865.167,1898.459,4.68,clear_pass,,,pass,NOT MET,
cpython-3.14.2t-gil-disabled,3.14.2,True,False,2.4.6,8131aca,voxel_grid,bins=15;bin_us=3571,640,480,100000,0,uniform,engine,sustained,15799764,15530633,16510016,5,20,100,6246.167,6601.250,7196.542,7204.792,17.64,clear_miss,,,miss,NOT MET,
cpython-3.14.2t-gil-disabled,3.14.2,True,False,2.4.6,8131aca,voxel_grid,bins=15;bin_us=3571,640,480,100000,0,clustered,kernel,median_call,80402042,76725126,93323541,5,20,100,1225.875,1387.875,1436.417,1463.167,4.68,clear_pass,,,pass,NOT MET,
cpython-3.14.2t-gil-disabled,3.14.2,True,False,2.4.6,8131aca,voxel_grid,bins=15;bin_us=3571,640,480,100000,0,clustered,engine,sustained,17254419,16948159,19403888,5,20,100,5690.833,5980.500,6662.333,6797.750,17.64,clear_miss,,,miss,NOT MET,
cpython-3.14.2t-gil-disabled,3.14.2,True,False,2.4.6,8131aca,voxel_grid,bins=15;bin_us=3571,640,480,100000,16,uniform,kernel,median_call,60860420,57404606,66045661,5,20,100,1606.958,1823.084,1870.584,1917.625,4.68,clear_pass,,,pass,PASS,
cpython-3.14.2t-gil-disabled,3.14.2,True,False,2.4.6,8131aca,voxel_grid,bins=15;bin_us=3571,640,480,100000,16,uniform,engine,sustained,35963663,33724218,39291059,5,40,200,1753.459,6009.875,6527.000,6577.375,4.68,clear_pass,,,pass,PASS,
cpython-3.14.2t-gil-disabled,3.14.2,True,False,2.4.6,8131aca,voxel_grid,bins=15;bin_us=3571,640,480,100000,16,clustered,kernel,median_call,87674423,77285964,93885694,5,20,100,1147.208,1354.375,1397.333,1435.125,4.68,clear_pass,,,pass,PASS,
cpython-3.14.2t-gil-disabled,3.14.2,True,False,2.4.6,8131aca,voxel_grid,bins=15;bin_us=3571,640,480,100000,16,clustered,engine,sustained,39839050,37951879,43583212,5,40,200,1517.125,5602.000,6146.250,6306.916,4.68,clear_pass,,,pass,PASS,
cpython-3.14.2t-gil-disabled,3.14.2,True,False,2.4.6,8131aca,voxel_grid,bins=15;bin_us=3571,640,480,1000000,0,uniform,kernel,median_call,64112156,62970643,64851545,5,7,35,15593.292,15994.417,16303.000,16303.000,46.73,clear_pass,,,pass,PASS,
cpython-3.14.2t-gil-disabled,3.14.2,True,False,2.4.6,8131aca,voxel_grid,bins=15;bin_us=3571,640,480,1000000,0,uniform,engine,sustained,47867121,46302536,48538683,5,7,35,20895.542,21805.292,22702.375,22702.375,46.73,clear_pass,,,pass,PASS,
cpython-3.14.2t-gil-disabled,3.14.2,True,False,2.4.6,8131aca,voxel_grid,bins=15;bin_us=3571,640,480,1000000,0,clustered,kernel,median_call,81196294,79622063,82370912,5,7,35,12364.791,12894.333,13297.875,13297.875,46.73,clear_pass,,,pass,PASS,
cpython-3.14.2t-gil-disabled,3.14.2,True,False,2.4.6,8131aca,voxel_grid,bins=15;bin_us=3571,640,480,1000000,0,clustered,engine,sustained,55138281,54849549,55558494,5,7,35,17963.125,19346.333,20492.791,20492.791,46.73,clear_pass,,,pass,PASS,
cpython-3.14.2t-gil-disabled,3.14.2,True,False,2.4.6,8131aca,voxel_grid,bins=15;bin_us=3571,640,480,1000000,16,uniform,kernel,median_call,63479803,61061244,64053805,5,7,35,15754.000,16413.583,16441.000,16441.000,46.73,clear_pass,,,pass,PASS,
cpython-3.14.2t-gil-disabled,3.14.2,True,False,2.4.6,8131aca,voxel_grid,bins=15;bin_us=3571,640,480,1000000,16,uniform,engine,sustained,48081103,46199157,48514712,5,10,50,20909.708,22117.958,23621.125,23621.125,46.73,clear_pass,,,pass,PASS,
cpython-3.14.2t-gil-disabled,3.14.2,True,False,2.4.6,8131aca,voxel_grid,bins=15;bin_us=3571,640,480,1000000,16,clustered,kernel,median_call,80827943,80366742,81146878,5,7,35,12389.750,13231.209,13237.500,13237.500,46.73,clear_pass,,,pass,PASS,
cpython-3.14.2t-gil-disabled,3.14.2,True,False,2.4.6,8131aca,voxel_grid,bins=15;bin_us=3571,640,480,1000000,16,clustered,engine,sustained,54942602,54259286,55772086,5,10,50,18040.750,19316.292,19746.958,19746.958,46.73,clear_pass,,,pass,PASS,
cpython-3.14.2t-gil-disabled,3.14.2,True,False,2.4.6,8131aca,voxel_grid,bins=15;bin_us=3571,1280,720,10000,16,uniform,kernel,median_call,29298706,27876157,32051231,5,50,250,339.708,1169.666,1220.667,1301.625,0.47,clear_pass,,,pass,NOT MET,
cpython-3.14.2t-gil-disabled,3.14.2,True,False,2.4.6,8131aca,voxel_grid,bins=15;bin_us=3571,1280,720,10000,16,uniform,engine,sustained,13145330,12174078,15661502,5,320,1600,313.125,979.209,13476.875,16173.750,0.47,clear_miss,,,miss,NOT MET,
cpython-3.14.2t-gil-disabled,3.14.2,True,False,2.4.6,8131aca,voxel_grid,bins=15;bin_us=3571,1280,720,10000,16,clustered,kernel,median_call,35685100,33048729,94862260,5,50,250,287.083,1069.750,1094.708,1114.333,0.47,clear_pass,,,pass,NOT MET,
cpython-3.14.2t-gil-disabled,3.14.2,True,False,2.4.6,8131aca,voxel_grid,bins=15;bin_us=3571,1280,720,10000,16,clustered,engine,sustained,15278606,12088752,18718266,5,320,1600,324.875,894.583,12716.292,15117.792,0.47,clear_miss,,,miss,NOT MET,
cpython-3.14.2t-gil-disabled,3.14.2,True,False,2.4.6,8131aca,voxel_grid,bins=15;bin_us=3571,1280,720,100000,0,uniform,kernel,median_call,42295227,40795854,44408671,5,20,100,2343.833,3383.334,3524.542,3580.875,4.68,clear_pass,,,pass,NOT MET,
cpython-3.14.2t-gil-disabled,3.14.2,True,False,2.4.6,8131aca,voxel_grid,bins=15;bin_us=3571,1280,720,100000,0,uniform,engine,sustained,6593382,6439232,6684116,5,20,100,15144.500,16508.750,17514.209,17619.083,52.80,clear_miss,,,miss,NOT MET,
cpython-3.14.2t-gil-disabled,3.14.2,True,False,2.4.6,8131aca,voxel_grid,bins=15;bin_us=3571,1280,720,100000,0,clustered,kernel,median_call,61471486,52320643,63971852,5,20,100,1683.209,2727.833,2831.292,2869.041,4.68,clear_pass,,,pass,NOT MET,
cpython-3.14.2t-gil-disabled,3.14.2,True,False,2.4.6,8131aca,voxel_grid,bins=15;bin_us=3571,1280,720,100000,0,clustered,engine,sustained,6952688,6885408,7042482,5,20,100,14196.166,15049.083,17077.000,17210.458,52.80,clear_miss,,,miss,NOT MET,
cpython-3.14.2t-gil-disabled,3.14.2,True,False,2.4.6,8131aca,voxel_grid,bins=15;bin_us=3571,1280,720,100000,16,uniform,kernel,median_call,41343669,40098578,44587700,5,20,100,2360.458,3413.125,3595.834,3597.500,4.68,clear_pass,,,pass,NOT MET,
cpython-3.14.2t-gil-disabled,3.14.2,True,False,2.4.6,8131aca,voxel_grid,bins=15;bin_us=3571,1280,720,100000,16,uniform,engine,sustained,17559957,17401600,19380123,5,40,200,2475.166,15373.542,17683.667,18488.083,4.68,clear_miss,,,miss,NOT MET,
cpython-3.14.2t-gil-disabled,3.14.2,True,False,2.4.6,8131aca,voxel_grid,bins=15;bin_us=3571,1280,720,100000,16,clustered,kernel,median_call,61312849,57015257,73203066,5,20,100,1643.500,2693.542,2756.791,2778.041,4.68,clear_pass,,,pass,PASS,
cpython-3.14.2t-gil-disabled,3.14.2,True,False,2.4.6,8131aca,voxel_grid,bins=15;bin_us=3571,1280,720,100000,16,clustered,engine,sustained,20460929,19576060,21757582,5,40,200,1899.042,14285.291,16498.625,16824.000,4.68,borderline,20896762,19,pass,PASS,
cpython-3.14.2t-gil-disabled,3.14.2,True,False,2.4.6,8131aca,voxel_grid,bins=15;bin_us=3571,1280,720,1000000,0,uniform,kernel,median_call,47565631,47395611,48407884,5,7,35,20965.125,21917.042,22832.292,22832.292,46.73,clear_pass,,,pass,PASS,
cpython-3.14.2t-gil-disabled,3.14.2,True,False,2.4.6,8131aca,voxel_grid,bins=15;bin_us=3571,1280,720,1000000,0,uniform,engine,sustained,28220212,28055058,28644892,5,7,35,34952.666,38158.292,38695.083,38695.083,52.80,clear_pass,,,pass,PASS,
cpython-3.14.2t-gil-disabled,3.14.2,True,False,2.4.6,8131aca,voxel_grid,bins=15;bin_us=3571,1280,720,1000000,0,clustered,kernel,median_call,64500524,63423103,65875432,5,7,35,15502.541,20028.625,20206.500,20206.500,46.73,clear_pass,,,pass,PASS,
cpython-3.14.2t-gil-disabled,3.14.2,True,False,2.4.6,8131aca,voxel_grid,bins=15;bin_us=3571,1280,720,1000000,0,clustered,engine,sustained,33046062,32296171,33850357,5,7,35,29330.500,35941.000,37125.208,37125.208,52.80,clear_pass,,,pass,PASS,
cpython-3.14.2t-gil-disabled,3.14.2,True,False,2.4.6,8131aca,voxel_grid,bins=15;bin_us=3571,1280,720,1000000,16,uniform,kernel,median_call,47639655,46670000,47824390,5,7,35,21035.250,22206.834,24375.083,24375.083,46.73,clear_pass,,,pass,PASS,
cpython-3.14.2t-gil-disabled,3.14.2,True,False,2.4.6,8131aca,voxel_grid,bins=15;bin_us=3571,1280,720,1000000,16,uniform,engine,sustained,28025806,27916751,28277288,5,10,50,35309.375,37937.125,38515.333,38515.333,52.80,clear_pass,,,pass,PASS,
cpython-3.14.2t-gil-disabled,3.14.2,True,False,2.4.6,8131aca,voxel_grid,bins=15;bin_us=3571,1280,720,1000000,16,clustered,kernel,median_call,64421056,64297137,65155952,5,7,35,15410.417,21025.583,22290.500,22290.500,46.73,clear_pass,,,pass,PASS,
cpython-3.14.2t-gil-disabled,3.14.2,True,False,2.4.6,8131aca,voxel_grid,bins=15;bin_us=3571,1280,720,1000000,16,clustered,engine,sustained,33331014,32935242,33600645,5,10,50,29400.125,34890.666,36169.792,36169.792,52.80,clear_pass,,,pass,PASS,
